file_path,file_name,actor_id,gender,emotion_code,emotion,intensity,statement,repetition,split,label_id,feature_path
data/raw/ravdess/Actor_01/03-01-01-01-01-01-01.wav,03-01-01-01-01-01-01.wav,1,male,1,neutral,normal,1,1,train,0,data/processed/log_mel/03-01-01-01-01-01-01.npy
data/raw/ravdess/Actor_01/03-01-01-01-01-02-01.wav,03-01-01-01-01-02-01.wav,1,male,1,neutral,normal,1,2,train,0,data/processed/log_mel/03-01-01-01-01-02-01.npy
data/raw/ravdess/Actor_01/03-01-01-01-02-01-01.wav,03-01-01-01-02-01-01.wav,1,male,1,neutral,normal,2,1,train,0,data/processed/log_mel/03-01-01-01-02-01-01.npy
data/raw/ravdess/Actor_01/03-01-01-01-02-02-01.wav,03-01-01-01-02-02-01.wav,1,male,1,neutral,normal,2,2,train,0,data/processed/log_mel/03-01-01-01-02-02-01.npy
data/raw/ravdess/Actor_01/03-01-02-01-01-01-01.wav,03-01-02-01-01-01-01.wav,1,male,2,calm,normal,1,1,train,1,data/processed/log_mel/03-01-02-01-01-01-01.npy
data/raw/ravdess/Actor_01/03-01-02-01-01-02-01.wav,03-01-02-01-01-02-01.wav,1,male,2,calm,normal,1,2,train,1,data/processed/log_mel/03-01-02-01-01-02-01.npy
data/raw/ravdess/Actor_01/03-01-02-01-02-01-01.wav,03-01-02-01-02-01-01.wav,1,male,2,calm,normal,2,1,train,1,data/processed/log_mel/03-01-02-01-02-01-01.npy
data/raw/ravdess/Actor_01/03-01-02-01-02-02-01.wav,03-01-02-01-02-02-01.wav,1,male,2,calm,normal,2,2,train,1,data/processed/log_mel/03-01-02-01-02-02-01.npy
data/raw/ravdess/Actor_01/03-01-02-02-01-01-01.wav,03-01-02-02-01-01-01.wav,1,male,2,calm,strong,1,1,train,1,data/processed/log_mel/03-01-02-02-01-01-01.npy
data/raw/ravdess/Actor_01/03-01-02-02-01-02-01.wav,03-01-02-02-01-02-01.wav,1,male,2,calm,strong,1,2,train,1,data/processed/log_mel/03-01-02-02-01-02-01.npy
data/raw/ravdess/Actor_01/03-01-02-02-02-01-01.wav,03-01-02-02-02-01-01.wav,1,male,2,calm,strong,2,1,train,1,data/processed/log_mel/03-01-02-02-02-01-01.npy
data/raw/ravdess/Actor_01/03-01-02-02-02-02-01.wav,03-01-02-02-02-02-01.wav,1,male,2,calm,strong,2,2,train,1,data/processed/log_mel/03-01-02-02-02-02-01.npy
data/raw/ravdess/Actor_01/03-01-03-01-01-01-01.wav,03-01-03-01-01-01-01.wav,1,male,3,happy,normal,1,1,train,2,data/processed/log_mel/03-01-03-01-01-01-01.npy
data/raw/ravdess/Actor_01/03-01-03-01-01-02-01.wav,03-01-03-01-01-02-01.wav,1,male,3,happy,normal,1,2,train,2,data/processed/log_mel/03-01-03-01-01-02-01.npy
data/raw/ravdess/Actor_01/03-01-03-01-02-01-01.wav,03-01-03-01-02-01-01.wav,1,male,3,happy,normal,2,1,train,2,data/processed/log_mel/03-01-03-01-02-01-01.npy
data/raw/ravdess/Actor_01/03-01-03-01-02-02-01.wav,03-01-03-01-02-02-01.wav,1,male,3,happy,normal,2,2,train,2,data/processed/log_mel/03-01-03-01-02-02-01.npy
data/raw/ravdess/Actor_01/03-01-03-02-01-01-01.wav,03-01-03-02-01-01-01.wav,1,male,3,happy,strong,1,1,train,2,data/processed/log_mel/03-01-03-02-01-01-01.npy
data/raw/ravdess/Actor_01/03-01-03-02-01-02-01.wav,03-01-03-02-01-02-01.wav,1,male,3,happy,strong,1,2,train,2,data/processed/log_mel/03-01-03-02-01-02-01.npy
data/raw/ravdess/Actor_01/03-01-03-02-02-01-01.wav,03-01-03-02-02-01-01.wav,1,male,3,happy,strong,2,1,train,2,data/processed/log_mel/03-01-03-02-02-01-01.npy
data/raw/ravdess/Actor_01/03-01-03-02-02-02-01.wav,03-01-03-02-02-02-01.wav,1,male,3,happy,strong,2,2,train,2,data/processed/log_mel/03-01-03-02-02-02-01.npy
data/raw/ravdess/Actor_01/03-01-04-01-01-01-01.wav,03-01-04-01-01-01-01.wav,1,male,4,sad,normal,1,1,train,3,data/processed/log_mel/03-01-04-01-01-01-01.npy
data/raw/ravdess/Actor_01/03-01-04-01-01-02-01.wav,03-01-04-01-01-02-01.wav,1,male,4,sad,normal,1,2,train,3,data/processed/log_mel/03-01-04-01-01-02-01.npy
data/raw/ravdess/Actor_01/03-01-04-01-02-01-01.wav,03-01-04-01-02-01-01.wav,1,male,4,sad,normal,2,1,train,3,data/processed/log_mel/03-01-04-01-02-01-01.npy
data/raw/ravdess/Actor_01/03-01-04-01-02-02-01.wav,03-01-04-01-02-02-01.wav,1,male,4,sad,normal,2,2,train,3,data/processed/log_mel/03-01-04-01-02-02-01.npy
data/raw/ravdess/Actor_01/03-01-04-02-01-01-01.wav,03-01-04-02-01-01-01.wav,1,male,4,sad,strong,1,1,train,3,data/processed/log_mel/03-01-04-02-01-01-01.npy
data/raw/ravdess/Actor_01/03-01-04-02-01-02-01.wav,03-01-04-02-01-02-01.wav,1,male,4,sad,strong,1,2,train,3,data/processed/log_mel/03-01-04-02-01-02-01.npy
data/raw/ravdess/Actor_01/03-01-04-02-02-01-01.wav,03-01-04-02-02-01-01.wav,1,male,4,sad,strong,2,1,train,3,data/processed/log_mel/03-01-04-02-02-01-01.npy
data/raw/ravdess/Actor_01/03-01-04-02-02-02-01.wav,03-01-04-02-02-02-01.wav,1,male,4,sad,strong,2,2,train,3,data/processed/log_mel/03-01-04-02-02-02-01.npy
data/raw/ravdess/Actor_01/03-01-05-01-01-01-01.wav,03-01-05-01-01-01-01.wav,1,male,5,angry,normal,1,1,train,4,data/processed/log_mel/03-01-05-01-01-01-01.npy
data/raw/ravdess/Actor_01/03-01-05-01-01-02-01.wav,03-01-05-01-01-02-01.wav,1,male,5,angry,normal,1,2,train,4,data/processed/log_mel/03-01-05-01-01-02-01.npy
data/raw/ravdess/Actor_01/03-01-05-01-02-01-01.wav,03-01-05-01-02-01-01.wav,1,male,5,angry,normal,2,1,train,4,data/processed/log_mel/03-01-05-01-02-01-01.npy
data/raw/ravdess/Actor_01/03-01-05-01-02-02-01.wav,03-01-05-01-02-02-01.wav,1,male,5,angry,normal,2,2,train,4,data/processed/log_mel/03-01-05-01-02-02-01.npy
data/raw/ravdess/Actor_01/03-01-05-02-01-01-01.wav,03-01-05-02-01-01-01.wav,1,male,5,angry,strong,1,1,train,4,data/processed/log_mel/03-01-05-02-01-01-01.npy
data/raw/ravdess/Actor_01/03-01-05-02-01-02-01.wav,03-01-05-02-01-02-01.wav,1,male,5,angry,strong,1,2,train,4,data/processed/log_mel/03-01-05-02-01-02-01.npy
data/raw/ravdess/Actor_01/03-01-05-02-02-01-01.wav,03-01-05-02-02-01-01.wav,1,male,5,angry,strong,2,1,train,4,data/processed/log_mel/03-01-05-02-02-01-01.npy
data/raw/ravdess/Actor_01/03-01-05-02-02-02-01.wav,03-01-05-02-02-02-01.wav,1,male,5,angry,strong,2,2,train,4,data/processed/log_mel/03-01-05-02-02-02-01.npy
data/raw/ravdess/Actor_01/03-01-06-01-01-01-01.wav,03-01-06-01-01-01-01.wav,1,male,6,fearful,normal,1,1,train,5,data/processed/log_mel/03-01-06-01-01-01-01.npy
data/raw/ravdess/Actor_01/03-01-06-01-01-02-01.wav,03-01-06-01-01-02-01.wav,1,male,6,fearful,normal,1,2,train,5,data/processed/log_mel/03-01-06-01-01-02-01.npy
data/raw/ravdess/Actor_01/03-01-06-01-02-01-01.wav,03-01-06-01-02-01-01.wav,1,male,6,fearful,normal,2,1,train,5,data/processed/log_mel/03-01-06-01-02-01-01.npy
data/raw/ravdess/Actor_01/03-01-06-01-02-02-01.wav,03-01-06-01-02-02-01.wav,1,male,6,fearful,normal,2,2,train,5,data/processed/log_mel/03-01-06-01-02-02-01.npy
data/raw/ravdess/Actor_01/03-01-06-02-01-01-01.wav,03-01-06-02-01-01-01.wav,1,male,6,fearful,strong,1,1,train,5,data/processed/log_mel/03-01-06-02-01-01-01.npy
data/raw/ravdess/Actor_01/03-01-06-02-01-02-01.wav,03-01-06-02-01-02-01.wav,1,male,6,fearful,strong,1,2,train,5,data/processed/log_mel/03-01-06-02-01-02-01.npy
data/raw/ravdess/Actor_01/03-01-06-02-02-01-01.wav,03-01-06-02-02-01-01.wav,1,male,6,fearful,strong,2,1,train,5,data/processed/log_mel/03-01-06-02-02-01-01.npy
data/raw/ravdess/Actor_01/03-01-06-02-02-02-01.wav,03-01-06-02-02-02-01.wav,1,male,6,fearful,strong,2,2,train,5,data/processed/log_mel/03-01-06-02-02-02-01.npy
data/raw/ravdess/Actor_01/03-01-07-01-01-01-01.wav,03-01-07-01-01-01-01.wav,1,male,7,disgust,normal,1,1,train,6,data/processed/log_mel/03-01-07-01-01-01-01.npy
data/raw/ravdess/Actor_01/03-01-07-01-01-02-01.wav,03-01-07-01-01-02-01.wav,1,male,7,disgust,normal,1,2,train,6,data/processed/log_mel/03-01-07-01-01-02-01.npy
data/raw/ravdess/Actor_01/03-01-07-01-02-01-01.wav,03-01-07-01-02-01-01.wav,1,male,7,disgust,normal,2,1,train,6,data/processed/log_mel/03-01-07-01-02-01-01.npy
data/raw/ravdess/Actor_01/03-01-07-01-02-02-01.wav,03-01-07-01-02-02-01.wav,1,male,7,disgust,normal,2,2,train,6,data/processed/log_mel/03-01-07-01-02-02-01.npy
data/raw/ravdess/Actor_01/03-01-07-02-01-01-01.wav,03-01-07-02-01-01-01.wav,1,male,7,disgust,strong,1,1,train,6,data/processed/log_mel/03-01-07-02-01-01-01.npy
data/raw/ravdess/Actor_01/03-01-07-02-01-02-01.wav,03-01-07-02-01-02-01.wav,1,male,7,disgust,strong,1,2,train,6,data/processed/log_mel/03-01-07-02-01-02-01.npy
data/raw/ravdess/Actor_01/03-01-07-02-02-01-01.wav,03-01-07-02-02-01-01.wav,1,male,7,disgust,strong,2,1,train,6,data/processed/log_mel/03-01-07-02-02-01-01.npy
data/raw/ravdess/Actor_01/03-01-07-02-02-02-01.wav,03-01-07-02-02-02-01.wav,1,male,7,disgust,strong,2,2,train,6,data/processed/log_mel/03-01-07-02-02-02-01.npy
data/raw/ravdess/Actor_01/03-01-08-01-01-01-01.wav,03-01-08-01-01-01-01.wav,1,male,8,surprised,normal,1,1,train,7,data/processed/log_mel/03-01-08-01-01-01-01.npy
data/raw/ravdess/Actor_01/03-01-08-01-01-02-01.wav,03-01-08-01-01-02-01.wav,1,male,8,surprised,normal,1,2,train,7,data/processed/log_mel/03-01-08-01-01-02-01.npy
data/raw/ravdess/Actor_01/03-01-08-01-02-01-01.wav,03-01-08-01-02-01-01.wav,1,male,8,surprised,normal,2,1,train,7,data/processed/log_mel/03-01-08-01-02-01-01.npy
data/raw/ravdess/Actor_01/03-01-08-01-02-02-01.wav,03-01-08-01-02-02-01.wav,1,male,8,surprised,normal,2,2,train,7,data/processed/log_mel/03-01-08-01-02-02-01.npy
data/raw/ravdess/Actor_01/03-01-08-02-01-01-01.wav,03-01-08-02-01-01-01.wav,1,male,8,surprised,strong,1,1,train,7,data/processed/log_mel/03-01-08-02-01-01-01.npy
data/raw/ravdess/Actor_01/03-01-08-02-01-02-01.wav,03-01-08-02-01-02-01.wav,1,male,8,surprised,strong,1,2,train,7,data/processed/log_mel/03-01-08-02-01-02-01.npy
data/raw/ravdess/Actor_01/03-01-08-02-02-01-01.wav,03-01-08-02-02-01-01.wav,1,male,8,surprised,strong,2,1,train,7,data/processed/log_mel/03-01-08-02-02-01-01.npy
data/raw/ravdess/Actor_01/03-01-08-02-02-02-01.wav,03-01-08-02-02-02-01.wav,1,male,8,surprised,strong,2,2,train,7,data/processed/log_mel/03-01-08-02-02-02-01.npy
data/raw/ravdess/Actor_02/03-01-01-01-01-01-02.wav,03-01-01-01-01-01-02.wav,2,female,1,neutral,normal,1,1,train,0,data/processed/log_mel/03-01-01-01-01-01-02.npy
data/raw/ravdess/Actor_02/03-01-01-01-01-02-02.wav,03-01-01-01-01-02-02.wav,2,female,1,neutral,normal,1,2,train,0,data/processed/log_mel/03-01-01-01-01-02-02.npy
data/raw/ravdess/Actor_02/03-01-01-01-02-01-02.wav,03-01-01-01-02-01-02.wav,2,female,1,neutral,normal,2,1,train,0,data/processed/log_mel/03-01-01-01-02-01-02.npy
data/raw/ravdess/Actor_02/03-01-01-01-02-02-02.wav,03-01-01-01-02-02-02.wav,2,female,1,neutral,normal,2,2,train,0,data/processed/log_mel/03-01-01-01-02-02-02.npy
data/raw/ravdess/Actor_02/03-01-02-01-01-01-02.wav,03-01-02-01-01-01-02.wav,2,female,2,calm,normal,1,1,train,1,data/processed/log_mel/03-01-02-01-01-01-02.npy
data/raw/ravdess/Actor_02/03-01-02-01-01-02-02.wav,03-01-02-01-01-02-02.wav,2,female,2,calm,normal,1,2,train,1,data/processed/log_mel/03-01-02-01-01-02-02.npy
data/raw/ravdess/Actor_02/03-01-02-01-02-01-02.wav,03-01-02-01-02-01-02.wav,2,female,2,calm,normal,2,1,train,1,data/processed/log_mel/03-01-02-01-02-01-02.npy
data/raw/ravdess/Actor_02/03-01-02-01-02-02-02.wav,03-01-02-01-02-02-02.wav,2,female,2,calm,normal,2,2,train,1,data/processed/log_mel/03-01-02-01-02-02-02.npy
data/raw/ravdess/Actor_02/03-01-02-02-01-01-02.wav,03-01-02-02-01-01-02.wav,2,female,2,calm,strong,1,1,train,1,data/processed/log_mel/03-01-02-02-01-01-02.npy
data/raw/ravdess/Actor_02/03-01-02-02-01-02-02.wav,03-01-02-02-01-02-02.wav,2,female,2,calm,strong,1,2,train,1,data/processed/log_mel/03-01-02-02-01-02-02.npy
data/raw/ravdess/Actor_02/03-01-02-02-02-01-02.wav,03-01-02-02-02-01-02.wav,2,female,2,calm,strong,2,1,train,1,data/processed/log_mel/03-01-02-02-02-01-02.npy
data/raw/ravdess/Actor_02/03-01-02-02-02-02-02.wav,03-01-02-02-02-02-02.wav,2,female,2,calm,strong,2,2,train,1,data/processed/log_mel/03-01-02-02-02-02-02.npy
data/raw/ravdess/Actor_02/03-01-03-01-01-01-02.wav,03-01-03-01-01-01-02.wav,2,female,3,happy,normal,1,1,train,2,data/processed/log_mel/03-01-03-01-01-01-02.npy
data/raw/ravdess/Actor_02/03-01-03-01-01-02-02.wav,03-01-03-01-01-02-02.wav,2,female,3,happy,normal,1,2,train,2,data/processed/log_mel/03-01-03-01-01-02-02.npy
data/raw/ravdess/Actor_02/03-01-03-01-02-01-02.wav,03-01-03-01-02-01-02.wav,2,female,3,happy,normal,2,1,train,2,data/processed/log_mel/03-01-03-01-02-01-02.npy
data/raw/ravdess/Actor_02/03-01-03-01-02-02-02.wav,03-01-03-01-02-02-02.wav,2,female,3,happy,normal,2,2,train,2,data/processed/log_mel/03-01-03-01-02-02-02.npy
data/raw/ravdess/Actor_02/03-01-03-02-01-01-02.wav,03-01-03-02-01-01-02.wav,2,female,3,happy,strong,1,1,train,2,data/processed/log_mel/03-01-03-02-01-01-02.npy
data/raw/ravdess/Actor_02/03-01-03-02-01-02-02.wav,03-01-03-02-01-02-02.wav,2,female,3,happy,strong,1,2,train,2,data/processed/log_mel/03-01-03-02-01-02-02.npy
data/raw/ravdess/Actor_02/03-01-03-02-02-01-02.wav,03-01-03-02-02-01-02.wav,2,female,3,happy,strong,2,1,train,2,data/processed/log_mel/03-01-03-02-02-01-02.npy
data/raw/ravdess/Actor_02/03-01-03-02-02-02-02.wav,03-01-03-02-02-02-02.wav,2,female,3,happy,strong,2,2,train,2,data/processed/log_mel/03-01-03-02-02-02-02.npy
data/raw/ravdess/Actor_02/03-01-04-01-01-01-02.wav,03-01-04-01-01-01-02.wav,2,female,4,sad,normal,1,1,train,3,data/processed/log_mel/03-01-04-01-01-01-02.npy
data/raw/ravdess/Actor_02/03-01-04-01-01-02-02.wav,03-01-04-01-01-02-02.wav,2,female,4,sad,normal,1,2,train,3,data/processed/log_mel/03-01-04-01-01-02-02.npy
data/raw/ravdess/Actor_02/03-01-04-01-02-01-02.wav,03-01-04-01-02-01-02.wav,2,female,4,sad,normal,2,1,train,3,data/processed/log_mel/03-01-04-01-02-01-02.npy
data/raw/ravdess/Actor_02/03-01-04-01-02-02-02.wav,03-01-04-01-02-02-02.wav,2,female,4,sad,normal,2,2,train,3,data/processed/log_mel/03-01-04-01-02-02-02.npy
data/raw/ravdess/Actor_02/03-01-04-02-01-01-02.wav,03-01-04-02-01-01-02.wav,2,female,4,sad,strong,1,1,train,3,data/processed/log_mel/03-01-04-02-01-01-02.npy
data/raw/ravdess/Actor_02/03-01-04-02-01-02-02.wav,03-01-04-02-01-02-02.wav,2,female,4,sad,strong,1,2,train,3,data/processed/log_mel/03-01-04-02-01-02-02.npy
data/raw/ravdess/Actor_02/03-01-04-02-02-01-02.wav,03-01-04-02-02-01-02.wav,2,female,4,sad,strong,2,1,train,3,data/processed/log_mel/03-01-04-02-02-01-02.npy
data/raw/ravdess/Actor_02/03-01-04-02-02-02-02.wav,03-01-04-02-02-02-02.wav,2,female,4,sad,strong,2,2,train,3,data/processed/log_mel/03-01-04-02-02-02-02.npy
data/raw/ravdess/Actor_02/03-01-05-01-01-01-02.wav,03-01-05-01-01-01-02.wav,2,female,5,angry,normal,1,1,train,4,data/processed/log_mel/03-01-05-01-01-01-02.npy
data/raw/ravdess/Actor_02/03-01-05-01-01-02-02.wav,03-01-05-01-01-02-02.wav,2,female,5,angry,normal,1,2,train,4,data/processed/log_mel/03-01-05-01-01-02-02.npy
data/raw/ravdess/Actor_02/03-01-05-01-02-01-02.wav,03-01-05-01-02-01-02.wav,2,female,5,angry,normal,2,1,train,4,data/processed/log_mel/03-01-05-01-02-01-02.npy
data/raw/ravdess/Actor_02/03-01-05-01-02-02-02.wav,03-01-05-01-02-02-02.wav,2,female,5,angry,normal,2,2,train,4,data/processed/log_mel/03-01-05-01-02-02-02.npy
data/raw/ravdess/Actor_02/03-01-05-02-01-01-02.wav,03-01-05-02-01-01-02.wav,2,female,5,angry,strong,1,1,train,4,data/processed/log_mel/03-01-05-02-01-01-02.npy
data/raw/ravdess/Actor_02/03-01-05-02-01-02-02.wav,03-01-05-02-01-02-02.wav,2,female,5,angry,strong,1,2,train,4,data/processed/log_mel/03-01-05-02-01-02-02.npy
data/raw/ravdess/Actor_02/03-01-05-02-02-01-02.wav,03-01-05-02-02-01-02.wav,2,female,5,angry,strong,2,1,train,4,data/processed/log_mel/03-01-05-02-02-01-02.npy
data/raw/ravdess/Actor_02/03-01-05-02-02-02-02.wav,03-01-05-02-02-02-02.wav,2,female,5,angry,strong,2,2,train,4,data/processed/log_mel/03-01-05-02-02-02-02.npy
data/raw/ravdess/Actor_02/03-01-06-01-01-01-02.wav,03-01-06-01-01-01-02.wav,2,female,6,fearful,normal,1,1,train,5,data/processed/log_mel/03-01-06-01-01-01-02.npy
data/raw/ravdess/Actor_02/03-01-06-01-01-02-02.wav,03-01-06-01-01-02-02.wav,2,female,6,fearful,normal,1,2,train,5,data/processed/log_mel/03-01-06-01-01-02-02.npy
data/raw/ravdess/Actor_02/03-01-06-01-02-01-02.wav,03-01-06-01-02-01-02.wav,2,female,6,fearful,normal,2,1,train,5,data/processed/log_mel/03-01-06-01-02-01-02.npy
data/raw/ravdess/Actor_02/03-01-06-01-02-02-02.wav,03-01-06-01-02-02-02.wav,2,female,6,fearful,normal,2,2,train,5,data/processed/log_mel/03-01-06-01-02-02-02.npy
data/raw/ravdess/Actor_02/03-01-06-02-01-01-02.wav,03-01-06-02-01-01-02.wav,2,female,6,fearful,strong,1,1,train,5,data/processed/log_mel/03-01-06-02-01-01-02.npy
data/raw/ravdess/Actor_02/03-01-06-02-01-02-02.wav,03-01-06-02-01-02-02.wav,2,female,6,fearful,strong,1,2,train,5,data/processed/log_mel/03-01-06-02-01-02-02.npy
data/raw/ravdess/Actor_02/03-01-06-02-02-01-02.wav,03-01-06-02-02-01-02.wav,2,female,6,fearful,strong,2,1,train,5,data/processed/log_mel/03-01-06-02-02-01-02.npy
data/raw/ravdess/Actor_02/03-01-06-02-02-02-02.wav,03-01-06-02-02-02-02.wav,2,female,6,fearful,strong,2,2,train,5,data/processed/log_mel/03-01-06-02-02-02-02.npy
data/raw/ravdess/Actor_02/03-01-07-01-01-01-02.wav,03-01-07-01-01-01-02.wav,2,female,7,disgust,normal,1,1,train,6,data/processed/log_mel/03-01-07-01-01-01-02.npy
data/raw/ravdess/Actor_02/03-01-07-01-01-02-02.wav,03-01-07-01-01-02-02.wav,2,female,7,disgust,normal,1,2,train,6,data/processed/log_mel/03-01-07-01-01-02-02.npy
data/raw/ravdess/Actor_02/03-01-07-01-02-01-02.wav,03-01-07-01-02-01-02.wav,2,female,7,disgust,normal,2,1,train,6,data/processed/log_mel/03-01-07-01-02-01-02.npy
data/raw/ravdess/Actor_02/03-01-07-01-02-02-02.wav,03-01-07-01-02-02-02.wav,2,female,7,disgust,normal,2,2,train,6,data/processed/log_mel/03-01-07-01-02-02-02.npy
data/raw/ravdess/Actor_02/03-01-07-02-01-01-02.wav,03-01-07-02-01-01-02.wav,2,female,7,disgust,strong,1,1,train,6,data/processed/log_mel/03-01-07-02-01-01-02.npy
data/raw/ravdess/Actor_02/03-01-07-02-01-02-02.wav,03-01-07-02-01-02-02.wav,2,female,7,disgust,strong,1,2,train,6,data/processed/log_mel/03-01-07-02-01-02-02.npy
data/raw/ravdess/Actor_02/03-01-07-02-02-01-02.wav,03-01-07-02-02-01-02.wav,2,female,7,disgust,strong,2,1,train,6,data/processed/log_mel/03-01-07-02-02-01-02.npy
data/raw/ravdess/Actor_02/03-01-07-02-02-02-02.wav,03-01-07-02-02-02-02.wav,2,female,7,disgust,strong,2,2,train,6,data/processed/log_mel/03-01-07-02-02-02-02.npy
data/raw/ravdess/Actor_02/03-01-08-01-01-01-02.wav,03-01-08-01-01-01-02.wav,2,female,8,surprised,normal,1,1,train,7,data/processed/log_mel/03-01-08-01-01-01-02.npy
data/raw/ravdess/Actor_02/03-01-08-01-01-02-02.wav,03-01-08-01-01-02-02.wav,2,female,8,surprised,normal,1,2,train,7,data/processed/log_mel/03-01-08-01-01-02-02.npy
data/raw/ravdess/Actor_02/03-01-08-01-02-01-02.wav,03-01-08-01-02-01-02.wav,2,female,8,surprised,normal,2,1,train,7,data/processed/log_mel/03-01-08-01-02-01-02.npy
data/raw/ravdess/Actor_02/03-01-08-01-02-02-02.wav,03-01-08-01-02-02-02.wav,2,female,8,surprised,normal,2,2,train,7,data/processed/log_mel/03-01-08-01-02-02-02.npy
data/raw/ravdess/Actor_02/03-01-08-02-01-01-02.wav,03-01-08-02-01-01-02.wav,2,female,8,surprised,strong,1,1,train,7,data/processed/log_mel/03-01-08-02-01-01-02.npy
data/raw/ravdess/Actor_02/03-01-08-02-01-02-02.wav,03-01-08-02-01-02-02.wav,2,female,8,surprised,strong,1,2,train,7,data/processed/log_mel/03-01-08-02-01-02-02.npy
data/raw/ravdess/Actor_02/03-01-08-02-02-01-02.wav,03-01-08-02-02-01-02.wav,2,female,8,surprised,strong,2,1,train,7,data/processed/log_mel/03-01-08-02-02-01-02.npy
data/raw/ravdess/Actor_02/03-01-08-02-02-02-02.wav,03-01-08-02-02-02-02.wav,2,female,8,surprised,strong,2,2,train,7,data/processed/log_mel/03-01-08-02-02-02-02.npy
data/raw/ravdess/Actor_03/03-01-01-01-01-01-03.wav,03-01-01-01-01-01-03.wav,3,male,1,neutral,normal,1,1,train,0,data/processed/log_mel/03-01-01-01-01-01-03.npy
data/raw/ravdess/Actor_03/03-01-01-01-01-02-03.wav,03-01-01-01-01-02-03.wav,3,male,1,neutral,normal,1,2,train,0,data/processed/log_mel/03-01-01-01-01-02-03.npy
data/raw/ravdess/Actor_03/03-01-01-01-02-01-03.wav,03-01-01-01-02-01-03.wav,3,male,1,neutral,normal,2,1,train,0,data/processed/log_mel/03-01-01-01-02-01-03.npy
data/raw/ravdess/Actor_03/03-01-01-01-02-02-03.wav,03-01-01-01-02-02-03.wav,3,male,1,neutral,normal,2,2,train,0,data/processed/log_mel/03-01-01-01-02-02-03.npy
data/raw/ravdess/Actor_03/03-01-02-01-01-01-03.wav,03-01-02-01-01-01-03.wav,3,male,2,calm,normal,1,1,train,1,data/processed/log_mel/03-01-02-01-01-01-03.npy
data/raw/ravdess/Actor_03/03-01-02-01-01-02-03.wav,03-01-02-01-01-02-03.wav,3,male,2,calm,normal,1,2,train,1,data/processed/log_mel/03-01-02-01-01-02-03.npy
data/raw/ravdess/Actor_03/03-01-02-01-02-01-03.wav,03-01-02-01-02-01-03.wav,3,male,2,calm,normal,2,1,train,1,data/processed/log_mel/03-01-02-01-02-01-03.npy
data/raw/ravdess/Actor_03/03-01-02-01-02-02-03.wav,03-01-02-01-02-02-03.wav,3,male,2,calm,normal,2,2,train,1,data/processed/log_mel/03-01-02-01-02-02-03.npy
data/raw/ravdess/Actor_03/03-01-02-02-01-01-03.wav,03-01-02-02-01-01-03.wav,3,male,2,calm,strong,1,1,train,1,data/processed/log_mel/03-01-02-02-01-01-03.npy
data/raw/ravdess/Actor_03/03-01-02-02-01-02-03.wav,03-01-02-02-01-02-03.wav,3,male,2,calm,strong,1,2,train,1,data/processed/log_mel/03-01-02-02-01-02-03.npy
data/raw/ravdess/Actor_03/03-01-02-02-02-01-03.wav,03-01-02-02-02-01-03.wav,3,male,2,calm,strong,2,1,train,1,data/processed/log_mel/03-01-02-02-02-01-03.npy
data/raw/ravdess/Actor_03/03-01-02-02-02-02-03.wav,03-01-02-02-02-02-03.wav,3,male,2,calm,strong,2,2,train,1,data/processed/log_mel/03-01-02-02-02-02-03.npy
data/raw/ravdess/Actor_03/03-01-03-01-01-01-03.wav,03-01-03-01-01-01-03.wav,3,male,3,happy,normal,1,1,train,2,data/processed/log_mel/03-01-03-01-01-01-03.npy
data/raw/ravdess/Actor_03/03-01-03-01-01-02-03.wav,03-01-03-01-01-02-03.wav,3,male,3,happy,normal,1,2,train,2,data/processed/log_mel/03-01-03-01-01-02-03.npy
data/raw/ravdess/Actor_03/03-01-03-01-02-01-03.wav,03-01-03-01-02-01-03.wav,3,male,3,happy,normal,2,1,train,2,data/processed/log_mel/03-01-03-01-02-01-03.npy
data/raw/ravdess/Actor_03/03-01-03-01-02-02-03.wav,03-01-03-01-02-02-03.wav,3,male,3,happy,normal,2,2,train,2,data/processed/log_mel/03-01-03-01-02-02-03.npy
data/raw/ravdess/Actor_03/03-01-03-02-01-01-03.wav,03-01-03-02-01-01-03.wav,3,male,3,happy,strong,1,1,train,2,data/processed/log_mel/03-01-03-02-01-01-03.npy
data/raw/ravdess/Actor_03/03-01-03-02-01-02-03.wav,03-01-03-02-01-02-03.wav,3,male,3,happy,strong,1,2,train,2,data/processed/log_mel/03-01-03-02-01-02-03.npy
data/raw/ravdess/Actor_03/03-01-03-02-02-01-03.wav,03-01-03-02-02-01-03.wav,3,male,3,happy,strong,2,1,train,2,data/processed/log_mel/03-01-03-02-02-01-03.npy
data/raw/ravdess/Actor_03/03-01-03-02-02-02-03.wav,03-01-03-02-02-02-03.wav,3,male,3,happy,strong,2,2,train,2,data/processed/log_mel/03-01-03-02-02-02-03.npy
data/raw/ravdess/Actor_03/03-01-04-01-01-01-03.wav,03-01-04-01-01-01-03.wav,3,male,4,sad,normal,1,1,train,3,data/processed/log_mel/03-01-04-01-01-01-03.npy
data/raw/ravdess/Actor_03/03-01-04-01-01-02-03.wav,03-01-04-01-01-02-03.wav,3,male,4,sad,normal,1,2,train,3,data/processed/log_mel/03-01-04-01-01-02-03.npy
data/raw/ravdess/Actor_03/03-01-04-01-02-01-03.wav,03-01-04-01-02-01-03.wav,3,male,4,sad,normal,2,1,train,3,data/processed/log_mel/03-01-04-01-02-01-03.npy
data/raw/ravdess/Actor_03/03-01-04-01-02-02-03.wav,03-01-04-01-02-02-03.wav,3,male,4,sad,normal,2,2,train,3,data/processed/log_mel/03-01-04-01-02-02-03.npy
data/raw/ravdess/Actor_03/03-01-04-02-01-01-03.wav,03-01-04-02-01-01-03.wav,3,male,4,sad,strong,1,1,train,3,data/processed/log_mel/03-01-04-02-01-01-03.npy
data/raw/ravdess/Actor_03/03-01-04-02-01-02-03.wav,03-01-04-02-01-02-03.wav,3,male,4,sad,strong,1,2,train,3,data/processed/log_mel/03-01-04-02-01-02-03.npy
data/raw/ravdess/Actor_03/03-01-04-02-02-01-03.wav,03-01-04-02-02-01-03.wav,3,male,4,sad,strong,2,1,train,3,data/processed/log_mel/03-01-04-02-02-01-03.npy
data/raw/ravdess/Actor_03/03-01-04-02-02-02-03.wav,03-01-04-02-02-02-03.wav,3,male,4,sad,strong,2,2,train,3,data/processed/log_mel/03-01-04-02-02-02-03.npy
data/raw/ravdess/Actor_03/03-01-05-01-01-01-03.wav,03-01-05-01-01-01-03.wav,3,male,5,angry,normal,1,1,train,4,data/processed/log_mel/03-01-05-01-01-01-03.npy
data/raw/ravdess/Actor_03/03-01-05-01-01-02-03.wav,03-01-05-01-01-02-03.wav,3,male,5,angry,normal,1,2,train,4,data/processed/log_mel/03-01-05-01-01-02-03.npy
data/raw/ravdess/Actor_03/03-01-05-01-02-01-03.wav,03-01-05-01-02-01-03.wav,3,male,5,angry,normal,2,1,train,4,data/processed/log_mel/03-01-05-01-02-01-03.npy
data/raw/ravdess/Actor_03/03-01-05-01-02-02-03.wav,03-01-05-01-02-02-03.wav,3,male,5,angry,normal,2,2,train,4,data/processed/log_mel/03-01-05-01-02-02-03.npy
data/raw/ravdess/Actor_03/03-01-05-02-01-01-03.wav,03-01-05-02-01-01-03.wav,3,male,5,angry,strong,1,1,train,4,data/processed/log_mel/03-01-05-02-01-01-03.npy
data/raw/ravdess/Actor_03/03-01-05-02-01-02-03.wav,03-01-05-02-01-02-03.wav,3,male,5,angry,strong,1,2,train,4,data/processed/log_mel/03-01-05-02-01-02-03.npy
data/raw/ravdess/Actor_03/03-01-05-02-02-01-03.wav,03-01-05-02-02-01-03.wav,3,male,5,angry,strong,2,1,train,4,data/processed/log_mel/03-01-05-02-02-01-03.npy
data/raw/ravdess/Actor_03/03-01-05-02-02-02-03.wav,03-01-05-02-02-02-03.wav,3,male,5,angry,strong,2,2,train,4,data/processed/log_mel/03-01-05-02-02-02-03.npy
data/raw/ravdess/Actor_03/03-01-06-01-01-01-03.wav,03-01-06-01-01-01-03.wav,3,male,6,fearful,normal,1,1,train,5,data/processed/log_mel/03-01-06-01-01-01-03.npy
data/raw/ravdess/Actor_03/03-01-06-01-01-02-03.wav,03-01-06-01-01-02-03.wav,3,male,6,fearful,normal,1,2,train,5,data/processed/log_mel/03-01-06-01-01-02-03.npy
data/raw/ravdess/Actor_03/03-01-06-01-02-01-03.wav,03-01-06-01-02-01-03.wav,3,male,6,fearful,normal,2,1,train,5,data/processed/log_mel/03-01-06-01-02-01-03.npy
data/raw/ravdess/Actor_03/03-01-06-01-02-02-03.wav,03-01-06-01-02-02-03.wav,3,male,6,fearful,normal,2,2,train,5,data/processed/log_mel/03-01-06-01-02-02-03.npy
data/raw/ravdess/Actor_03/03-01-06-02-01-01-03.wav,03-01-06-02-01-01-03.wav,3,male,6,fearful,strong,1,1,train,5,data/processed/log_mel/03-01-06-02-01-01-03.npy
data/raw/ravdess/Actor_03/03-01-06-02-01-02-03.wav,03-01-06-02-01-02-03.wav,3,male,6,fearful,strong,1,2,train,5,data/processed/log_mel/03-01-06-02-01-02-03.npy
data/raw/ravdess/Actor_03/03-01-06-02-02-01-03.wav,03-01-06-02-02-01-03.wav,3,male,6,fearful,strong,2,1,train,5,data/processed/log_mel/03-01-06-02-02-01-03.npy
data/raw/ravdess/Actor_03/03-01-06-02-02-02-03.wav,03-01-06-02-02-02-03.wav,3,male,6,fearful,strong,2,2,train,5,data/processed/log_mel/03-01-06-02-02-02-03.npy
data/raw/ravdess/Actor_03/03-01-07-01-01-01-03.wav,03-01-07-01-01-01-03.wav,3,male,7,disgust,normal,1,1,train,6,data/processed/log_mel/03-01-07-01-01-01-03.npy
data/raw/ravdess/Actor_03/03-01-07-01-01-02-03.wav,03-01-07-01-01-02-03.wav,3,male,7,disgust,normal,1,2,train,6,data/processed/log_mel/03-01-07-01-01-02-03.npy
data/raw/ravdess/Actor_03/03-01-07-01-02-01-03.wav,03-01-07-01-02-01-03.wav,3,male,7,disgust,normal,2,1,train,6,data/processed/log_mel/03-01-07-01-02-01-03.npy
data/raw/ravdess/Actor_03/03-01-07-01-02-02-03.wav,03-01-07-01-02-02-03.wav,3,male,7,disgust,normal,2,2,train,6,data/processed/log_mel/03-01-07-01-02-02-03.npy
data/raw/ravdess/Actor_03/03-01-07-02-01-01-03.wav,03-01-07-02-01-01-03.wav,3,male,7,disgust,strong,1,1,train,6,data/processed/log_mel/03-01-07-02-01-01-03.npy
data/raw/ravdess/Actor_03/03-01-07-02-01-02-03.wav,03-01-07-02-01-02-03.wav,3,male,7,disgust,strong,1,2,train,6,data/processed/log_mel/03-01-07-02-01-02-03.npy
data/raw/ravdess/Actor_03/03-01-07-02-02-01-03.wav,03-01-07-02-02-01-03.wav,3,male,7,disgust,strong,2,1,train,6,data/processed/log_mel/03-01-07-02-02-01-03.npy
data/raw/ravdess/Actor_03/03-01-07-02-02-02-03.wav,03-01-07-02-02-02-03.wav,3,male,7,disgust,strong,2,2,train,6,data/processed/log_mel/03-01-07-02-02-02-03.npy
data/raw/ravdess/Actor_03/03-01-08-01-01-01-03.wav,03-01-08-01-01-01-03.wav,3,male,8,surprised,normal,1,1,train,7,data/processed/log_mel/03-01-08-01-01-01-03.npy
data/raw/ravdess/Actor_03/03-01-08-01-01-02-03.wav,03-01-08-01-01-02-03.wav,3,male,8,surprised,normal,1,2,train,7,data/processed/log_mel/03-01-08-01-01-02-03.npy
data/raw/ravdess/Actor_03/03-01-08-01-02-01-03.wav,03-01-08-01-02-01-03.wav,3,male,8,surprised,normal,2,1,train,7,data/processed/log_mel/03-01-08-01-02-01-03.npy
data/raw/ravdess/Actor_03/03-01-08-01-02-02-03.wav,03-01-08-01-02-02-03.wav,3,male,8,surprised,normal,2,2,train,7,data/processed/log_mel/03-01-08-01-02-02-03.npy
data/raw/ravdess/Actor_03/03-01-08-02-01-01-03.wav,03-01-08-02-01-01-03.wav,3,male,8,surprised,strong,1,1,train,7,data/processed/log_mel/03-01-08-02-01-01-03.npy
data/raw/ravdess/Actor_03/03-01-08-02-01-02-03.wav,03-01-08-02-01-02-03.wav,3,male,8,surprised,strong,1,2,train,7,data/processed/log_mel/03-01-08-02-01-02-03.npy
data/raw/ravdess/Actor_03/03-01-08-02-02-01-03.wav,03-01-08-02-02-01-03.wav,3,male,8,surprised,strong,2,1,train,7,data/processed/log_mel/03-01-08-02-02-01-03.npy
data/raw/ravdess/Actor_03/03-01-08-02-02-02-03.wav,03-01-08-02-02-02-03.wav,3,male,8,surprised,strong,2,2,train,7,data/processed/log_mel/03-01-08-02-02-02-03.npy
data/raw/ravdess/Actor_04/03-01-01-01-01-01-04.wav,03-01-01-01-01-01-04.wav,4,female,1,neutral,normal,1,1,train,0,data/processed/log_mel/03-01-01-01-01-01-04.npy
data/raw/ravdess/Actor_04/03-01-01-01-01-02-04.wav,03-01-01-01-01-02-04.wav,4,female,1,neutral,normal,1,2,train,0,data/processed/log_mel/03-01-01-01-01-02-04.npy
data/raw/ravdess/Actor_04/03-01-01-01-02-01-04.wav,03-01-01-01-02-01-04.wav,4,female,1,neutral,normal,2,1,train,0,data/processed/log_mel/03-01-01-01-02-01-04.npy
data/raw/ravdess/Actor_04/03-01-01-01-02-02-04.wav,03-01-01-01-02-02-04.wav,4,female,1,neutral,normal,2,2,train,0,data/processed/log_mel/03-01-01-01-02-02-04.npy
data/raw/ravdess/Actor_04/03-01-02-01-01-01-04.wav,03-01-02-01-01-01-04.wav,4,female,2,calm,normal,1,1,train,1,data/processed/log_mel/03-01-02-01-01-01-04.npy
data/raw/ravdess/Actor_04/03-01-02-01-01-02-04.wav,03-01-02-01-01-02-04.wav,4,female,2,calm,normal,1,2,train,1,data/processed/log_mel/03-01-02-01-01-02-04.npy
data/raw/ravdess/Actor_04/03-01-02-01-02-01-04.wav,03-01-02-01-02-01-04.wav,4,female,2,calm,normal,2,1,train,1,data/processed/log_mel/03-01-02-01-02-01-04.npy
data/raw/ravdess/Actor_04/03-01-02-01-02-02-04.wav,03-01-02-01-02-02-04.wav,4,female,2,calm,normal,2,2,train,1,data/processed/log_mel/03-01-02-01-02-02-04.npy
data/raw/ravdess/Actor_04/03-01-02-02-01-01-04.wav,03-01-02-02-01-01-04.wav,4,female,2,calm,strong,1,1,train,1,data/processed/log_mel/03-01-02-02-01-01-04.npy
data/raw/ravdess/Actor_04/03-01-02-02-01-02-04.wav,03-01-02-02-01-02-04.wav,4,female,2,calm,strong,1,2,train,1,data/processed/log_mel/03-01-02-02-01-02-04.npy
data/raw/ravdess/Actor_04/03-01-02-02-02-01-04.wav,03-01-02-02-02-01-04.wav,4,female,2,calm,strong,2,1,train,1,data/processed/log_mel/03-01-02-02-02-01-04.npy
data/raw/ravdess/Actor_04/03-01-02-02-02-02-04.wav,03-01-02-02-02-02-04.wav,4,female,2,calm,strong,2,2,train,1,data/processed/log_mel/03-01-02-02-02-02-04.npy
data/raw/ravdess/Actor_04/03-01-03-01-01-01-04.wav,03-01-03-01-01-01-04.wav,4,female,3,happy,normal,1,1,train,2,data/processed/log_mel/03-01-03-01-01-01-04.npy
data/raw/ravdess/Actor_04/03-01-03-01-01-02-04.wav,03-01-03-01-01-02-04.wav,4,female,3,happy,normal,1,2,train,2,data/processed/log_mel/03-01-03-01-01-02-04.npy
data/raw/ravdess/Actor_04/03-01-03-01-02-01-04.wav,03-01-03-01-02-01-04.wav,4,female,3,happy,normal,2,1,train,2,data/processed/log_mel/03-01-03-01-02-01-04.npy
data/raw/ravdess/Actor_04/03-01-03-01-02-02-04.wav,03-01-03-01-02-02-04.wav,4,female,3,happy,normal,2,2,train,2,data/processed/log_mel/03-01-03-01-02-02-04.npy
data/raw/ravdess/Actor_04/03-01-03-02-01-01-04.wav,03-01-03-02-01-01-04.wav,4,female,3,happy,strong,1,1,train,2,data/processed/log_mel/03-01-03-02-01-01-04.npy
data/raw/ravdess/Actor_04/03-01-03-02-01-02-04.wav,03-01-03-02-01-02-04.wav,4,female,3,happy,strong,1,2,train,2,data/processed/log_mel/03-01-03-02-01-02-04.npy
data/raw/ravdess/Actor_04/03-01-03-02-02-01-04.wav,03-01-03-02-02-01-04.wav,4,female,3,happy,strong,2,1,train,2,data/processed/log_mel/03-01-03-02-02-01-04.npy
data/raw/ravdess/Actor_04/03-01-03-02-02-02-04.wav,03-01-03-02-02-02-04.wav,4,female,3,happy,strong,2,2,train,2,data/processed/log_mel/03-01-03-02-02-02-04.npy
data/raw/ravdess/Actor_04/03-01-04-01-01-01-04.wav,03-01-04-01-01-01-04.wav,4,female,4,sad,normal,1,1,train,3,data/processed/log_mel/03-01-04-01-01-01-04.npy
data/raw/ravdess/Actor_04/03-01-04-01-01-02-04.wav,03-01-04-01-01-02-04.wav,4,female,4,sad,normal,1,2,train,3,data/processed/log_mel/03-01-04-01-01-02-04.npy
data/raw/ravdess/Actor_04/03-01-04-01-02-01-04.wav,03-01-04-01-02-01-04.wav,4,female,4,sad,normal,2,1,train,3,data/processed/log_mel/03-01-04-01-02-01-04.npy
data/raw/ravdess/Actor_04/03-01-04-01-02-02-04.wav,03-01-04-01-02-02-04.wav,4,female,4,sad,normal,2,2,train,3,data/processed/log_mel/03-01-04-01-02-02-04.npy
data/raw/ravdess/Actor_04/03-01-04-02-01-01-04.wav,03-01-04-02-01-01-04.wav,4,female,4,sad,strong,1,1,train,3,data/processed/log_mel/03-01-04-02-01-01-04.npy
data/raw/ravdess/Actor_04/03-01-04-02-01-02-04.wav,03-01-04-02-01-02-04.wav,4,female,4,sad,strong,1,2,train,3,data/processed/log_mel/03-01-04-02-01-02-04.npy
data/raw/ravdess/Actor_04/03-01-04-02-02-01-04.wav,03-01-04-02-02-01-04.wav,4,female,4,sad,strong,2,1,train,3,data/processed/log_mel/03-01-04-02-02-01-04.npy
data/raw/ravdess/Actor_04/03-01-04-02-02-02-04.wav,03-01-04-02-02-02-04.wav,4,female,4,sad,strong,2,2,train,3,data/processed/log_mel/03-01-04-02-02-02-04.npy
data/raw/ravdess/Actor_04/03-01-05-01-01-01-04.wav,03-01-05-01-01-01-04.wav,4,female,5,angry,normal,1,1,train,4,data/processed/log_mel/03-01-05-01-01-01-04.npy
data/raw/ravdess/Actor_04/03-01-05-01-01-02-04.wav,03-01-05-01-01-02-04.wav,4,female,5,angry,normal,1,2,train,4,data/processed/log_mel/03-01-05-01-01-02-04.npy
data/raw/ravdess/Actor_04/03-01-05-01-02-01-04.wav,03-01-05-01-02-01-04.wav,4,female,5,angry,normal,2,1,train,4,data/processed/log_mel/03-01-05-01-02-01-04.npy
data/raw/ravdess/Actor_04/03-01-05-01-02-02-04.wav,03-01-05-01-02-02-04.wav,4,female,5,angry,normal,2,2,train,4,data/processed/log_mel/03-01-05-01-02-02-04.npy
data/raw/ravdess/Actor_04/03-01-05-02-01-01-04.wav,03-01-05-02-01-01-04.wav,4,female,5,angry,strong,1,1,train,4,data/processed/log_mel/03-01-05-02-01-01-04.npy
data/raw/ravdess/Actor_04/03-01-05-02-01-02-04.wav,03-01-05-02-01-02-04.wav,4,female,5,angry,strong,1,2,train,4,data/processed/log_mel/03-01-05-02-01-02-04.npy
data/raw/ravdess/Actor_04/03-01-05-02-02-01-04.wav,03-01-05-02-02-01-04.wav,4,female,5,angry,strong,2,1,train,4,data/processed/log_mel/03-01-05-02-02-01-04.npy
data/raw/ravdess/Actor_04/03-01-05-02-02-02-04.wav,03-01-05-02-02-02-04.wav,4,female,5,angry,strong,2,2,train,4,data/processed/log_mel/03-01-05-02-02-02-04.npy
data/raw/ravdess/Actor_04/03-01-06-01-01-01-04.wav,03-01-06-01-01-01-04.wav,4,female,6,fearful,normal,1,1,train,5,data/processed/log_mel/03-01-06-01-01-01-04.npy
data/raw/ravdess/Actor_04/03-01-06-01-01-02-04.wav,03-01-06-01-01-02-04.wav,4,female,6,fearful,normal,1,2,train,5,data/processed/log_mel/03-01-06-01-01-02-04.npy
data/raw/ravdess/Actor_04/03-01-06-01-02-01-04.wav,03-01-06-01-02-01-04.wav,4,female,6,fearful,normal,2,1,train,5,data/processed/log_mel/03-01-06-01-02-01-04.npy
data/raw/ravdess/Actor_04/03-01-06-01-02-02-04.wav,03-01-06-01-02-02-04.wav,4,female,6,fearful,normal,2,2,train,5,data/processed/log_mel/03-01-06-01-02-02-04.npy
data/raw/ravdess/Actor_04/03-01-06-02-01-01-04.wav,03-01-06-02-01-01-04.wav,4,female,6,fearful,strong,1,1,train,5,data/processed/log_mel/03-01-06-02-01-01-04.npy
data/raw/ravdess/Actor_04/03-01-06-02-01-02-04.wav,03-01-06-02-01-02-04.wav,4,female,6,fearful,strong,1,2,train,5,data/processed/log_mel/03-01-06-02-01-02-04.npy
data/raw/ravdess/Actor_04/03-01-06-02-02-01-04.wav,03-01-06-02-02-01-04.wav,4,female,6,fearful,strong,2,1,train,5,data/processed/log_mel/03-01-06-02-02-01-04.npy
data/raw/ravdess/Actor_04/03-01-06-02-02-02-04.wav,03-01-06-02-02-02-04.wav,4,female,6,fearful,strong,2,2,train,5,data/processed/log_mel/03-01-06-02-02-02-04.npy
data/raw/ravdess/Actor_04/03-01-07-01-01-01-04.wav,03-01-07-01-01-01-04.wav,4,female,7,disgust,normal,1,1,train,6,data/processed/log_mel/03-01-07-01-01-01-04.npy
data/raw/ravdess/Actor_04/03-01-07-01-01-02-04.wav,03-01-07-01-01-02-04.wav,4,female,7,disgust,normal,1,2,train,6,data/processed/log_mel/03-01-07-01-01-02-04.npy
data/raw/ravdess/Actor_04/03-01-07-01-02-01-04.wav,03-01-07-01-02-01-04.wav,4,female,7,disgust,normal,2,1,train,6,data/processed/log_mel/03-01-07-01-02-01-04.npy
data/raw/ravdess/Actor_04/03-01-07-01-02-02-04.wav,03-01-07-01-02-02-04.wav,4,female,7,disgust,normal,2,2,train,6,data/processed/log_mel/03-01-07-01-02-02-04.npy
data/raw/ravdess/Actor_04/03-01-07-02-01-01-04.wav,03-01-07-02-01-01-04.wav,4,female,7,disgust,strong,1,1,train,6,data/processed/log_mel/03-01-07-02-01-01-04.npy
data/raw/ravdess/Actor_04/03-01-07-02-01-02-04.wav,03-01-07-02-01-02-04.wav,4,female,7,disgust,strong,1,2,train,6,data/processed/log_mel/03-01-07-02-01-02-04.npy
data/raw/ravdess/Actor_04/03-01-07-02-02-01-04.wav,03-01-07-02-02-01-04.wav,4,female,7,disgust,strong,2,1,train,6,data/processed/log_mel/03-01-07-02-02-01-04.npy
data/raw/ravdess/Actor_04/03-01-07-02-02-02-04.wav,03-01-07-02-02-02-04.wav,4,female,7,disgust,strong,2,2,train,6,data/processed/log_mel/03-01-07-02-02-02-04.npy
data/raw/ravdess/Actor_04/03-01-08-01-01-01-04.wav,03-01-08-01-01-01-04.wav,4,female,8,surprised,normal,1,1,train,7,data/processed/log_mel/03-01-08-01-01-01-04.npy
data/raw/ravdess/Actor_04/03-01-08-01-01-02-04.wav,03-01-08-01-01-02-04.wav,4,female,8,surprised,normal,1,2,train,7,data/processed/log_mel/03-01-08-01-01-02-04.npy
data/raw/ravdess/Actor_04/03-01-08-01-02-01-04.wav,03-01-08-01-02-01-04.wav,4,female,8,surprised,normal,2,1,train,7,data/processed/log_mel/03-01-08-01-02-01-04.npy
data/raw/ravdess/Actor_04/03-01-08-01-02-02-04.wav,03-01-08-01-02-02-04.wav,4,female,8,surprised,normal,2,2,train,7,data/processed/log_mel/03-01-08-01-02-02-04.npy
data/raw/ravdess/Actor_04/03-01-08-02-01-01-04.wav,03-01-08-02-01-01-04.wav,4,female,8,surprised,strong,1,1,train,7,data/processed/log_mel/03-01-08-02-01-01-04.npy
data/raw/ravdess/Actor_04/03-01-08-02-01-02-04.wav,03-01-08-02-01-02-04.wav,4,female,8,surprised,strong,1,2,train,7,data/processed/log_mel/03-01-08-02-01-02-04.npy
data/raw/ravdess/Actor_04/03-01-08-02-02-01-04.wav,03-01-08-02-02-01-04.wav,4,female,8,surprised,strong,2,1,train,7,data/processed/log_mel/03-01-08-02-02-01-04.npy
data/raw/ravdess/Actor_04/03-01-08-02-02-02-04.wav,03-01-08-02-02-02-04.wav,4,female,8,surprised,strong,2,2,train,7,data/processed/log_mel/03-01-08-02-02-02-04.npy
data/raw/ravdess/Actor_05/03-01-01-01-01-01-05.wav,03-01-01-01-01-01-05.wav,5,male,1,neutral,normal,1,1,train,0,data/processed/log_mel/03-01-01-01-01-01-05.npy
data/raw/ravdess/Actor_05/03-01-01-01-01-02-05.wav,03-01-01-01-01-02-05.wav,5,male,1,neutral,normal,1,2,train,0,data/processed/log_mel/03-01-01-01-01-02-05.npy
data/raw/ravdess/Actor_05/03-01-01-01-02-01-05.wav,03-01-01-01-02-01-05.wav,5,male,1,neutral,normal,2,1,train,0,data/processed/log_mel/03-01-01-01-02-01-05.npy
data/raw/ravdess/Actor_05/03-01-01-01-02-02-05.wav,03-01-01-01-02-02-05.wav,5,male,1,neutral,normal,2,2,train,0,data/processed/log_mel/03-01-01-01-02-02-05.npy
data/raw/ravdess/Actor_05/03-01-02-01-01-01-05.wav,03-01-02-01-01-01-05.wav,5,male,2,calm,normal,1,1,train,1,data/processed/log_mel/03-01-02-01-01-01-05.npy
data/raw/ravdess/Actor_05/03-01-02-01-01-02-05.wav,03-01-02-01-01-02-05.wav,5,male,2,calm,normal,1,2,train,1,data/processed/log_mel/03-01-02-01-01-02-05.npy
data/raw/ravdess/Actor_05/03-01-02-01-02-01-05.wav,03-01-02-01-02-01-05.wav,5,male,2,calm,normal,2,1,train,1,data/processed/log_mel/03-01-02-01-02-01-05.npy
data/raw/ravdess/Actor_05/03-01-02-01-02-02-05.wav,03-01-02-01-02-02-05.wav,5,male,2,calm,normal,2,2,train,1,data/processed/log_mel/03-01-02-01-02-02-05.npy
data/raw/ravdess/Actor_05/03-01-02-02-01-01-05.wav,03-01-02-02-01-01-05.wav,5,male,2,calm,strong,1,1,train,1,data/processed/log_mel/03-01-02-02-01-01-05.npy
data/raw/ravdess/Actor_05/03-01-02-02-01-02-05.wav,03-01-02-02-01-02-05.wav,5,male,2,calm,strong,1,2,train,1,data/processed/log_mel/03-01-02-02-01-02-05.npy
data/raw/ravdess/Actor_05/03-01-02-02-02-01-05.wav,03-01-02-02-02-01-05.wav,5,male,2,calm,strong,2,1,train,1,data/processed/log_mel/03-01-02-02-02-01-05.npy
data/raw/ravdess/Actor_05/03-01-02-02-02-02-05.wav,03-01-02-02-02-02-05.wav,5,male,2,calm,strong,2,2,train,1,data/processed/log_mel/03-01-02-02-02-02-05.npy
data/raw/ravdess/Actor_05/03-01-03-01-01-01-05.wav,03-01-03-01-01-01-05.wav,5,male,3,happy,normal,1,1,train,2,data/processed/log_mel/03-01-03-01-01-01-05.npy
data/raw/ravdess/Actor_05/03-01-03-01-01-02-05.wav,03-01-03-01-01-02-05.wav,5,male,3,happy,normal,1,2,train,2,data/processed/log_mel/03-01-03-01-01-02-05.npy
data/raw/ravdess/Actor_05/03-01-03-01-02-01-05.wav,03-01-03-01-02-01-05.wav,5,male,3,happy,normal,2,1,train,2,data/processed/log_mel/03-01-03-01-02-01-05.npy
data/raw/ravdess/Actor_05/03-01-03-01-02-02-05.wav,03-01-03-01-02-02-05.wav,5,male,3,happy,normal,2,2,train,2,data/processed/log_mel/03-01-03-01-02-02-05.npy
data/raw/ravdess/Actor_05/03-01-03-02-01-01-05.wav,03-01-03-02-01-01-05.wav,5,male,3,happy,strong,1,1,train,2,data/processed/log_mel/03-01-03-02-01-01-05.npy
data/raw/ravdess/Actor_05/03-01-03-02-01-02-05.wav,03-01-03-02-01-02-05.wav,5,male,3,happy,strong,1,2,train,2,data/processed/log_mel/03-01-03-02-01-02-05.npy
data/raw/ravdess/Actor_05/03-01-03-02-02-01-05.wav,03-01-03-02-02-01-05.wav,5,male,3,happy,strong,2,1,train,2,data/processed/log_mel/03-01-03-02-02-01-05.npy
data/raw/ravdess/Actor_05/03-01-03-02-02-02-05.wav,03-01-03-02-02-02-05.wav,5,male,3,happy,strong,2,2,train,2,data/processed/log_mel/03-01-03-02-02-02-05.npy
data/raw/ravdess/Actor_05/03-01-04-01-01-01-05.wav,03-01-04-01-01-01-05.wav,5,male,4,sad,normal,1,1,train,3,data/processed/log_mel/03-01-04-01-01-01-05.npy
data/raw/ravdess/Actor_05/03-01-04-01-01-02-05.wav,03-01-04-01-01-02-05.wav,5,male,4,sad,normal,1,2,train,3,data/processed/log_mel/03-01-04-01-01-02-05.npy
data/raw/ravdess/Actor_05/03-01-04-01-02-01-05.wav,03-01-04-01-02-01-05.wav,5,male,4,sad,normal,2,1,train,3,data/processed/log_mel/03-01-04-01-02-01-05.npy
data/raw/ravdess/Actor_05/03-01-04-01-02-02-05.wav,03-01-04-01-02-02-05.wav,5,male,4,sad,normal,2,2,train,3,data/processed/log_mel/03-01-04-01-02-02-05.npy
data/raw/ravdess/Actor_05/03-01-04-02-01-01-05.wav,03-01-04-02-01-01-05.wav,5,male,4,sad,strong,1,1,train,3,data/processed/log_mel/03-01-04-02-01-01-05.npy
data/raw/ravdess/Actor_05/03-01-04-02-01-02-05.wav,03-01-04-02-01-02-05.wav,5,male,4,sad,strong,1,2,train,3,data/processed/log_mel/03-01-04-02-01-02-05.npy
data/raw/ravdess/Actor_05/03-01-04-02-02-01-05.wav,03-01-04-02-02-01-05.wav,5,male,4,sad,strong,2,1,train,3,data/processed/log_mel/03-01-04-02-02-01-05.npy
data/raw/ravdess/Actor_05/03-01-04-02-02-02-05.wav,03-01-04-02-02-02-05.wav,5,male,4,sad,strong,2,2,train,3,data/processed/log_mel/03-01-04-02-02-02-05.npy
data/raw/ravdess/Actor_05/03-01-05-01-01-01-05.wav,03-01-05-01-01-01-05.wav,5,male,5,angry,normal,1,1,train,4,data/processed/log_mel/03-01-05-01-01-01-05.npy
data/raw/ravdess/Actor_05/03-01-05-01-01-02-05.wav,03-01-05-01-01-02-05.wav,5,male,5,angry,normal,1,2,train,4,data/processed/log_mel/03-01-05-01-01-02-05.npy
data/raw/ravdess/Actor_05/03-01-05-01-02-01-05.wav,03-01-05-01-02-01-05.wav,5,male,5,angry,normal,2,1,train,4,data/processed/log_mel/03-01-05-01-02-01-05.npy
data/raw/ravdess/Actor_05/03-01-05-01-02-02-05.wav,03-01-05-01-02-02-05.wav,5,male,5,angry,normal,2,2,train,4,data/processed/log_mel/03-01-05-01-02-02-05.npy
data/raw/ravdess/Actor_05/03-01-05-02-01-01-05.wav,03-01-05-02-01-01-05.wav,5,male,5,angry,strong,1,1,train,4,data/processed/log_mel/03-01-05-02-01-01-05.npy
data/raw/ravdess/Actor_05/03-01-05-02-01-02-05.wav,03-01-05-02-01-02-05.wav,5,male,5,angry,strong,1,2,train,4,data/processed/log_mel/03-01-05-02-01-02-05.npy
data/raw/ravdess/Actor_05/03-01-05-02-02-01-05.wav,03-01-05-02-02-01-05.wav,5,male,5,angry,strong,2,1,train,4,data/processed/log_mel/03-01-05-02-02-01-05.npy
data/raw/ravdess/Actor_05/03-01-05-02-02-02-05.wav,03-01-05-02-02-02-05.wav,5,male,5,angry,strong,2,2,train,4,data/processed/log_mel/03-01-05-02-02-02-05.npy
data/raw/ravdess/Actor_05/03-01-06-01-01-01-05.wav,03-01-06-01-01-01-05.wav,5,male,6,fearful,normal,1,1,train,5,data/processed/log_mel/03-01-06-01-01-01-05.npy
data/raw/ravdess/Actor_05/03-01-06-01-01-02-05.wav,03-01-06-01-01-02-05.wav,5,male,6,fearful,normal,1,2,train,5,data/processed/log_mel/03-01-06-01-01-02-05.npy
data/raw/ravdess/Actor_05/03-01-06-01-02-01-05.wav,03-01-06-01-02-01-05.wav,5,male,6,fearful,normal,2,1,train,5,data/processed/log_mel/03-01-06-01-02-01-05.npy
data/raw/ravdess/Actor_05/03-01-06-01-02-02-05.wav,03-01-06-01-02-02-05.wav,5,male,6,fearful,normal,2,2,train,5,data/processed/log_mel/03-01-06-01-02-02-05.npy
data/raw/ravdess/Actor_05/03-01-06-02-01-01-05.wav,03-01-06-02-01-01-05.wav,5,male,6,fearful,strong,1,1,train,5,data/processed/log_mel/03-01-06-02-01-01-05.npy
data/raw/ravdess/Actor_05/03-01-06-02-01-02-05.wav,03-01-06-02-01-02-05.wav,5,male,6,fearful,strong,1,2,train,5,data/processed/log_mel/03-01-06-02-01-02-05.npy
data/raw/ravdess/Actor_05/03-01-06-02-02-01-05.wav,03-01-06-02-02-01-05.wav,5,male,6,fearful,strong,2,1,train,5,data/processed/log_mel/03-01-06-02-02-01-05.npy
data/raw/ravdess/Actor_05/03-01-06-02-02-02-05.wav,03-01-06-02-02-02-05.wav,5,male,6,fearful,strong,2,2,train,5,data/processed/log_mel/03-01-06-02-02-02-05.npy
data/raw/ravdess/Actor_05/03-01-07-01-01-01-05.wav,03-01-07-01-01-01-05.wav,5,male,7,disgust,normal,1,1,train,6,data/processed/log_mel/03-01-07-01-01-01-05.npy
data/raw/ravdess/Actor_05/03-01-07-01-01-02-05.wav,03-01-07-01-01-02-05.wav,5,male,7,disgust,normal,1,2,train,6,data/processed/log_mel/03-01-07-01-01-02-05.npy
data/raw/ravdess/Actor_05/03-01-07-01-02-01-05.wav,03-01-07-01-02-01-05.wav,5,male,7,disgust,normal,2,1,train,6,data/processed/log_mel/03-01-07-01-02-01-05.npy
data/raw/ravdess/Actor_05/03-01-07-01-02-02-05.wav,03-01-07-01-02-02-05.wav,5,male,7,disgust,normal,2,2,train,6,data/processed/log_mel/03-01-07-01-02-02-05.npy
data/raw/ravdess/Actor_05/03-01-07-02-01-01-05.wav,03-01-07-02-01-01-05.wav,5,male,7,disgust,strong,1,1,train,6,data/processed/log_mel/03-01-07-02-01-01-05.npy
data/raw/ravdess/Actor_05/03-01-07-02-01-02-05.wav,03-01-07-02-01-02-05.wav,5,male,7,disgust,strong,1,2,train,6,data/processed/log_mel/03-01-07-02-01-02-05.npy
data/raw/ravdess/Actor_05/03-01-07-02-02-01-05.wav,03-01-07-02-02-01-05.wav,5,male,7,disgust,strong,2,1,train,6,data/processed/log_mel/03-01-07-02-02-01-05.npy
data/raw/ravdess/Actor_05/03-01-07-02-02-02-05.wav,03-01-07-02-02-02-05.wav,5,male,7,disgust,strong,2,2,train,6,data/processed/log_mel/03-01-07-02-02-02-05.npy
data/raw/ravdess/Actor_05/03-01-08-01-01-01-05.wav,03-01-08-01-01-01-05.wav,5,male,8,surprised,normal,1,1,train,7,data/processed/log_mel/03-01-08-01-01-01-05.npy
data/raw/ravdess/Actor_05/03-01-08-01-01-02-05.wav,03-01-08-01-01-02-05.wav,5,male,8,surprised,normal,1,2,train,7,data/processed/log_mel/03-01-08-01-01-02-05.npy
data/raw/ravdess/Actor_05/03-01-08-01-02-01-05.wav,03-01-08-01-02-01-05.wav,5,male,8,surprised,normal,2,1,train,7,data/processed/log_mel/03-01-08-01-02-01-05.npy
data/raw/ravdess/Actor_05/03-01-08-01-02-02-05.wav,03-01-08-01-02-02-05.wav,5,male,8,surprised,normal,2,2,train,7,data/processed/log_mel/03-01-08-01-02-02-05.npy
data/raw/ravdess/Actor_05/03-01-08-02-01-01-05.wav,03-01-08-02-01-01-05.wav,5,male,8,surprised,strong,1,1,train,7,data/processed/log_mel/03-01-08-02-01-01-05.npy
data/raw/ravdess/Actor_05/03-01-08-02-01-02-05.wav,03-01-08-02-01-02-05.wav,5,male,8,surprised,strong,1,2,train,7,data/processed/log_mel/03-01-08-02-01-02-05.npy
data/raw/ravdess/Actor_05/03-01-08-02-02-01-05.wav,03-01-08-02-02-01-05.wav,5,male,8,surprised,strong,2,1,train,7,data/processed/log_mel/03-01-08-02-02-01-05.npy
data/raw/ravdess/Actor_05/03-01-08-02-02-02-05.wav,03-01-08-02-02-02-05.wav,5,male,8,surprised,strong,2,2,train,7,data/processed/log_mel/03-01-08-02-02-02-05.npy
data/raw/ravdess/Actor_06/03-01-01-01-01-01-06.wav,03-01-01-01-01-01-06.wav,6,female,1,neutral,normal,1,1,train,0,data/processed/log_mel/03-01-01-01-01-01-06.npy
data/raw/ravdess/Actor_06/03-01-01-01-01-02-06.wav,03-01-01-01-01-02-06.wav,6,female,1,neutral,normal,1,2,train,0,data/processed/log_mel/03-01-01-01-01-02-06.npy
data/raw/ravdess/Actor_06/03-01-01-01-02-01-06.wav,03-01-01-01-02-01-06.wav,6,female,1,neutral,normal,2,1,train,0,data/processed/log_mel/03-01-01-01-02-01-06.npy
data/raw/ravdess/Actor_06/03-01-01-01-02-02-06.wav,03-01-01-01-02-02-06.wav,6,female,1,neutral,normal,2,2,train,0,data/processed/log_mel/03-01-01-01-02-02-06.npy
data/raw/ravdess/Actor_06/03-01-02-01-01-01-06.wav,03-01-02-01-01-01-06.wav,6,female,2,calm,normal,1,1,train,1,data/processed/log_mel/03-01-02-01-01-01-06.npy
data/raw/ravdess/Actor_06/03-01-02-01-01-02-06.wav,03-01-02-01-01-02-06.wav,6,female,2,calm,normal,1,2,train,1,data/processed/log_mel/03-01-02-01-01-02-06.npy
data/raw/ravdess/Actor_06/03-01-02-01-02-01-06.wav,03-01-02-01-02-01-06.wav,6,female,2,calm,normal,2,1,train,1,data/processed/log_mel/03-01-02-01-02-01-06.npy
data/raw/ravdess/Actor_06/03-01-02-01-02-02-06.wav,03-01-02-01-02-02-06.wav,6,female,2,calm,normal,2,2,train,1,data/processed/log_mel/03-01-02-01-02-02-06.npy
data/raw/ravdess/Actor_06/03-01-02-02-01-01-06.wav,03-01-02-02-01-01-06.wav,6,female,2,calm,strong,1,1,train,1,data/processed/log_mel/03-01-02-02-01-01-06.npy
data/raw/ravdess/Actor_06/03-01-02-02-01-02-06.wav,03-01-02-02-01-02-06.wav,6,female,2,calm,strong,1,2,train,1,data/processed/log_mel/03-01-02-02-01-02-06.npy
data/raw/ravdess/Actor_06/03-01-02-02-02-01-06.wav,03-01-02-02-02-01-06.wav,6,female,2,calm,strong,2,1,train,1,data/processed/log_mel/03-01-02-02-02-01-06.npy
data/raw/ravdess/Actor_06/03-01-02-02-02-02-06.wav,03-01-02-02-02-02-06.wav,6,female,2,calm,strong,2,2,train,1,data/processed/log_mel/03-01-02-02-02-02-06.npy
data/raw/ravdess/Actor_06/03-01-03-01-01-01-06.wav,03-01-03-01-01-01-06.wav,6,female,3,happy,normal,1,1,train,2,data/processed/log_mel/03-01-03-01-01-01-06.npy
data/raw/ravdess/Actor_06/03-01-03-01-01-02-06.wav,03-01-03-01-01-02-06.wav,6,female,3,happy,normal,1,2,train,2,data/processed/log_mel/03-01-03-01-01-02-06.npy
data/raw/ravdess/Actor_06/03-01-03-01-02-01-06.wav,03-01-03-01-02-01-06.wav,6,female,3,happy,normal,2,1,train,2,data/processed/log_mel/03-01-03-01-02-01-06.npy
data/raw/ravdess/Actor_06/03-01-03-01-02-02-06.wav,03-01-03-01-02-02-06.wav,6,female,3,happy,normal,2,2,train,2,data/processed/log_mel/03-01-03-01-02-02-06.npy
data/raw/ravdess/Actor_06/03-01-03-02-01-01-06.wav,03-01-03-02-01-01-06.wav,6,female,3,happy,strong,1,1,train,2,data/processed/log_mel/03-01-03-02-01-01-06.npy
data/raw/ravdess/Actor_06/03-01-03-02-01-02-06.wav,03-01-03-02-01-02-06.wav,6,female,3,happy,strong,1,2,train,2,data/processed/log_mel/03-01-03-02-01-02-06.npy
data/raw/ravdess/Actor_06/03-01-03-02-02-01-06.wav,03-01-03-02-02-01-06.wav,6,female,3,happy,strong,2,1,train,2,data/processed/log_mel/03-01-03-02-02-01-06.npy
data/raw/ravdess/Actor_06/03-01-03-02-02-02-06.wav,03-01-03-02-02-02-06.wav,6,female,3,happy,strong,2,2,train,2,data/processed/log_mel/03-01-03-02-02-02-06.npy
data/raw/ravdess/Actor_06/03-01-04-01-01-01-06.wav,03-01-04-01-01-01-06.wav,6,female,4,sad,normal,1,1,train,3,data/processed/log_mel/03-01-04-01-01-01-06.npy
data/raw/ravdess/Actor_06/03-01-04-01-01-02-06.wav,03-01-04-01-01-02-06.wav,6,female,4,sad,normal,1,2,train,3,data/processed/log_mel/03-01-04-01-01-02-06.npy
data/raw/ravdess/Actor_06/03-01-04-01-02-01-06.wav,03-01-04-01-02-01-06.wav,6,female,4,sad,normal,2,1,train,3,data/processed/log_mel/03-01-04-01-02-01-06.npy
data/raw/ravdess/Actor_06/03-01-04-01-02-02-06.wav,03-01-04-01-02-02-06.wav,6,female,4,sad,normal,2,2,train,3,data/processed/log_mel/03-01-04-01-02-02-06.npy
data/raw/ravdess/Actor_06/03-01-04-02-01-01-06.wav,03-01-04-02-01-01-06.wav,6,female,4,sad,strong,1,1,train,3,data/processed/log_mel/03-01-04-02-01-01-06.npy
data/raw/ravdess/Actor_06/03-01-04-02-01-02-06.wav,03-01-04-02-01-02-06.wav,6,female,4,sad,strong,1,2,train,3,data/processed/log_mel/03-01-04-02-01-02-06.npy
data/raw/ravdess/Actor_06/03-01-04-02-02-01-06.wav,03-01-04-02-02-01-06.wav,6,female,4,sad,strong,2,1,train,3,data/processed/log_mel/03-01-04-02-02-01-06.npy
data/raw/ravdess/Actor_06/03-01-04-02-02-02-06.wav,03-01-04-02-02-02-06.wav,6,female,4,sad,strong,2,2,train,3,data/processed/log_mel/03-01-04-02-02-02-06.npy
data/raw/ravdess/Actor_06/03-01-05-01-01-01-06.wav,03-01-05-01-01-01-06.wav,6,female,5,angry,normal,1,1,train,4,data/processed/log_mel/03-01-05-01-01-01-06.npy
data/raw/ravdess/Actor_06/03-01-05-01-01-02-06.wav,03-01-05-01-01-02-06.wav,6,female,5,angry,normal,1,2,train,4,data/processed/log_mel/03-01-05-01-01-02-06.npy
data/raw/ravdess/Actor_06/03-01-05-01-02-01-06.wav,03-01-05-01-02-01-06.wav,6,female,5,angry,normal,2,1,train,4,data/processed/log_mel/03-01-05-01-02-01-06.npy
data/raw/ravdess/Actor_06/03-01-05-01-02-02-06.wav,03-01-05-01-02-02-06.wav,6,female,5,angry,normal,2,2,train,4,data/processed/log_mel/03-01-05-01-02-02-06.npy
data/raw/ravdess/Actor_06/03-01-05-02-01-01-06.wav,03-01-05-02-01-01-06.wav,6,female,5,angry,strong,1,1,train,4,data/processed/log_mel/03-01-05-02-01-01-06.npy
data/raw/ravdess/Actor_06/03-01-05-02-01-02-06.wav,03-01-05-02-01-02-06.wav,6,female,5,angry,strong,1,2,train,4,data/processed/log_mel/03-01-05-02-01-02-06.npy
data/raw/ravdess/Actor_06/03-01-05-02-02-01-06.wav,03-01-05-02-02-01-06.wav,6,female,5,angry,strong,2,1,train,4,data/processed/log_mel/03-01-05-02-02-01-06.npy
data/raw/ravdess/Actor_06/03-01-05-02-02-02-06.wav,03-01-05-02-02-02-06.wav,6,female,5,angry,strong,2,2,train,4,data/processed/log_mel/03-01-05-02-02-02-06.npy
data/raw/ravdess/Actor_06/03-01-06-01-01-01-06.wav,03-01-06-01-01-01-06.wav,6,female,6,fearful,normal,1,1,train,5,data/processed/log_mel/03-01-06-01-01-01-06.npy
data/raw/ravdess/Actor_06/03-01-06-01-01-02-06.wav,03-01-06-01-01-02-06.wav,6,female,6,fearful,normal,1,2,train,5,data/processed/log_mel/03-01-06-01-01-02-06.npy
data/raw/ravdess/Actor_06/03-01-06-01-02-01-06.wav,03-01-06-01-02-01-06.wav,6,female,6,fearful,normal,2,1,train,5,data/processed/log_mel/03-01-06-01-02-01-06.npy
data/raw/ravdess/Actor_06/03-01-06-01-02-02-06.wav,03-01-06-01-02-02-06.wav,6,female,6,fearful,normal,2,2,train,5,data/processed/log_mel/03-01-06-01-02-02-06.npy
data/raw/ravdess/Actor_06/03-01-06-02-01-01-06.wav,03-01-06-02-01-01-06.wav,6,female,6,fearful,strong,1,1,train,5,data/processed/log_mel/03-01-06-02-01-01-06.npy
data/raw/ravdess/Actor_06/03-01-06-02-01-02-06.wav,03-01-06-02-01-02-06.wav,6,female,6,fearful,strong,1,2,train,5,data/processed/log_mel/03-01-06-02-01-02-06.npy
data/raw/ravdess/Actor_06/03-01-06-02-02-01-06.wav,03-01-06-02-02-01-06.wav,6,female,6,fearful,strong,2,1,train,5,data/processed/log_mel/03-01-06-02-02-01-06.npy
data/raw/ravdess/Actor_06/03-01-06-02-02-02-06.wav,03-01-06-02-02-02-06.wav,6,female,6,fearful,strong,2,2,train,5,data/processed/log_mel/03-01-06-02-02-02-06.npy
data/raw/ravdess/Actor_06/03-01-07-01-01-01-06.wav,03-01-07-01-01-01-06.wav,6,female,7,disgust,normal,1,1,train,6,data/processed/log_mel/03-01-07-01-01-01-06.npy
data/raw/ravdess/Actor_06/03-01-07-01-01-02-06.wav,03-01-07-01-01-02-06.wav,6,female,7,disgust,normal,1,2,train,6,data/processed/log_mel/03-01-07-01-01-02-06.npy
data/raw/ravdess/Actor_06/03-01-07-01-02-01-06.wav,03-01-07-01-02-01-06.wav,6,female,7,disgust,normal,2,1,train,6,data/processed/log_mel/03-01-07-01-02-01-06.npy
data/raw/ravdess/Actor_06/03-01-07-01-02-02-06.wav,03-01-07-01-02-02-06.wav,6,female,7,disgust,normal,2,2,train,6,data/processed/log_mel/03-01-07-01-02-02-06.npy
data/raw/ravdess/Actor_06/03-01-07-02-01-01-06.wav,03-01-07-02-01-01-06.wav,6,female,7,disgust,strong,1,1,train,6,data/processed/log_mel/03-01-07-02-01-01-06.npy
data/raw/ravdess/Actor_06/03-01-07-02-01-02-06.wav,03-01-07-02-01-02-06.wav,6,female,7,disgust,strong,1,2,train,6,data/processed/log_mel/03-01-07-02-01-02-06.npy
data/raw/ravdess/Actor_06/03-01-07-02-02-01-06.wav,03-01-07-02-02-01-06.wav,6,female,7,disgust,strong,2,1,train,6,data/processed/log_mel/03-01-07-02-02-01-06.npy
data/raw/ravdess/Actor_06/03-01-07-02-02-02-06.wav,03-01-07-02-02-02-06.wav,6,female,7,disgust,strong,2,2,train,6,data/processed/log_mel/03-01-07-02-02-02-06.npy
data/raw/ravdess/Actor_06/03-01-08-01-01-01-06.wav,03-01-08-01-01-01-06.wav,6,female,8,surprised,normal,1,1,train,7,data/processed/log_mel/03-01-08-01-01-01-06.npy
data/raw/ravdess/Actor_06/03-01-08-01-01-02-06.wav,03-01-08-01-01-02-06.wav,6,female,8,surprised,normal,1,2,train,7,data/processed/log_mel/03-01-08-01-01-02-06.npy
data/raw/ravdess/Actor_06/03-01-08-01-02-01-06.wav,03-01-08-01-02-01-06.wav,6,female,8,surprised,normal,2,1,train,7,data/processed/log_mel/03-01-08-01-02-01-06.npy
data/raw/ravdess/Actor_06/03-01-08-01-02-02-06.wav,03-01-08-01-02-02-06.wav,6,female,8,surprised,normal,2,2,train,7,data/processed/log_mel/03-01-08-01-02-02-06.npy
data/raw/ravdess/Actor_06/03-01-08-02-01-01-06.wav,03-01-08-02-01-01-06.wav,6,female,8,surprised,strong,1,1,train,7,data/processed/log_mel/03-01-08-02-01-01-06.npy
data/raw/ravdess/Actor_06/03-01-08-02-01-02-06.wav,03-01-08-02-01-02-06.wav,6,female,8,surprised,strong,1,2,train,7,data/processed/log_mel/03-01-08-02-01-02-06.npy
data/raw/ravdess/Actor_06/03-01-08-02-02-01-06.wav,03-01-08-02-02-01-06.wav,6,female,8,surprised,strong,2,1,train,7,data/processed/log_mel/03-01-08-02-02-01-06.npy
data/raw/ravdess/Actor_06/03-01-08-02-02-02-06.wav,03-01-08-02-02-02-06.wav,6,female,8,surprised,strong,2,2,train,7,data/processed/log_mel/03-01-08-02-02-02-06.npy
data/raw/ravdess/Actor_07/03-01-01-01-01-01-07.wav,03-01-01-01-01-01-07.wav,7,male,1,neutral,normal,1,1,train,0,data/processed/log_mel/03-01-01-01-01-01-07.npy
data/raw/ravdess/Actor_07/03-01-01-01-01-02-07.wav,03-01-01-01-01-02-07.wav,7,male,1,neutral,normal,1,2,train,0,data/processed/log_mel/03-01-01-01-01-02-07.npy
data/raw/ravdess/Actor_07/03-01-01-01-02-01-07.wav,03-01-01-01-02-01-07.wav,7,male,1,neutral,normal,2,1,train,0,data/processed/log_mel/03-01-01-01-02-01-07.npy
data/raw/ravdess/Actor_07/03-01-01-01-02-02-07.wav,03-01-01-01-02-02-07.wav,7,male,1,neutral,normal,2,2,train,0,data/processed/log_mel/03-01-01-01-02-02-07.npy
data/raw/ravdess/Actor_07/03-01-02-01-01-01-07.wav,03-01-02-01-01-01-07.wav,7,male,2,calm,normal,1,1,train,1,data/processed/log_mel/03-01-02-01-01-01-07.npy
data/raw/ravdess/Actor_07/03-01-02-01-01-02-07.wav,03-01-02-01-01-02-07.wav,7,male,2,calm,normal,1,2,train,1,data/processed/log_mel/03-01-02-01-01-02-07.npy
data/raw/ravdess/Actor_07/03-01-02-01-02-01-07.wav,03-01-02-01-02-01-07.wav,7,male,2,calm,normal,2,1,train,1,data/processed/log_mel/03-01-02-01-02-01-07.npy
data/raw/ravdess/Actor_07/03-01-02-01-02-02-07.wav,03-01-02-01-02-02-07.wav,7,male,2,calm,normal,2,2,train,1,data/processed/log_mel/03-01-02-01-02-02-07.npy
data/raw/ravdess/Actor_07/03-01-02-02-01-01-07.wav,03-01-02-02-01-01-07.wav,7,male,2,calm,strong,1,1,train,1,data/processed/log_mel/03-01-02-02-01-01-07.npy
data/raw/ravdess/Actor_07/03-01-02-02-01-02-07.wav,03-01-02-02-01-02-07.wav,7,male,2,calm,strong,1,2,train,1,data/processed/log_mel/03-01-02-02-01-02-07.npy
data/raw/ravdess/Actor_07/03-01-02-02-02-01-07.wav,03-01-02-02-02-01-07.wav,7,male,2,calm,strong,2,1,train,1,data/processed/log_mel/03-01-02-02-02-01-07.npy
data/raw/ravdess/Actor_07/03-01-02-02-02-02-07.wav,03-01-02-02-02-02-07.wav,7,male,2,calm,strong,2,2,train,1,data/processed/log_mel/03-01-02-02-02-02-07.npy
data/raw/ravdess/Actor_07/03-01-03-01-01-01-07.wav,03-01-03-01-01-01-07.wav,7,male,3,happy,normal,1,1,train,2,data/processed/log_mel/03-01-03-01-01-01-07.npy
data/raw/ravdess/Actor_07/03-01-03-01-01-02-07.wav,03-01-03-01-01-02-07.wav,7,male,3,happy,normal,1,2,train,2,data/processed/log_mel/03-01-03-01-01-02-07.npy
data/raw/ravdess/Actor_07/03-01-03-01-02-01-07.wav,03-01-03-01-02-01-07.wav,7,male,3,happy,normal,2,1,train,2,data/processed/log_mel/03-01-03-01-02-01-07.npy
data/raw/ravdess/Actor_07/03-01-03-01-02-02-07.wav,03-01-03-01-02-02-07.wav,7,male,3,happy,normal,2,2,train,2,data/processed/log_mel/03-01-03-01-02-02-07.npy
data/raw/ravdess/Actor_07/03-01-03-02-01-01-07.wav,03-01-03-02-01-01-07.wav,7,male,3,happy,strong,1,1,train,2,data/processed/log_mel/03-01-03-02-01-01-07.npy
data/raw/ravdess/Actor_07/03-01-03-02-01-02-07.wav,03-01-03-02-01-02-07.wav,7,male,3,happy,strong,1,2,train,2,data/processed/log_mel/03-01-03-02-01-02-07.npy
data/raw/ravdess/Actor_07/03-01-03-02-02-01-07.wav,03-01-03-02-02-01-07.wav,7,male,3,happy,strong,2,1,train,2,data/processed/log_mel/03-01-03-02-02-01-07.npy
data/raw/ravdess/Actor_07/03-01-03-02-02-02-07.wav,03-01-03-02-02-02-07.wav,7,male,3,happy,strong,2,2,train,2,data/processed/log_mel/03-01-03-02-02-02-07.npy
data/raw/ravdess/Actor_07/03-01-04-01-01-01-07.wav,03-01-04-01-01-01-07.wav,7,male,4,sad,normal,1,1,train,3,data/processed/log_mel/03-01-04-01-01-01-07.npy
data/raw/ravdess/Actor_07/03-01-04-01-01-02-07.wav,03-01-04-01-01-02-07.wav,7,male,4,sad,normal,1,2,train,3,data/processed/log_mel/03-01-04-01-01-02-07.npy
data/raw/ravdess/Actor_07/03-01-04-01-02-01-07.wav,03-01-04-01-02-01-07.wav,7,male,4,sad,normal,2,1,train,3,data/processed/log_mel/03-01-04-01-02-01-07.npy
data/raw/ravdess/Actor_07/03-01-04-01-02-02-07.wav,03-01-04-01-02-02-07.wav,7,male,4,sad,normal,2,2,train,3,data/processed/log_mel/03-01-04-01-02-02-07.npy
data/raw/ravdess/Actor_07/03-01-04-02-01-01-07.wav,03-01-04-02-01-01-07.wav,7,male,4,sad,strong,1,1,train,3,data/processed/log_mel/03-01-04-02-01-01-07.npy
data/raw/ravdess/Actor_07/03-01-04-02-01-02-07.wav,03-01-04-02-01-02-07.wav,7,male,4,sad,strong,1,2,train,3,data/processed/log_mel/03-01-04-02-01-02-07.npy
data/raw/ravdess/Actor_07/03-01-04-02-02-01-07.wav,03-01-04-02-02-01-07.wav,7,male,4,sad,strong,2,1,train,3,data/processed/log_mel/03-01-04-02-02-01-07.npy
data/raw/ravdess/Actor_07/03-01-04-02-02-02-07.wav,03-01-04-02-02-02-07.wav,7,male,4,sad,strong,2,2,train,3,data/processed/log_mel/03-01-04-02-02-02-07.npy
data/raw/ravdess/Actor_07/03-01-05-01-01-01-07.wav,03-01-05-01-01-01-07.wav,7,male,5,angry,normal,1,1,train,4,data/processed/log_mel/03-01-05-01-01-01-07.npy
data/raw/ravdess/Actor_07/03-01-05-01-01-02-07.wav,03-01-05-01-01-02-07.wav,7,male,5,angry,normal,1,2,train,4,data/processed/log_mel/03-01-05-01-01-02-07.npy
data/raw/ravdess/Actor_07/03-01-05-01-02-01-07.wav,03-01-05-01-02-01-07.wav,7,male,5,angry,normal,2,1,train,4,data/processed/log_mel/03-01-05-01-02-01-07.npy
data/raw/ravdess/Actor_07/03-01-05-01-02-02-07.wav,03-01-05-01-02-02-07.wav,7,male,5,angry,normal,2,2,train,4,data/processed/log_mel/03-01-05-01-02-02-07.npy
data/raw/ravdess/Actor_07/03-01-05-02-01-01-07.wav,03-01-05-02-01-01-07.wav,7,male,5,angry,strong,1,1,train,4,data/processed/log_mel/03-01-05-02-01-01-07.npy
data/raw/ravdess/Actor_07/03-01-05-02-01-02-07.wav,03-01-05-02-01-02-07.wav,7,male,5,angry,strong,1,2,train,4,data/processed/log_mel/03-01-05-02-01-02-07.npy
data/raw/ravdess/Actor_07/03-01-05-02-02-01-07.wav,03-01-05-02-02-01-07.wav,7,male,5,angry,strong,2,1,train,4,data/processed/log_mel/03-01-05-02-02-01-07.npy
data/raw/ravdess/Actor_07/03-01-05-02-02-02-07.wav,03-01-05-02-02-02-07.wav,7,male,5,angry,strong,2,2,train,4,data/processed/log_mel/03-01-05-02-02-02-07.npy
data/raw/ravdess/Actor_07/03-01-06-01-01-01-07.wav,03-01-06-01-01-01-07.wav,7,male,6,fearful,normal,1,1,train,5,data/processed/log_mel/03-01-06-01-01-01-07.npy
data/raw/ravdess/Actor_07/03-01-06-01-01-02-07.wav,03-01-06-01-01-02-07.wav,7,male,6,fearful,normal,1,2,train,5,data/processed/log_mel/03-01-06-01-01-02-07.npy
data/raw/ravdess/Actor_07/03-01-06-01-02-01-07.wav,03-01-06-01-02-01-07.wav,7,male,6,fearful,normal,2,1,train,5,data/processed/log_mel/03-01-06-01-02-01-07.npy
data/raw/ravdess/Actor_07/03-01-06-01-02-02-07.wav,03-01-06-01-02-02-07.wav,7,male,6,fearful,normal,2,2,train,5,data/processed/log_mel/03-01-06-01-02-02-07.npy
data/raw/ravdess/Actor_07/03-01-06-02-01-01-07.wav,03-01-06-02-01-01-07.wav,7,male,6,fearful,strong,1,1,train,5,data/processed/log_mel/03-01-06-02-01-01-07.npy
data/raw/ravdess/Actor_07/03-01-06-02-01-02-07.wav,03-01-06-02-01-02-07.wav,7,male,6,fearful,strong,1,2,train,5,data/processed/log_mel/03-01-06-02-01-02-07.npy
data/raw/ravdess/Actor_07/03-01-06-02-02-01-07.wav,03-01-06-02-02-01-07.wav,7,male,6,fearful,strong,2,1,train,5,data/processed/log_mel/03-01-06-02-02-01-07.npy
data/raw/ravdess/Actor_07/03-01-06-02-02-02-07.wav,03-01-06-02-02-02-07.wav,7,male,6,fearful,strong,2,2,train,5,data/processed/log_mel/03-01-06-02-02-02-07.npy
data/raw/ravdess/Actor_07/03-01-07-01-01-01-07.wav,03-01-07-01-01-01-07.wav,7,male,7,disgust,normal,1,1,train,6,data/processed/log_mel/03-01-07-01-01-01-07.npy
data/raw/ravdess/Actor_07/03-01-07-01-01-02-07.wav,03-01-07-01-01-02-07.wav,7,male,7,disgust,normal,1,2,train,6,data/processed/log_mel/03-01-07-01-01-02-07.npy
data/raw/ravdess/Actor_07/03-01-07-01-02-01-07.wav,03-01-07-01-02-01-07.wav,7,male,7,disgust,normal,2,1,train,6,data/processed/log_mel/03-01-07-01-02-01-07.npy
data/raw/ravdess/Actor_07/03-01-07-01-02-02-07.wav,03-01-07-01-02-02-07.wav,7,male,7,disgust,normal,2,2,train,6,data/processed/log_mel/03-01-07-01-02-02-07.npy
data/raw/ravdess/Actor_07/03-01-07-02-01-01-07.wav,03-01-07-02-01-01-07.wav,7,male,7,disgust,strong,1,1,train,6,data/processed/log_mel/03-01-07-02-01-01-07.npy
data/raw/ravdess/Actor_07/03-01-07-02-01-02-07.wav,03-01-07-02-01-02-07.wav,7,male,7,disgust,strong,1,2,train,6,data/processed/log_mel/03-01-07-02-01-02-07.npy
data/raw/ravdess/Actor_07/03-01-07-02-02-01-07.wav,03-01-07-02-02-01-07.wav,7,male,7,disgust,strong,2,1,train,6,data/processed/log_mel/03-01-07-02-02-01-07.npy
data/raw/ravdess/Actor_07/03-01-07-02-02-02-07.wav,03-01-07-02-02-02-07.wav,7,male,7,disgust,strong,2,2,train,6,data/processed/log_mel/03-01-07-02-02-02-07.npy
data/raw/ravdess/Actor_07/03-01-08-01-01-01-07.wav,03-01-08-01-01-01-07.wav,7,male,8,surprised,normal,1,1,train,7,data/processed/log_mel/03-01-08-01-01-01-07.npy
data/raw/ravdess/Actor_07/03-01-08-01-01-02-07.wav,03-01-08-01-01-02-07.wav,7,male,8,surprised,normal,1,2,train,7,data/processed/log_mel/03-01-08-01-01-02-07.npy
data/raw/ravdess/Actor_07/03-01-08-01-02-01-07.wav,03-01-08-01-02-01-07.wav,7,male,8,surprised,normal,2,1,train,7,data/processed/log_mel/03-01-08-01-02-01-07.npy
data/raw/ravdess/Actor_07/03-01-08-01-02-02-07.wav,03-01-08-01-02-02-07.wav,7,male,8,surprised,normal,2,2,train,7,data/processed/log_mel/03-01-08-01-02-02-07.npy
data/raw/ravdess/Actor_07/03-01-08-02-01-01-07.wav,03-01-08-02-01-01-07.wav,7,male,8,surprised,strong,1,1,train,7,data/processed/log_mel/03-01-08-02-01-01-07.npy
data/raw/ravdess/Actor_07/03-01-08-02-01-02-07.wav,03-01-08-02-01-02-07.wav,7,male,8,surprised,strong,1,2,train,7,data/processed/log_mel/03-01-08-02-01-02-07.npy
data/raw/ravdess/Actor_07/03-01-08-02-02-01-07.wav,03-01-08-02-02-01-07.wav,7,male,8,surprised,strong,2,1,train,7,data/processed/log_mel/03-01-08-02-02-01-07.npy
data/raw/ravdess/Actor_07/03-01-08-02-02-02-07.wav,03-01-08-02-02-02-07.wav,7,male,8,surprised,strong,2,2,train,7,data/processed/log_mel/03-01-08-02-02-02-07.npy
data/raw/ravdess/Actor_08/03-01-01-01-01-01-08.wav,03-01-01-01-01-01-08.wav,8,female,1,neutral,normal,1,1,train,0,data/processed/log_mel/03-01-01-01-01-01-08.npy
data/raw/ravdess/Actor_08/03-01-01-01-01-02-08.wav,03-01-01-01-01-02-08.wav,8,female,1,neutral,normal,1,2,train,0,data/processed/log_mel/03-01-01-01-01-02-08.npy
data/raw/ravdess/Actor_08/03-01-01-01-02-01-08.wav,03-01-01-01-02-01-08.wav,8,female,1,neutral,normal,2,1,train,0,data/processed/log_mel/03-01-01-01-02-01-08.npy
data/raw/ravdess/Actor_08/03-01-01-01-02-02-08.wav,03-01-01-01-02-02-08.wav,8,female,1,neutral,normal,2,2,train,0,data/processed/log_mel/03-01-01-01-02-02-08.npy
data/raw/ravdess/Actor_08/03-01-02-01-01-01-08.wav,03-01-02-01-01-01-08.wav,8,female,2,calm,normal,1,1,train,1,data/processed/log_mel/03-01-02-01-01-01-08.npy
data/raw/ravdess/Actor_08/03-01-02-01-01-02-08.wav,03-01-02-01-01-02-08.wav,8,female,2,calm,normal,1,2,train,1,data/processed/log_mel/03-01-02-01-01-02-08.npy
data/raw/ravdess/Actor_08/03-01-02-01-02-01-08.wav,03-01-02-01-02-01-08.wav,8,female,2,calm,normal,2,1,train,1,data/processed/log_mel/03-01-02-01-02-01-08.npy
data/raw/ravdess/Actor_08/03-01-02-01-02-02-08.wav,03-01-02-01-02-02-08.wav,8,female,2,calm,normal,2,2,train,1,data/processed/log_mel/03-01-02-01-02-02-08.npy
data/raw/ravdess/Actor_08/03-01-02-02-01-01-08.wav,03-01-02-02-01-01-08.wav,8,female,2,calm,strong,1,1,train,1,data/processed/log_mel/03-01-02-02-01-01-08.npy
data/raw/ravdess/Actor_08/03-01-02-02-01-02-08.wav,03-01-02-02-01-02-08.wav,8,female,2,calm,strong,1,2,train,1,data/processed/log_mel/03-01-02-02-01-02-08.npy
data/raw/ravdess/Actor_08/03-01-02-02-02-01-08.wav,03-01-02-02-02-01-08.wav,8,female,2,calm,strong,2,1,train,1,data/processed/log_mel/03-01-02-02-02-01-08.npy
data/raw/ravdess/Actor_08/03-01-02-02-02-02-08.wav,03-01-02-02-02-02-08.wav,8,female,2,calm,strong,2,2,train,1,data/processed/log_mel/03-01-02-02-02-02-08.npy
data/raw/ravdess/Actor_08/03-01-03-01-01-01-08.wav,03-01-03-01-01-01-08.wav,8,female,3,happy,normal,1,1,train,2,data/processed/log_mel/03-01-03-01-01-01-08.npy
data/raw/ravdess/Actor_08/03-01-03-01-01-02-08.wav,03-01-03-01-01-02-08.wav,8,female,3,happy,normal,1,2,train,2,data/processed/log_mel/03-01-03-01-01-02-08.npy
data/raw/ravdess/Actor_08/03-01-03-01-02-01-08.wav,03-01-03-01-02-01-08.wav,8,female,3,happy,normal,2,1,train,2,data/processed/log_mel/03-01-03-01-02-01-08.npy
data/raw/ravdess/Actor_08/03-01-03-01-02-02-08.wav,03-01-03-01-02-02-08.wav,8,female,3,happy,normal,2,2,train,2,data/processed/log_mel/03-01-03-01-02-02-08.npy
data/raw/ravdess/Actor_08/03-01-03-02-01-01-08.wav,03-01-03-02-01-01-08.wav,8,female,3,happy,strong,1,1,train,2,data/processed/log_mel/03-01-03-02-01-01-08.npy
data/raw/ravdess/Actor_08/03-01-03-02-01-02-08.wav,03-01-03-02-01-02-08.wav,8,female,3,happy,strong,1,2,train,2,data/processed/log_mel/03-01-03-02-01-02-08.npy
data/raw/ravdess/Actor_08/03-01-03-02-02-01-08.wav,03-01-03-02-02-01-08.wav,8,female,3,happy,strong,2,1,train,2,data/processed/log_mel/03-01-03-02-02-01-08.npy
data/raw/ravdess/Actor_08/03-01-03-02-02-02-08.wav,03-01-03-02-02-02-08.wav,8,female,3,happy,strong,2,2,train,2,data/processed/log_mel/03-01-03-02-02-02-08.npy
data/raw/ravdess/Actor_08/03-01-04-01-01-01-08.wav,03-01-04-01-01-01-08.wav,8,female,4,sad,normal,1,1,train,3,data/processed/log_mel/03-01-04-01-01-01-08.npy
data/raw/ravdess/Actor_08/03-01-04-01-01-02-08.wav,03-01-04-01-01-02-08.wav,8,female,4,sad,normal,1,2,train,3,data/processed/log_mel/03-01-04-01-01-02-08.npy
data/raw/ravdess/Actor_08/03-01-04-01-02-01-08.wav,03-01-04-01-02-01-08.wav,8,female,4,sad,normal,2,1,train,3,data/processed/log_mel/03-01-04-01-02-01-08.npy
data/raw/ravdess/Actor_08/03-01-04-01-02-02-08.wav,03-01-04-01-02-02-08.wav,8,female,4,sad,normal,2,2,train,3,data/processed/log_mel/03-01-04-01-02-02-08.npy
data/raw/ravdess/Actor_08/03-01-04-02-01-01-08.wav,03-01-04-02-01-01-08.wav,8,female,4,sad,strong,1,1,train,3,data/processed/log_mel/03-01-04-02-01-01-08.npy
data/raw/ravdess/Actor_08/03-01-04-02-01-02-08.wav,03-01-04-02-01-02-08.wav,8,female,4,sad,strong,1,2,train,3,data/processed/log_mel/03-01-04-02-01-02-08.npy
data/raw/ravdess/Actor_08/03-01-04-02-02-01-08.wav,03-01-04-02-02-01-08.wav,8,female,4,sad,strong,2,1,train,3,data/processed/log_mel/03-01-04-02-02-01-08.npy
data/raw/ravdess/Actor_08/03-01-04-02-02-02-08.wav,03-01-04-02-02-02-08.wav,8,female,4,sad,strong,2,2,train,3,data/processed/log_mel/03-01-04-02-02-02-08.npy
data/raw/ravdess/Actor_08/03-01-05-01-01-01-08.wav,03-01-05-01-01-01-08.wav,8,female,5,angry,normal,1,1,train,4,data/processed/log_mel/03-01-05-01-01-01-08.npy
data/raw/ravdess/Actor_08/03-01-05-01-01-02-08.wav,03-01-05-01-01-02-08.wav,8,female,5,angry,normal,1,2,train,4,data/processed/log_mel/03-01-05-01-01-02-08.npy
data/raw/ravdess/Actor_08/03-01-05-01-02-01-08.wav,03-01-05-01-02-01-08.wav,8,female,5,angry,normal,2,1,train,4,data/processed/log_mel/03-01-05-01-02-01-08.npy
data/raw/ravdess/Actor_08/03-01-05-01-02-02-08.wav,03-01-05-01-02-02-08.wav,8,female,5,angry,normal,2,2,train,4,data/processed/log_mel/03-01-05-01-02-02-08.npy
data/raw/ravdess/Actor_08/03-01-05-02-01-01-08.wav,03-01-05-02-01-01-08.wav,8,female,5,angry,strong,1,1,train,4,data/processed/log_mel/03-01-05-02-01-01-08.npy
data/raw/ravdess/Actor_08/03-01-05-02-01-02-08.wav,03-01-05-02-01-02-08.wav,8,female,5,angry,strong,1,2,train,4,data/processed/log_mel/03-01-05-02-01-02-08.npy
data/raw/ravdess/Actor_08/03-01-05-02-02-01-08.wav,03-01-05-02-02-01-08.wav,8,female,5,angry,strong,2,1,train,4,data/processed/log_mel/03-01-05-02-02-01-08.npy
data/raw/ravdess/Actor_08/03-01-05-02-02-02-08.wav,03-01-05-02-02-02-08.wav,8,female,5,angry,strong,2,2,train,4,data/processed/log_mel/03-01-05-02-02-02-08.npy
data/raw/ravdess/Actor_08/03-01-06-01-01-01-08.wav,03-01-06-01-01-01-08.wav,8,female,6,fearful,normal,1,1,train,5,data/processed/log_mel/03-01-06-01-01-01-08.npy
data/raw/ravdess/Actor_08/03-01-06-01-01-02-08.wav,03-01-06-01-01-02-08.wav,8,female,6,fearful,normal,1,2,train,5,data/processed/log_mel/03-01-06-01-01-02-08.npy
data/raw/ravdess/Actor_08/03-01-06-01-02-01-08.wav,03-01-06-01-02-01-08.wav,8,female,6,fearful,normal,2,1,train,5,data/processed/log_mel/03-01-06-01-02-01-08.npy
data/raw/ravdess/Actor_08/03-01-06-01-02-02-08.wav,03-01-06-01-02-02-08.wav,8,female,6,fearful,normal,2,2,train,5,data/processed/log_mel/03-01-06-01-02-02-08.npy
data/raw/ravdess/Actor_08/03-01-06-02-01-01-08.wav,03-01-06-02-01-01-08.wav,8,female,6,fearful,strong,1,1,train,5,data/processed/log_mel/03-01-06-02-01-01-08.npy
data/raw/ravdess/Actor_08/03-01-06-02-01-02-08.wav,03-01-06-02-01-02-08.wav,8,female,6,fearful,strong,1,2,train,5,data/processed/log_mel/03-01-06-02-01-02-08.npy
data/raw/ravdess/Actor_08/03-01-06-02-02-01-08.wav,03-01-06-02-02-01-08.wav,8,female,6,fearful,strong,2,1,train,5,data/processed/log_mel/03-01-06-02-02-01-08.npy
data/raw/ravdess/Actor_08/03-01-06-02-02-02-08.wav,03-01-06-02-02-02-08.wav,8,female,6,fearful,strong,2,2,train,5,data/processed/log_mel/03-01-06-02-02-02-08.npy
data/raw/ravdess/Actor_08/03-01-07-01-01-01-08.wav,03-01-07-01-01-01-08.wav,8,female,7,disgust,normal,1,1,train,6,data/processed/log_mel/03-01-07-01-01-01-08.npy
data/raw/ravdess/Actor_08/03-01-07-01-01-02-08.wav,03-01-07-01-01-02-08.wav,8,female,7,disgust,normal,1,2,train,6,data/processed/log_mel/03-01-07-01-01-02-08.npy
data/raw/ravdess/Actor_08/03-01-07-01-02-01-08.wav,03-01-07-01-02-01-08.wav,8,female,7,disgust,normal,2,1,train,6,data/processed/log_mel/03-01-07-01-02-01-08.npy
data/raw/ravdess/Actor_08/03-01-07-01-02-02-08.wav,03-01-07-01-02-02-08.wav,8,female,7,disgust,normal,2,2,train,6,data/processed/log_mel/03-01-07-01-02-02-08.npy
data/raw/ravdess/Actor_08/03-01-07-02-01-01-08.wav,03-01-07-02-01-01-08.wav,8,female,7,disgust,strong,1,1,train,6,data/processed/log_mel/03-01-07-02-01-01-08.npy
data/raw/ravdess/Actor_08/03-01-07-02-01-02-08.wav,03-01-07-02-01-02-08.wav,8,female,7,disgust,strong,1,2,train,6,data/processed/log_mel/03-01-07-02-01-02-08.npy
data/raw/ravdess/Actor_08/03-01-07-02-02-01-08.wav,03-01-07-02-02-01-08.wav,8,female,7,disgust,strong,2,1,train,6,data/processed/log_mel/03-01-07-02-02-01-08.npy
data/raw/ravdess/Actor_08/03-01-07-02-02-02-08.wav,03-01-07-02-02-02-08.wav,8,female,7,disgust,strong,2,2,train,6,data/processed/log_mel/03-01-07-02-02-02-08.npy
data/raw/ravdess/Actor_08/03-01-08-01-01-01-08.wav,03-01-08-01-01-01-08.wav,8,female,8,surprised,normal,1,1,train,7,data/processed/log_mel/03-01-08-01-01-01-08.npy
data/raw/ravdess/Actor_08/03-01-08-01-01-02-08.wav,03-01-08-01-01-02-08.wav,8,female,8,surprised,normal,1,2,train,7,data/processed/log_mel/03-01-08-01-01-02-08.npy
data/raw/ravdess/Actor_08/03-01-08-01-02-01-08.wav,03-01-08-01-02-01-08.wav,8,female,8,surprised,normal,2,1,train,7,data/processed/log_mel/03-01-08-01-02-01-08.npy
data/raw/ravdess/Actor_08/03-01-08-01-02-02-08.wav,03-01-08-01-02-02-08.wav,8,female,8,surprised,normal,2,2,train,7,data/processed/log_mel/03-01-08-01-02-02-08.npy
data/raw/ravdess/Actor_08/03-01-08-02-01-01-08.wav,03-01-08-02-01-01-08.wav,8,female,8,surprised,strong,1,1,train,7,data/processed/log_mel/03-01-08-02-01-01-08.npy
data/raw/ravdess/Actor_08/03-01-08-02-01-02-08.wav,03-01-08-02-01-02-08.wav,8,female,8,surprised,strong,1,2,train,7,data/processed/log_mel/03-01-08-02-01-02-08.npy
data/raw/ravdess/Actor_08/03-01-08-02-02-01-08.wav,03-01-08-02-02-01-08.wav,8,female,8,surprised,strong,2,1,train,7,data/processed/log_mel/03-01-08-02-02-01-08.npy
data/raw/ravdess/Actor_08/03-01-08-02-02-02-08.wav,03-01-08-02-02-02-08.wav,8,female,8,surprised,strong,2,2,train,7,data/processed/log_mel/03-01-08-02-02-02-08.npy
data/raw/ravdess/Actor_09/03-01-01-01-01-01-09.wav,03-01-01-01-01-01-09.wav,9,male,1,neutral,normal,1,1,train,0,data/processed/log_mel/03-01-01-01-01-01-09.npy
data/raw/ravdess/Actor_09/03-01-01-01-01-02-09.wav,03-01-01-01-01-02-09.wav,9,male,1,neutral,normal,1,2,train,0,data/processed/log_mel/03-01-01-01-01-02-09.npy
data/raw/ravdess/Actor_09/03-01-01-01-02-01-09.wav,03-01-01-01-02-01-09.wav,9,male,1,neutral,normal,2,1,train,0,data/processed/log_mel/03-01-01-01-02-01-09.npy
data/raw/ravdess/Actor_09/03-01-01-01-02-02-09.wav,03-01-01-01-02-02-09.wav,9,male,1,neutral,normal,2,2,train,0,data/processed/log_mel/03-01-01-01-02-02-09.npy
data/raw/ravdess/Actor_09/03-01-02-01-01-01-09.wav,03-01-02-01-01-01-09.wav,9,male,2,calm,normal,1,1,train,1,data/processed/log_mel/03-01-02-01-01-01-09.npy
data/raw/ravdess/Actor_09/03-01-02-01-01-02-09.wav,03-01-02-01-01-02-09.wav,9,male,2,calm,normal,1,2,train,1,data/processed/log_mel/03-01-02-01-01-02-09.npy
data/raw/ravdess/Actor_09/03-01-02-01-02-01-09.wav,03-01-02-01-02-01-09.wav,9,male,2,calm,normal,2,1,train,1,data/processed/log_mel/03-01-02-01-02-01-09.npy
data/raw/ravdess/Actor_09/03-01-02-01-02-02-09.wav,03-01-02-01-02-02-09.wav,9,male,2,calm,normal,2,2,train,1,data/processed/log_mel/03-01-02-01-02-02-09.npy
data/raw/ravdess/Actor_09/03-01-02-02-01-01-09.wav,03-01-02-02-01-01-09.wav,9,male,2,calm,strong,1,1,train,1,data/processed/log_mel/03-01-02-02-01-01-09.npy
data/raw/ravdess/Actor_09/03-01-02-02-01-02-09.wav,03-01-02-02-01-02-09.wav,9,male,2,calm,strong,1,2,train,1,data/processed/log_mel/03-01-02-02-01-02-09.npy
data/raw/ravdess/Actor_09/03-01-02-02-02-01-09.wav,03-01-02-02-02-01-09.wav,9,male,2,calm,strong,2,1,train,1,data/processed/log_mel/03-01-02-02-02-01-09.npy
data/raw/ravdess/Actor_09/03-01-02-02-02-02-09.wav,03-01-02-02-02-02-09.wav,9,male,2,calm,strong,2,2,train,1,data/processed/log_mel/03-01-02-02-02-02-09.npy
data/raw/ravdess/Actor_09/03-01-03-01-01-01-09.wav,03-01-03-01-01-01-09.wav,9,male,3,happy,normal,1,1,train,2,data/processed/log_mel/03-01-03-01-01-01-09.npy
data/raw/ravdess/Actor_09/03-01-03-01-01-02-09.wav,03-01-03-01-01-02-09.wav,9,male,3,happy,normal,1,2,train,2,data/processed/log_mel/03-01-03-01-01-02-09.npy
data/raw/ravdess/Actor_09/03-01-03-01-02-01-09.wav,03-01-03-01-02-01-09.wav,9,male,3,happy,normal,2,1,train,2,data/processed/log_mel/03-01-03-01-02-01-09.npy
data/raw/ravdess/Actor_09/03-01-03-01-02-02-09.wav,03-01-03-01-02-02-09.wav,9,male,3,happy,normal,2,2,train,2,data/processed/log_mel/03-01-03-01-02-02-09.npy
data/raw/ravdess/Actor_09/03-01-03-02-01-01-09.wav,03-01-03-02-01-01-09.wav,9,male,3,happy,strong,1,1,train,2,data/processed/log_mel/03-01-03-02-01-01-09.npy
data/raw/ravdess/Actor_09/03-01-03-02-01-02-09.wav,03-01-03-02-01-02-09.wav,9,male,3,happy,strong,1,2,train,2,data/processed/log_mel/03-01-03-02-01-02-09.npy
data/raw/ravdess/Actor_09/03-01-03-02-02-01-09.wav,03-01-03-02-02-01-09.wav,9,male,3,happy,strong,2,1,train,2,data/processed/log_mel/03-01-03-02-02-01-09.npy
data/raw/ravdess/Actor_09/03-01-03-02-02-02-09.wav,03-01-03-02-02-02-09.wav,9,male,3,happy,strong,2,2,train,2,data/processed/log_mel/03-01-03-02-02-02-09.npy
data/raw/ravdess/Actor_09/03-01-04-01-01-01-09.wav,03-01-04-01-01-01-09.wav,9,male,4,sad,normal,1,1,train,3,data/processed/log_mel/03-01-04-01-01-01-09.npy
data/raw/ravdess/Actor_09/03-01-04-01-01-02-09.wav,03-01-04-01-01-02-09.wav,9,male,4,sad,normal,1,2,train,3,data/processed/log_mel/03-01-04-01-01-02-09.npy
data/raw/ravdess/Actor_09/03-01-04-01-02-01-09.wav,03-01-04-01-02-01-09.wav,9,male,4,sad,normal,2,1,train,3,data/processed/log_mel/03-01-04-01-02-01-09.npy
data/raw/ravdess/Actor_09/03-01-04-01-02-02-09.wav,03-01-04-01-02-02-09.wav,9,male,4,sad,normal,2,2,train,3,data/processed/log_mel/03-01-04-01-02-02-09.npy
data/raw/ravdess/Actor_09/03-01-04-02-01-01-09.wav,03-01-04-02-01-01-09.wav,9,male,4,sad,strong,1,1,train,3,data/processed/log_mel/03-01-04-02-01-01-09.npy
data/raw/ravdess/Actor_09/03-01-04-02-01-02-09.wav,03-01-04-02-01-02-09.wav,9,male,4,sad,strong,1,2,train,3,data/processed/log_mel/03-01-04-02-01-02-09.npy
data/raw/ravdess/Actor_09/03-01-04-02-02-01-09.wav,03-01-04-02-02-01-09.wav,9,male,4,sad,strong,2,1,train,3,data/processed/log_mel/03-01-04-02-02-01-09.npy
data/raw/ravdess/Actor_09/03-01-04-02-02-02-09.wav,03-01-04-02-02-02-09.wav,9,male,4,sad,strong,2,2,train,3,data/processed/log_mel/03-01-04-02-02-02-09.npy
data/raw/ravdess/Actor_09/03-01-05-01-01-01-09.wav,03-01-05-01-01-01-09.wav,9,male,5,angry,normal,1,1,train,4,data/processed/log_mel/03-01-05-01-01-01-09.npy
data/raw/ravdess/Actor_09/03-01-05-01-01-02-09.wav,03-01-05-01-01-02-09.wav,9,male,5,angry,normal,1,2,train,4,data/processed/log_mel/03-01-05-01-01-02-09.npy
data/raw/ravdess/Actor_09/03-01-05-01-02-01-09.wav,03-01-05-01-02-01-09.wav,9,male,5,angry,normal,2,1,train,4,data/processed/log_mel/03-01-05-01-02-01-09.npy
data/raw/ravdess/Actor_09/03-01-05-01-02-02-09.wav,03-01-05-01-02-02-09.wav,9,male,5,angry,normal,2,2,train,4,data/processed/log_mel/03-01-05-01-02-02-09.npy
data/raw/ravdess/Actor_09/03-01-05-02-01-01-09.wav,03-01-05-02-01-01-09.wav,9,male,5,angry,strong,1,1,train,4,data/processed/log_mel/03-01-05-02-01-01-09.npy
data/raw/ravdess/Actor_09/03-01-05-02-01-02-09.wav,03-01-05-02-01-02-09.wav,9,male,5,angry,strong,1,2,train,4,data/processed/log_mel/03-01-05-02-01-02-09.npy
data/raw/ravdess/Actor_09/03-01-05-02-02-01-09.wav,03-01-05-02-02-01-09.wav,9,male,5,angry,strong,2,1,train,4,data/processed/log_mel/03-01-05-02-02-01-09.npy
data/raw/ravdess/Actor_09/03-01-05-02-02-02-09.wav,03-01-05-02-02-02-09.wav,9,male,5,angry,strong,2,2,train,4,data/processed/log_mel/03-01-05-02-02-02-09.npy
data/raw/ravdess/Actor_09/03-01-06-01-01-01-09.wav,03-01-06-01-01-01-09.wav,9,male,6,fearful,normal,1,1,train,5,data/processed/log_mel/03-01-06-01-01-01-09.npy
data/raw/ravdess/Actor_09/03-01-06-01-01-02-09.wav,03-01-06-01-01-02-09.wav,9,male,6,fearful,normal,1,2,train,5,data/processed/log_mel/03-01-06-01-01-02-09.npy
data/raw/ravdess/Actor_09/03-01-06-01-02-01-09.wav,03-01-06-01-02-01-09.wav,9,male,6,fearful,normal,2,1,train,5,data/processed/log_mel/03-01-06-01-02-01-09.npy
data/raw/ravdess/Actor_09/03-01-06-01-02-02-09.wav,03-01-06-01-02-02-09.wav,9,male,6,fearful,normal,2,2,train,5,data/processed/log_mel/03-01-06-01-02-02-09.npy
data/raw/ravdess/Actor_09/03-01-06-02-01-01-09.wav,03-01-06-02-01-01-09.wav,9,male,6,fearful,strong,1,1,train,5,data/processed/log_mel/03-01-06-02-01-01-09.npy
data/raw/ravdess/Actor_09/03-01-06-02-01-02-09.wav,03-01-06-02-01-02-09.wav,9,male,6,fearful,strong,1,2,train,5,data/processed/log_mel/03-01-06-02-01-02-09.npy
data/raw/ravdess/Actor_09/03-01-06-02-02-01-09.wav,03-01-06-02-02-01-09.wav,9,male,6,fearful,strong,2,1,train,5,data/processed/log_mel/03-01-06-02-02-01-09.npy
data/raw/ravdess/Actor_09/03-01-06-02-02-02-09.wav,03-01-06-02-02-02-09.wav,9,male,6,fearful,strong,2,2,train,5,data/processed/log_mel/03-01-06-02-02-02-09.npy
data/raw/ravdess/Actor_09/03-01-07-01-01-01-09.wav,03-01-07-01-01-01-09.wav,9,male,7,disgust,normal,1,1,train,6,data/processed/log_mel/03-01-07-01-01-01-09.npy
data/raw/ravdess/Actor_09/03-01-07-01-01-02-09.wav,03-01-07-01-01-02-09.wav,9,male,7,disgust,normal,1,2,train,6,data/processed/log_mel/03-01-07-01-01-02-09.npy
data/raw/ravdess/Actor_09/03-01-07-01-02-01-09.wav,03-01-07-01-02-01-09.wav,9,male,7,disgust,normal,2,1,train,6,data/processed/log_mel/03-01-07-01-02-01-09.npy
data/raw/ravdess/Actor_09/03-01-07-01-02-02-09.wav,03-01-07-01-02-02-09.wav,9,male,7,disgust,normal,2,2,train,6,data/processed/log_mel/03-01-07-01-02-02-09.npy
data/raw/ravdess/Actor_09/03-01-07-02-01-01-09.wav,03-01-07-02-01-01-09.wav,9,male,7,disgust,strong,1,1,train,6,data/processed/log_mel/03-01-07-02-01-01-09.npy
data/raw/ravdess/Actor_09/03-01-07-02-01-02-09.wav,03-01-07-02-01-02-09.wav,9,male,7,disgust,strong,1,2,train,6,data/processed/log_mel/03-01-07-02-01-02-09.npy
data/raw/ravdess/Actor_09/03-01-07-02-02-01-09.wav,03-01-07-02-02-01-09.wav,9,male,7,disgust,strong,2,1,train,6,data/processed/log_mel/03-01-07-02-02-01-09.npy
data/raw/ravdess/Actor_09/03-01-07-02-02-02-09.wav,03-01-07-02-02-02-09.wav,9,male,7,disgust,strong,2,2,train,6,data/processed/log_mel/03-01-07-02-02-02-09.npy
data/raw/ravdess/Actor_09/03-01-08-01-01-01-09.wav,03-01-08-01-01-01-09.wav,9,male,8,surprised,normal,1,1,train,7,data/processed/log_mel/03-01-08-01-01-01-09.npy
data/raw/ravdess/Actor_09/03-01-08-01-01-02-09.wav,03-01-08-01-01-02-09.wav,9,male,8,surprised,normal,1,2,train,7,data/processed/log_mel/03-01-08-01-01-02-09.npy
data/raw/ravdess/Actor_09/03-01-08-01-02-01-09.wav,03-01-08-01-02-01-09.wav,9,male,8,surprised,normal,2,1,train,7,data/processed/log_mel/03-01-08-01-02-01-09.npy
data/raw/ravdess/Actor_09/03-01-08-01-02-02-09.wav,03-01-08-01-02-02-09.wav,9,male,8,surprised,normal,2,2,train,7,data/processed/log_mel/03-01-08-01-02-02-09.npy
data/raw/ravdess/Actor_09/03-01-08-02-01-01-09.wav,03-01-08-02-01-01-09.wav,9,male,8,surprised,strong,1,1,train,7,data/processed/log_mel/03-01-08-02-01-01-09.npy
data/raw/ravdess/Actor_09/03-01-08-02-01-02-09.wav,03-01-08-02-01-02-09.wav,9,male,8,surprised,strong,1,2,train,7,data/processed/log_mel/03-01-08-02-01-02-09.npy
data/raw/ravdess/Actor_09/03-01-08-02-02-01-09.wav,03-01-08-02-02-01-09.wav,9,male,8,surprised,strong,2,1,train,7,data/processed/log_mel/03-01-08-02-02-01-09.npy
data/raw/ravdess/Actor_09/03-01-08-02-02-02-09.wav,03-01-08-02-02-02-09.wav,9,male,8,surprised,strong,2,2,train,7,data/processed/log_mel/03-01-08-02-02-02-09.npy
data/raw/ravdess/Actor_10/03-01-01-01-01-01-10.wav,03-01-01-01-01-01-10.wav,10,female,1,neutral,normal,1,1,train,0,data/processed/log_mel/03-01-01-01-01-01-10.npy
data/raw/ravdess/Actor_10/03-01-01-01-01-02-10.wav,03-01-01-01-01-02-10.wav,10,female,1,neutral,normal,1,2,train,0,data/processed/log_mel/03-01-01-01-01-02-10.npy
data/raw/ravdess/Actor_10/03-01-01-01-02-01-10.wav,03-01-01-01-02-01-10.wav,10,female,1,neutral,normal,2,1,train,0,data/processed/log_mel/03-01-01-01-02-01-10.npy
data/raw/ravdess/Actor_10/03-01-01-01-02-02-10.wav,03-01-01-01-02-02-10.wav,10,female,1,neutral,normal,2,2,train,0,data/processed/log_mel/03-01-01-01-02-02-10.npy
data/raw/ravdess/Actor_10/03-01-02-01-01-01-10.wav,03-01-02-01-01-01-10.wav,10,female,2,calm,normal,1,1,train,1,data/processed/log_mel/03-01-02-01-01-01-10.npy
data/raw/ravdess/Actor_10/03-01-02-01-01-02-10.wav,03-01-02-01-01-02-10.wav,10,female,2,calm,normal,1,2,train,1,data/processed/log_mel/03-01-02-01-01-02-10.npy
data/raw/ravdess/Actor_10/03-01-02-01-02-01-10.wav,03-01-02-01-02-01-10.wav,10,female,2,calm,normal,2,1,train,1,data/processed/log_mel/03-01-02-01-02-01-10.npy
data/raw/ravdess/Actor_10/03-01-02-01-02-02-10.wav,03-01-02-01-02-02-10.wav,10,female,2,calm,normal,2,2,train,1,data/processed/log_mel/03-01-02-01-02-02-10.npy
data/raw/ravdess/Actor_10/03-01-02-02-01-01-10.wav,03-01-02-02-01-01-10.wav,10,female,2,calm,strong,1,1,train,1,data/processed/log_mel/03-01-02-02-01-01-10.npy
data/raw/ravdess/Actor_10/03-01-02-02-01-02-10.wav,03-01-02-02-01-02-10.wav,10,female,2,calm,strong,1,2,train,1,data/processed/log_mel/03-01-02-02-01-02-10.npy
data/raw/ravdess/Actor_10/03-01-02-02-02-01-10.wav,03-01-02-02-02-01-10.wav,10,female,2,calm,strong,2,1,train,1,data/processed/log_mel/03-01-02-02-02-01-10.npy
data/raw/ravdess/Actor_10/03-01-02-02-02-02-10.wav,03-01-02-02-02-02-10.wav,10,female,2,calm,strong,2,2,train,1,data/processed/log_mel/03-01-02-02-02-02-10.npy
data/raw/ravdess/Actor_10/03-01-03-01-01-01-10.wav,03-01-03-01-01-01-10.wav,10,female,3,happy,normal,1,1,train,2,data/processed/log_mel/03-01-03-01-01-01-10.npy
data/raw/ravdess/Actor_10/03-01-03-01-01-02-10.wav,03-01-03-01-01-02-10.wav,10,female,3,happy,normal,1,2,train,2,data/processed/log_mel/03-01-03-01-01-02-10.npy
data/raw/ravdess/Actor_10/03-01-03-01-02-01-10.wav,03-01-03-01-02-01-10.wav,10,female,3,happy,normal,2,1,train,2,data/processed/log_mel/03-01-03-01-02-01-10.npy
data/raw/ravdess/Actor_10/03-01-03-01-02-02-10.wav,03-01-03-01-02-02-10.wav,10,female,3,happy,normal,2,2,train,2,data/processed/log_mel/03-01-03-01-02-02-10.npy
data/raw/ravdess/Actor_10/03-01-03-02-01-01-10.wav,03-01-03-02-01-01-10.wav,10,female,3,happy,strong,1,1,train,2,data/processed/log_mel/03-01-03-02-01-01-10.npy
data/raw/ravdess/Actor_10/03-01-03-02-01-02-10.wav,03-01-03-02-01-02-10.wav,10,female,3,happy,strong,1,2,train,2,data/processed/log_mel/03-01-03-02-01-02-10.npy
data/raw/ravdess/Actor_10/03-01-03-02-02-01-10.wav,03-01-03-02-02-01-10.wav,10,female,3,happy,strong,2,1,train,2,data/processed/log_mel/03-01-03-02-02-01-10.npy
data/raw/ravdess/Actor_10/03-01-03-02-02-02-10.wav,03-01-03-02-02-02-10.wav,10,female,3,happy,strong,2,2,train,2,data/processed/log_mel/03-01-03-02-02-02-10.npy
data/raw/ravdess/Actor_10/03-01-04-01-01-01-10.wav,03-01-04-01-01-01-10.wav,10,female,4,sad,normal,1,1,train,3,data/processed/log_mel/03-01-04-01-01-01-10.npy
data/raw/ravdess/Actor_10/03-01-04-01-01-02-10.wav,03-01-04-01-01-02-10.wav,10,female,4,sad,normal,1,2,train,3,data/processed/log_mel/03-01-04-01-01-02-10.npy
data/raw/ravdess/Actor_10/03-01-04-01-02-01-10.wav,03-01-04-01-02-01-10.wav,10,female,4,sad,normal,2,1,train,3,data/processed/log_mel/03-01-04-01-02-01-10.npy
data/raw/ravdess/Actor_10/03-01-04-01-02-02-10.wav,03-01-04-01-02-02-10.wav,10,female,4,sad,normal,2,2,train,3,data/processed/log_mel/03-01-04-01-02-02-10.npy
data/raw/ravdess/Actor_10/03-01-04-02-01-01-10.wav,03-01-04-02-01-01-10.wav,10,female,4,sad,strong,1,1,train,3,data/processed/log_mel/03-01-04-02-01-01-10.npy
data/raw/ravdess/Actor_10/03-01-04-02-01-02-10.wav,03-01-04-02-01-02-10.wav,10,female,4,sad,strong,1,2,train,3,data/processed/log_mel/03-01-04-02-01-02-10.npy
data/raw/ravdess/Actor_10/03-01-04-02-02-01-10.wav,03-01-04-02-02-01-10.wav,10,female,4,sad,strong,2,1,train,3,data/processed/log_mel/03-01-04-02-02-01-10.npy
data/raw/ravdess/Actor_10/03-01-04-02-02-02-10.wav,03-01-04-02-02-02-10.wav,10,female,4,sad,strong,2,2,train,3,data/processed/log_mel/03-01-04-02-02-02-10.npy
data/raw/ravdess/Actor_10/03-01-05-01-01-01-10.wav,03-01-05-01-01-01-10.wav,10,female,5,angry,normal,1,1,train,4,data/processed/log_mel/03-01-05-01-01-01-10.npy
data/raw/ravdess/Actor_10/03-01-05-01-01-02-10.wav,03-01-05-01-01-02-10.wav,10,female,5,angry,normal,1,2,train,4,data/processed/log_mel/03-01-05-01-01-02-10.npy
data/raw/ravdess/Actor_10/03-01-05-01-02-01-10.wav,03-01-05-01-02-01-10.wav,10,female,5,angry,normal,2,1,train,4,data/processed/log_mel/03-01-05-01-02-01-10.npy
data/raw/ravdess/Actor_10/03-01-05-01-02-02-10.wav,03-01-05-01-02-02-10.wav,10,female,5,angry,normal,2,2,train,4,data/processed/log_mel/03-01-05-01-02-02-10.npy
data/raw/ravdess/Actor_10/03-01-05-02-01-01-10.wav,03-01-05-02-01-01-10.wav,10,female,5,angry,strong,1,1,train,4,data/processed/log_mel/03-01-05-02-01-01-10.npy
data/raw/ravdess/Actor_10/03-01-05-02-01-02-10.wav,03-01-05-02-01-02-10.wav,10,female,5,angry,strong,1,2,train,4,data/processed/log_mel/03-01-05-02-01-02-10.npy
data/raw/ravdess/Actor_10/03-01-05-02-02-01-10.wav,03-01-05-02-02-01-10.wav,10,female,5,angry,strong,2,1,train,4,data/processed/log_mel/03-01-05-02-02-01-10.npy
data/raw/ravdess/Actor_10/03-01-05-02-02-02-10.wav,03-01-05-02-02-02-10.wav,10,female,5,angry,strong,2,2,train,4,data/processed/log_mel/03-01-05-02-02-02-10.npy
data/raw/ravdess/Actor_10/03-01-06-01-01-01-10.wav,03-01-06-01-01-01-10.wav,10,female,6,fearful,normal,1,1,train,5,data/processed/log_mel/03-01-06-01-01-01-10.npy
data/raw/ravdess/Actor_10/03-01-06-01-01-02-10.wav,03-01-06-01-01-02-10.wav,10,female,6,fearful,normal,1,2,train,5,data/processed/log_mel/03-01-06-01-01-02-10.npy
data/raw/ravdess/Actor_10/03-01-06-01-02-01-10.wav,03-01-06-01-02-01-10.wav,10,female,6,fearful,normal,2,1,train,5,data/processed/log_mel/03-01-06-01-02-01-10.npy
data/raw/ravdess/Actor_10/03-01-06-01-02-02-10.wav,03-01-06-01-02-02-10.wav,10,female,6,fearful,normal,2,2,train,5,data/processed/log_mel/03-01-06-01-02-02-10.npy
data/raw/ravdess/Actor_10/03-01-06-02-01-01-10.wav,03-01-06-02-01-01-10.wav,10,female,6,fearful,strong,1,1,train,5,data/processed/log_mel/03-01-06-02-01-01-10.npy
data/raw/ravdess/Actor_10/03-01-06-02-01-02-10.wav,03-01-06-02-01-02-10.wav,10,female,6,fearful,strong,1,2,train,5,data/processed/log_mel/03-01-06-02-01-02-10.npy
data/raw/ravdess/Actor_10/03-01-06-02-02-01-10.wav,03-01-06-02-02-01-10.wav,10,female,6,fearful,strong,2,1,train,5,data/processed/log_mel/03-01-06-02-02-01-10.npy
data/raw/ravdess/Actor_10/03-01-06-02-02-02-10.wav,03-01-06-02-02-02-10.wav,10,female,6,fearful,strong,2,2,train,5,data/processed/log_mel/03-01-06-02-02-02-10.npy
data/raw/ravdess/Actor_10/03-01-07-01-01-01-10.wav,03-01-07-01-01-01-10.wav,10,female,7,disgust,normal,1,1,train,6,data/processed/log_mel/03-01-07-01-01-01-10.npy
data/raw/ravdess/Actor_10/03-01-07-01-01-02-10.wav,03-01-07-01-01-02-10.wav,10,female,7,disgust,normal,1,2,train,6,data/processed/log_mel/03-01-07-01-01-02-10.npy
data/raw/ravdess/Actor_10/03-01-07-01-02-01-10.wav,03-01-07-01-02-01-10.wav,10,female,7,disgust,normal,2,1,train,6,data/processed/log_mel/03-01-07-01-02-01-10.npy
data/raw/ravdess/Actor_10/03-01-07-01-02-02-10.wav,03-01-07-01-02-02-10.wav,10,female,7,disgust,normal,2,2,train,6,data/processed/log_mel/03-01-07-01-02-02-10.npy
data/raw/ravdess/Actor_10/03-01-07-02-01-01-10.wav,03-01-07-02-01-01-10.wav,10,female,7,disgust,strong,1,1,train,6,data/processed/log_mel/03-01-07-02-01-01-10.npy
data/raw/ravdess/Actor_10/03-01-07-02-01-02-10.wav,03-01-07-02-01-02-10.wav,10,female,7,disgust,strong,1,2,train,6,data/processed/log_mel/03-01-07-02-01-02-10.npy
data/raw/ravdess/Actor_10/03-01-07-02-02-01-10.wav,03-01-07-02-02-01-10.wav,10,female,7,disgust,strong,2,1,train,6,data/processed/log_mel/03-01-07-02-02-01-10.npy
data/raw/ravdess/Actor_10/03-01-07-02-02-02-10.wav,03-01-07-02-02-02-10.wav,10,female,7,disgust,strong,2,2,train,6,data/processed/log_mel/03-01-07-02-02-02-10.npy
data/raw/ravdess/Actor_10/03-01-08-01-01-01-10.wav,03-01-08-01-01-01-10.wav,10,female,8,surprised,normal,1,1,train,7,data/processed/log_mel/03-01-08-01-01-01-10.npy
data/raw/ravdess/Actor_10/03-01-08-01-01-02-10.wav,03-01-08-01-01-02-10.wav,10,female,8,surprised,normal,1,2,train,7,data/processed/log_mel/03-01-08-01-01-02-10.npy
data/raw/ravdess/Actor_10/03-01-08-01-02-01-10.wav,03-01-08-01-02-01-10.wav,10,female,8,surprised,normal,2,1,train,7,data/processed/log_mel/03-01-08-01-02-01-10.npy
data/raw/ravdess/Actor_10/03-01-08-01-02-02-10.wav,03-01-08-01-02-02-10.wav,10,female,8,surprised,normal,2,2,train,7,data/processed/log_mel/03-01-08-01-02-02-10.npy
data/raw/ravdess/Actor_10/03-01-08-02-01-01-10.wav,03-01-08-02-01-01-10.wav,10,female,8,surprised,strong,1,1,train,7,data/processed/log_mel/03-01-08-02-01-01-10.npy
data/raw/ravdess/Actor_10/03-01-08-02-01-02-10.wav,03-01-08-02-01-02-10.wav,10,female,8,surprised,strong,1,2,train,7,data/processed/log_mel/03-01-08-02-01-02-10.npy
data/raw/ravdess/Actor_10/03-01-08-02-02-01-10.wav,03-01-08-02-02-01-10.wav,10,female,8,surprised,strong,2,1,train,7,data/processed/log_mel/03-01-08-02-02-01-10.npy
data/raw/ravdess/Actor_10/03-01-08-02-02-02-10.wav,03-01-08-02-02-02-10.wav,10,female,8,surprised,strong,2,2,train,7,data/processed/log_mel/03-01-08-02-02-02-10.npy
data/raw/ravdess/Actor_11/03-01-01-01-01-01-11.wav,03-01-01-01-01-01-11.wav,11,male,1,neutral,normal,1,1,train,0,data/processed/log_mel/03-01-01-01-01-01-11.npy
data/raw/ravdess/Actor_11/03-01-01-01-01-02-11.wav,03-01-01-01-01-02-11.wav,11,male,1,neutral,normal,1,2,train,0,data/processed/log_mel/03-01-01-01-01-02-11.npy
data/raw/ravdess/Actor_11/03-01-01-01-02-01-11.wav,03-01-01-01-02-01-11.wav,11,male,1,neutral,normal,2,1,train,0,data/processed/log_mel/03-01-01-01-02-01-11.npy
data/raw/ravdess/Actor_11/03-01-01-01-02-02-11.wav,03-01-01-01-02-02-11.wav,11,male,1,neutral,normal,2,2,train,0,data/processed/log_mel/03-01-01-01-02-02-11.npy
data/raw/ravdess/Actor_11/03-01-02-01-01-01-11.wav,03-01-02-01-01-01-11.wav,11,male,2,calm,normal,1,1,train,1,data/processed/log_mel/03-01-02-01-01-01-11.npy
data/raw/ravdess/Actor_11/03-01-02-01-01-02-11.wav,03-01-02-01-01-02-11.wav,11,male,2,calm,normal,1,2,train,1,data/processed/log_mel/03-01-02-01-01-02-11.npy
data/raw/ravdess/Actor_11/03-01-02-01-02-01-11.wav,03-01-02-01-02-01-11.wav,11,male,2,calm,normal,2,1,train,1,data/processed/log_mel/03-01-02-01-02-01-11.npy
data/raw/ravdess/Actor_11/03-01-02-01-02-02-11.wav,03-01-02-01-02-02-11.wav,11,male,2,calm,normal,2,2,train,1,data/processed/log_mel/03-01-02-01-02-02-11.npy
data/raw/ravdess/Actor_11/03-01-02-02-01-01-11.wav,03-01-02-02-01-01-11.wav,11,male,2,calm,strong,1,1,train,1,data/processed/log_mel/03-01-02-02-01-01-11.npy
data/raw/ravdess/Actor_11/03-01-02-02-01-02-11.wav,03-01-02-02-01-02-11.wav,11,male,2,calm,strong,1,2,train,1,data/processed/log_mel/03-01-02-02-01-02-11.npy
data/raw/ravdess/Actor_11/03-01-02-02-02-01-11.wav,03-01-02-02-02-01-11.wav,11,male,2,calm,strong,2,1,train,1,data/processed/log_mel/03-01-02-02-02-01-11.npy
data/raw/ravdess/Actor_11/03-01-02-02-02-02-11.wav,03-01-02-02-02-02-11.wav,11,male,2,calm,strong,2,2,train,1,data/processed/log_mel/03-01-02-02-02-02-11.npy
data/raw/ravdess/Actor_11/03-01-03-01-01-01-11.wav,03-01-03-01-01-01-11.wav,11,male,3,happy,normal,1,1,train,2,data/processed/log_mel/03-01-03-01-01-01-11.npy
data/raw/ravdess/Actor_11/03-01-03-01-01-02-11.wav,03-01-03-01-01-02-11.wav,11,male,3,happy,normal,1,2,train,2,data/processed/log_mel/03-01-03-01-01-02-11.npy
data/raw/ravdess/Actor_11/03-01-03-01-02-01-11.wav,03-01-03-01-02-01-11.wav,11,male,3,happy,normal,2,1,train,2,data/processed/log_mel/03-01-03-01-02-01-11.npy
data/raw/ravdess/Actor_11/03-01-03-01-02-02-11.wav,03-01-03-01-02-02-11.wav,11,male,3,happy,normal,2,2,train,2,data/processed/log_mel/03-01-03-01-02-02-11.npy
data/raw/ravdess/Actor_11/03-01-03-02-01-01-11.wav,03-01-03-02-01-01-11.wav,11,male,3,happy,strong,1,1,train,2,data/processed/log_mel/03-01-03-02-01-01-11.npy
data/raw/ravdess/Actor_11/03-01-03-02-01-02-11.wav,03-01-03-02-01-02-11.wav,11,male,3,happy,strong,1,2,train,2,data/processed/log_mel/03-01-03-02-01-02-11.npy
data/raw/ravdess/Actor_11/03-01-03-02-02-01-11.wav,03-01-03-02-02-01-11.wav,11,male,3,happy,strong,2,1,train,2,data/processed/log_mel/03-01-03-02-02-01-11.npy
data/raw/ravdess/Actor_11/03-01-03-02-02-02-11.wav,03-01-03-02-02-02-11.wav,11,male,3,happy,strong,2,2,train,2,data/processed/log_mel/03-01-03-02-02-02-11.npy
data/raw/ravdess/Actor_11/03-01-04-01-01-01-11.wav,03-01-04-01-01-01-11.wav,11,male,4,sad,normal,1,1,train,3,data/processed/log_mel/03-01-04-01-01-01-11.npy
data/raw/ravdess/Actor_11/03-01-04-01-01-02-11.wav,03-01-04-01-01-02-11.wav,11,male,4,sad,normal,1,2,train,3,data/processed/log_mel/03-01-04-01-01-02-11.npy
data/raw/ravdess/Actor_11/03-01-04-01-02-01-11.wav,03-01-04-01-02-01-11.wav,11,male,4,sad,normal,2,1,train,3,data/processed/log_mel/03-01-04-01-02-01-11.npy
data/raw/ravdess/Actor_11/03-01-04-01-02-02-11.wav,03-01-04-01-02-02-11.wav,11,male,4,sad,normal,2,2,train,3,data/processed/log_mel/03-01-04-01-02-02-11.npy
data/raw/ravdess/Actor_11/03-01-04-02-01-01-11.wav,03-01-04-02-01-01-11.wav,11,male,4,sad,strong,1,1,train,3,data/processed/log_mel/03-01-04-02-01-01-11.npy
data/raw/ravdess/Actor_11/03-01-04-02-01-02-11.wav,03-01-04-02-01-02-11.wav,11,male,4,sad,strong,1,2,train,3,data/processed/log_mel/03-01-04-02-01-02-11.npy
data/raw/ravdess/Actor_11/03-01-04-02-02-01-11.wav,03-01-04-02-02-01-11.wav,11,male,4,sad,strong,2,1,train,3,data/processed/log_mel/03-01-04-02-02-01-11.npy
data/raw/ravdess/Actor_11/03-01-04-02-02-02-11.wav,03-01-04-02-02-02-11.wav,11,male,4,sad,strong,2,2,train,3,data/processed/log_mel/03-01-04-02-02-02-11.npy
data/raw/ravdess/Actor_11/03-01-05-01-01-01-11.wav,03-01-05-01-01-01-11.wav,11,male,5,angry,normal,1,1,train,4,data/processed/log_mel/03-01-05-01-01-01-11.npy
data/raw/ravdess/Actor_11/03-01-05-01-01-02-11.wav,03-01-05-01-01-02-11.wav,11,male,5,angry,normal,1,2,train,4,data/processed/log_mel/03-01-05-01-01-02-11.npy
data/raw/ravdess/Actor_11/03-01-05-01-02-01-11.wav,03-01-05-01-02-01-11.wav,11,male,5,angry,normal,2,1,train,4,data/processed/log_mel/03-01-05-01-02-01-11.npy
data/raw/ravdess/Actor_11/03-01-05-01-02-02-11.wav,03-01-05-01-02-02-11.wav,11,male,5,angry,normal,2,2,train,4,data/processed/log_mel/03-01-05-01-02-02-11.npy
data/raw/ravdess/Actor_11/03-01-05-02-01-01-11.wav,03-01-05-02-01-01-11.wav,11,male,5,angry,strong,1,1,train,4,data/processed/log_mel/03-01-05-02-01-01-11.npy
data/raw/ravdess/Actor_11/03-01-05-02-01-02-11.wav,03-01-05-02-01-02-11.wav,11,male,5,angry,strong,1,2,train,4,data/processed/log_mel/03-01-05-02-01-02-11.npy
data/raw/ravdess/Actor_11/03-01-05-02-02-01-11.wav,03-01-05-02-02-01-11.wav,11,male,5,angry,strong,2,1,train,4,data/processed/log_mel/03-01-05-02-02-01-11.npy
data/raw/ravdess/Actor_11/03-01-05-02-02-02-11.wav,03-01-05-02-02-02-11.wav,11,male,5,angry,strong,2,2,train,4,data/processed/log_mel/03-01-05-02-02-02-11.npy
data/raw/ravdess/Actor_11/03-01-06-01-01-01-11.wav,03-01-06-01-01-01-11.wav,11,male,6,fearful,normal,1,1,train,5,data/processed/log_mel/03-01-06-01-01-01-11.npy
data/raw/ravdess/Actor_11/03-01-06-01-01-02-11.wav,03-01-06-01-01-02-11.wav,11,male,6,fearful,normal,1,2,train,5,data/processed/log_mel/03-01-06-01-01-02-11.npy
data/raw/ravdess/Actor_11/03-01-06-01-02-01-11.wav,03-01-06-01-02-01-11.wav,11,male,6,fearful,normal,2,1,train,5,data/processed/log_mel/03-01-06-01-02-01-11.npy
data/raw/ravdess/Actor_11/03-01-06-01-02-02-11.wav,03-01-06-01-02-02-11.wav,11,male,6,fearful,normal,2,2,train,5,data/processed/log_mel/03-01-06-01-02-02-11.npy
data/raw/ravdess/Actor_11/03-01-06-02-01-01-11.wav,03-01-06-02-01-01-11.wav,11,male,6,fearful,strong,1,1,train,5,data/processed/log_mel/03-01-06-02-01-01-11.npy
data/raw/ravdess/Actor_11/03-01-06-02-01-02-11.wav,03-01-06-02-01-02-11.wav,11,male,6,fearful,strong,1,2,train,5,data/processed/log_mel/03-01-06-02-01-02-11.npy
data/raw/ravdess/Actor_11/03-01-06-02-02-01-11.wav,03-01-06-02-02-01-11.wav,11,male,6,fearful,strong,2,1,train,5,data/processed/log_mel/03-01-06-02-02-01-11.npy
data/raw/ravdess/Actor_11/03-01-06-02-02-02-11.wav,03-01-06-02-02-02-11.wav,11,male,6,fearful,strong,2,2,train,5,data/processed/log_mel/03-01-06-02-02-02-11.npy
data/raw/ravdess/Actor_11/03-01-07-01-01-01-11.wav,03-01-07-01-01-01-11.wav,11,male,7,disgust,normal,1,1,train,6,data/processed/log_mel/03-01-07-01-01-01-11.npy
data/raw/ravdess/Actor_11/03-01-07-01-01-02-11.wav,03-01-07-01-01-02-11.wav,11,male,7,disgust,normal,1,2,train,6,data/processed/log_mel/03-01-07-01-01-02-11.npy
data/raw/ravdess/Actor_11/03-01-07-01-02-01-11.wav,03-01-07-01-02-01-11.wav,11,male,7,disgust,normal,2,1,train,6,data/processed/log_mel/03-01-07-01-02-01-11.npy
data/raw/ravdess/Actor_11/03-01-07-01-02-02-11.wav,03-01-07-01-02-02-11.wav,11,male,7,disgust,normal,2,2,train,6,data/processed/log_mel/03-01-07-01-02-02-11.npy
data/raw/ravdess/Actor_11/03-01-07-02-01-01-11.wav,03-01-07-02-01-01-11.wav,11,male,7,disgust,strong,1,1,train,6,data/processed/log_mel/03-01-07-02-01-01-11.npy
data/raw/ravdess/Actor_11/03-01-07-02-01-02-11.wav,03-01-07-02-01-02-11.wav,11,male,7,disgust,strong,1,2,train,6,data/processed/log_mel/03-01-07-02-01-02-11.npy
data/raw/ravdess/Actor_11/03-01-07-02-02-01-11.wav,03-01-07-02-02-01-11.wav,11,male,7,disgust,strong,2,1,train,6,data/processed/log_mel/03-01-07-02-02-01-11.npy
data/raw/ravdess/Actor_11/03-01-07-02-02-02-11.wav,03-01-07-02-02-02-11.wav,11,male,7,disgust,strong,2,2,train,6,data/processed/log_mel/03-01-07-02-02-02-11.npy
data/raw/ravdess/Actor_11/03-01-08-01-01-01-11.wav,03-01-08-01-01-01-11.wav,11,male,8,surprised,normal,1,1,train,7,data/processed/log_mel/03-01-08-01-01-01-11.npy
data/raw/ravdess/Actor_11/03-01-08-01-01-02-11.wav,03-01-08-01-01-02-11.wav,11,male,8,surprised,normal,1,2,train,7,data/processed/log_mel/03-01-08-01-01-02-11.npy
data/raw/ravdess/Actor_11/03-01-08-01-02-01-11.wav,03-01-08-01-02-01-11.wav,11,male,8,surprised,normal,2,1,train,7,data/processed/log_mel/03-01-08-01-02-01-11.npy
data/raw/ravdess/Actor_11/03-01-08-01-02-02-11.wav,03-01-08-01-02-02-11.wav,11,male,8,surprised,normal,2,2,train,7,data/processed/log_mel/03-01-08-01-02-02-11.npy
data/raw/ravdess/Actor_11/03-01-08-02-01-01-11.wav,03-01-08-02-01-01-11.wav,11,male,8,surprised,strong,1,1,train,7,data/processed/log_mel/03-01-08-02-01-01-11.npy
data/raw/ravdess/Actor_11/03-01-08-02-01-02-11.wav,03-01-08-02-01-02-11.wav,11,male,8,surprised,strong,1,2,train,7,data/processed/log_mel/03-01-08-02-01-02-11.npy
data/raw/ravdess/Actor_11/03-01-08-02-02-01-11.wav,03-01-08-02-02-01-11.wav,11,male,8,surprised,strong,2,1,train,7,data/processed/log_mel/03-01-08-02-02-01-11.npy
data/raw/ravdess/Actor_11/03-01-08-02-02-02-11.wav,03-01-08-02-02-02-11.wav,11,male,8,surprised,strong,2,2,train,7,data/processed/log_mel/03-01-08-02-02-02-11.npy
data/raw/ravdess/Actor_12/03-01-01-01-01-01-12.wav,03-01-01-01-01-01-12.wav,12,female,1,neutral,normal,1,1,train,0,data/processed/log_mel/03-01-01-01-01-01-12.npy
data/raw/ravdess/Actor_12/03-01-01-01-01-02-12.wav,03-01-01-01-01-02-12.wav,12,female,1,neutral,normal,1,2,train,0,data/processed/log_mel/03-01-01-01-01-02-12.npy
data/raw/ravdess/Actor_12/03-01-01-01-02-01-12.wav,03-01-01-01-02-01-12.wav,12,female,1,neutral,normal,2,1,train,0,data/processed/log_mel/03-01-01-01-02-01-12.npy
data/raw/ravdess/Actor_12/03-01-01-01-02-02-12.wav,03-01-01-01-02-02-12.wav,12,female,1,neutral,normal,2,2,train,0,data/processed/log_mel/03-01-01-01-02-02-12.npy
data/raw/ravdess/Actor_12/03-01-02-01-01-01-12.wav,03-01-02-01-01-01-12.wav,12,female,2,calm,normal,1,1,train,1,data/processed/log_mel/03-01-02-01-01-01-12.npy
data/raw/ravdess/Actor_12/03-01-02-01-01-02-12.wav,03-01-02-01-01-02-12.wav,12,female,2,calm,normal,1,2,train,1,data/processed/log_mel/03-01-02-01-01-02-12.npy
data/raw/ravdess/Actor_12/03-01-02-01-02-01-12.wav,03-01-02-01-02-01-12.wav,12,female,2,calm,normal,2,1,train,1,data/processed/log_mel/03-01-02-01-02-01-12.npy
data/raw/ravdess/Actor_12/03-01-02-01-02-02-12.wav,03-01-02-01-02-02-12.wav,12,female,2,calm,normal,2,2,train,1,data/processed/log_mel/03-01-02-01-02-02-12.npy
data/raw/ravdess/Actor_12/03-01-02-02-01-01-12.wav,03-01-02-02-01-01-12.wav,12,female,2,calm,strong,1,1,train,1,data/processed/log_mel/03-01-02-02-01-01-12.npy
data/raw/ravdess/Actor_12/03-01-02-02-01-02-12.wav,03-01-02-02-01-02-12.wav,12,female,2,calm,strong,1,2,train,1,data/processed/log_mel/03-01-02-02-01-02-12.npy
data/raw/ravdess/Actor_12/03-01-02-02-02-01-12.wav,03-01-02-02-02-01-12.wav,12,female,2,calm,strong,2,1,train,1,data/processed/log_mel/03-01-02-02-02-01-12.npy
data/raw/ravdess/Actor_12/03-01-02-02-02-02-12.wav,03-01-02-02-02-02-12.wav,12,female,2,calm,strong,2,2,train,1,data/processed/log_mel/03-01-02-02-02-02-12.npy
data/raw/ravdess/Actor_12/03-01-03-01-01-01-12.wav,03-01-03-01-01-01-12.wav,12,female,3,happy,normal,1,1,train,2,data/processed/log_mel/03-01-03-01-01-01-12.npy
data/raw/ravdess/Actor_12/03-01-03-01-01-02-12.wav,03-01-03-01-01-02-12.wav,12,female,3,happy,normal,1,2,train,2,data/processed/log_mel/03-01-03-01-01-02-12.npy
data/raw/ravdess/Actor_12/03-01-03-01-02-01-12.wav,03-01-03-01-02-01-12.wav,12,female,3,happy,normal,2,1,train,2,data/processed/log_mel/03-01-03-01-02-01-12.npy
data/raw/ravdess/Actor_12/03-01-03-01-02-02-12.wav,03-01-03-01-02-02-12.wav,12,female,3,happy,normal,2,2,train,2,data/processed/log_mel/03-01-03-01-02-02-12.npy
data/raw/ravdess/Actor_12/03-01-03-02-01-01-12.wav,03-01-03-02-01-01-12.wav,12,female,3,happy,strong,1,1,train,2,data/processed/log_mel/03-01-03-02-01-01-12.npy
data/raw/ravdess/Actor_12/03-01-03-02-01-02-12.wav,03-01-03-02-01-02-12.wav,12,female,3,happy,strong,1,2,train,2,data/processed/log_mel/03-01-03-02-01-02-12.npy
data/raw/ravdess/Actor_12/03-01-03-02-02-01-12.wav,03-01-03-02-02-01-12.wav,12,female,3,happy,strong,2,1,train,2,data/processed/log_mel/03-01-03-02-02-01-12.npy
data/raw/ravdess/Actor_12/03-01-03-02-02-02-12.wav,03-01-03-02-02-02-12.wav,12,female,3,happy,strong,2,2,train,2,data/processed/log_mel/03-01-03-02-02-02-12.npy
data/raw/ravdess/Actor_12/03-01-04-01-01-01-12.wav,03-01-04-01-01-01-12.wav,12,female,4,sad,normal,1,1,train,3,data/processed/log_mel/03-01-04-01-01-01-12.npy
data/raw/ravdess/Actor_12/03-01-04-01-01-02-12.wav,03-01-04-01-01-02-12.wav,12,female,4,sad,normal,1,2,train,3,data/processed/log_mel/03-01-04-01-01-02-12.npy
data/raw/ravdess/Actor_12/03-01-04-01-02-01-12.wav,03-01-04-01-02-01-12.wav,12,female,4,sad,normal,2,1,train,3,data/processed/log_mel/03-01-04-01-02-01-12.npy
data/raw/ravdess/Actor_12/03-01-04-01-02-02-12.wav,03-01-04-01-02-02-12.wav,12,female,4,sad,normal,2,2,train,3,data/processed/log_mel/03-01-04-01-02-02-12.npy
data/raw/ravdess/Actor_12/03-01-04-02-01-01-12.wav,03-01-04-02-01-01-12.wav,12,female,4,sad,strong,1,1,train,3,data/processed/log_mel/03-01-04-02-01-01-12.npy
data/raw/ravdess/Actor_12/03-01-04-02-01-02-12.wav,03-01-04-02-01-02-12.wav,12,female,4,sad,strong,1,2,train,3,data/processed/log_mel/03-01-04-02-01-02-12.npy
data/raw/ravdess/Actor_12/03-01-04-02-02-01-12.wav,03-01-04-02-02-01-12.wav,12,female,4,sad,strong,2,1,train,3,data/processed/log_mel/03-01-04-02-02-01-12.npy
data/raw/ravdess/Actor_12/03-01-04-02-02-02-12.wav,03-01-04-02-02-02-12.wav,12,female,4,sad,strong,2,2,train,3,data/processed/log_mel/03-01-04-02-02-02-12.npy
data/raw/ravdess/Actor_12/03-01-05-01-01-01-12.wav,03-01-05-01-01-01-12.wav,12,female,5,angry,normal,1,1,train,4,data/processed/log_mel/03-01-05-01-01-01-12.npy
data/raw/ravdess/Actor_12/03-01-05-01-01-02-12.wav,03-01-05-01-01-02-12.wav,12,female,5,angry,normal,1,2,train,4,data/processed/log_mel/03-01-05-01-01-02-12.npy
data/raw/ravdess/Actor_12/03-01-05-01-02-01-12.wav,03-01-05-01-02-01-12.wav,12,female,5,angry,normal,2,1,train,4,data/processed/log_mel/03-01-05-01-02-01-12.npy
data/raw/ravdess/Actor_12/03-01-05-01-02-02-12.wav,03-01-05-01-02-02-12.wav,12,female,5,angry,normal,2,2,train,4,data/processed/log_mel/03-01-05-01-02-02-12.npy
data/raw/ravdess/Actor_12/03-01-05-02-01-01-12.wav,03-01-05-02-01-01-12.wav,12,female,5,angry,strong,1,1,train,4,data/processed/log_mel/03-01-05-02-01-01-12.npy
data/raw/ravdess/Actor_12/03-01-05-02-01-02-12.wav,03-01-05-02-01-02-12.wav,12,female,5,angry,strong,1,2,train,4,data/processed/log_mel/03-01-05-02-01-02-12.npy
data/raw/ravdess/Actor_12/03-01-05-02-02-01-12.wav,03-01-05-02-02-01-12.wav,12,female,5,angry,strong,2,1,train,4,data/processed/log_mel/03-01-05-02-02-01-12.npy
data/raw/ravdess/Actor_12/03-01-05-02-02-02-12.wav,03-01-05-02-02-02-12.wav,12,female,5,angry,strong,2,2,train,4,data/processed/log_mel/03-01-05-02-02-02-12.npy
data/raw/ravdess/Actor_12/03-01-06-01-01-01-12.wav,03-01-06-01-01-01-12.wav,12,female,6,fearful,normal,1,1,train,5,data/processed/log_mel/03-01-06-01-01-01-12.npy
data/raw/ravdess/Actor_12/03-01-06-01-01-02-12.wav,03-01-06-01-01-02-12.wav,12,female,6,fearful,normal,1,2,train,5,data/processed/log_mel/03-01-06-01-01-02-12.npy
data/raw/ravdess/Actor_12/03-01-06-01-02-01-12.wav,03-01-06-01-02-01-12.wav,12,female,6,fearful,normal,2,1,train,5,data/processed/log_mel/03-01-06-01-02-01-12.npy
data/raw/ravdess/Actor_12/03-01-06-01-02-02-12.wav,03-01-06-01-02-02-12.wav,12,female,6,fearful,normal,2,2,train,5,data/processed/log_mel/03-01-06-01-02-02-12.npy
data/raw/ravdess/Actor_12/03-01-06-02-01-01-12.wav,03-01-06-02-01-01-12.wav,12,female,6,fearful,strong,1,1,train,5,data/processed/log_mel/03-01-06-02-01-01-12.npy
data/raw/ravdess/Actor_12/03-01-06-02-01-02-12.wav,03-01-06-02-01-02-12.wav,12,female,6,fearful,strong,1,2,train,5,data/processed/log_mel/03-01-06-02-01-02-12.npy
data/raw/ravdess/Actor_12/03-01-06-02-02-01-12.wav,03-01-06-02-02-01-12.wav,12,female,6,fearful,strong,2,1,train,5,data/processed/log_mel/03-01-06-02-02-01-12.npy
data/raw/ravdess/Actor_12/03-01-06-02-02-02-12.wav,03-01-06-02-02-02-12.wav,12,female,6,fearful,strong,2,2,train,5,data/processed/log_mel/03-01-06-02-02-02-12.npy
data/raw/ravdess/Actor_12/03-01-07-01-01-01-12.wav,03-01-07-01-01-01-12.wav,12,female,7,disgust,normal,1,1,train,6,data/processed/log_mel/03-01-07-01-01-01-12.npy
data/raw/ravdess/Actor_12/03-01-07-01-01-02-12.wav,03-01-07-01-01-02-12.wav,12,female,7,disgust,normal,1,2,train,6,data/processed/log_mel/03-01-07-01-01-02-12.npy
data/raw/ravdess/Actor_12/03-01-07-01-02-01-12.wav,03-01-07-01-02-01-12.wav,12,female,7,disgust,normal,2,1,train,6,data/processed/log_mel/03-01-07-01-02-01-12.npy
data/raw/ravdess/Actor_12/03-01-07-01-02-02-12.wav,03-01-07-01-02-02-12.wav,12,female,7,disgust,normal,2,2,train,6,data/processed/log_mel/03-01-07-01-02-02-12.npy
data/raw/ravdess/Actor_12/03-01-07-02-01-01-12.wav,03-01-07-02-01-01-12.wav,12,female,7,disgust,strong,1,1,train,6,data/processed/log_mel/03-01-07-02-01-01-12.npy
data/raw/ravdess/Actor_12/03-01-07-02-01-02-12.wav,03-01-07-02-01-02-12.wav,12,female,7,disgust,strong,1,2,train,6,data/processed/log_mel/03-01-07-02-01-02-12.npy
data/raw/ravdess/Actor_12/03-01-07-02-02-01-12.wav,03-01-07-02-02-01-12.wav,12,female,7,disgust,strong,2,1,train,6,data/processed/log_mel/03-01-07-02-02-01-12.npy
data/raw/ravdess/Actor_12/03-01-07-02-02-02-12.wav,03-01-07-02-02-02-12.wav,12,female,7,disgust,strong,2,2,train,6,data/processed/log_mel/03-01-07-02-02-02-12.npy
data/raw/ravdess/Actor_12/03-01-08-01-01-01-12.wav,03-01-08-01-01-01-12.wav,12,female,8,surprised,normal,1,1,train,7,data/processed/log_mel/03-01-08-01-01-01-12.npy
data/raw/ravdess/Actor_12/03-01-08-01-01-02-12.wav,03-01-08-01-01-02-12.wav,12,female,8,surprised,normal,1,2,train,7,data/processed/log_mel/03-01-08-01-01-02-12.npy
data/raw/ravdess/Actor_12/03-01-08-01-02-01-12.wav,03-01-08-01-02-01-12.wav,12,female,8,surprised,normal,2,1,train,7,data/processed/log_mel/03-01-08-01-02-01-12.npy
data/raw/ravdess/Actor_12/03-01-08-01-02-02-12.wav,03-01-08-01-02-02-12.wav,12,female,8,surprised,normal,2,2,train,7,data/processed/log_mel/03-01-08-01-02-02-12.npy
data/raw/ravdess/Actor_12/03-01-08-02-01-01-12.wav,03-01-08-02-01-01-12.wav,12,female,8,surprised,strong,1,1,train,7,data/processed/log_mel/03-01-08-02-01-01-12.npy
data/raw/ravdess/Actor_12/03-01-08-02-01-02-12.wav,03-01-08-02-01-02-12.wav,12,female,8,surprised,strong,1,2,train,7,data/processed/log_mel/03-01-08-02-01-02-12.npy
data/raw/ravdess/Actor_12/03-01-08-02-02-01-12.wav,03-01-08-02-02-01-12.wav,12,female,8,surprised,strong,2,1,train,7,data/processed/log_mel/03-01-08-02-02-01-12.npy
data/raw/ravdess/Actor_12/03-01-08-02-02-02-12.wav,03-01-08-02-02-02-12.wav,12,female,8,surprised,strong,2,2,train,7,data/processed/log_mel/03-01-08-02-02-02-12.npy
data/raw/ravdess/Actor_13/03-01-01-01-01-01-13.wav,03-01-01-01-01-01-13.wav,13,male,1,neutral,normal,1,1,train,0,data/processed/log_mel/03-01-01-01-01-01-13.npy
data/raw/ravdess/Actor_13/03-01-01-01-01-02-13.wav,03-01-01-01-01-02-13.wav,13,male,1,neutral,normal,1,2,train,0,data/processed/log_mel/03-01-01-01-01-02-13.npy
data/raw/ravdess/Actor_13/03-01-01-01-02-01-13.wav,03-01-01-01-02-01-13.wav,13,male,1,neutral,normal,2,1,train,0,data/processed/log_mel/03-01-01-01-02-01-13.npy
data/raw/ravdess/Actor_13/03-01-01-01-02-02-13.wav,03-01-01-01-02-02-13.wav,13,male,1,neutral,normal,2,2,train,0,data/processed/log_mel/03-01-01-01-02-02-13.npy
data/raw/ravdess/Actor_13/03-01-02-01-01-01-13.wav,03-01-02-01-01-01-13.wav,13,male,2,calm,normal,1,1,train,1,data/processed/log_mel/03-01-02-01-01-01-13.npy
data/raw/ravdess/Actor_13/03-01-02-01-01-02-13.wav,03-01-02-01-01-02-13.wav,13,male,2,calm,normal,1,2,train,1,data/processed/log_mel/03-01-02-01-01-02-13.npy
data/raw/ravdess/Actor_13/03-01-02-01-02-01-13.wav,03-01-02-01-02-01-13.wav,13,male,2,calm,normal,2,1,train,1,data/processed/log_mel/03-01-02-01-02-01-13.npy
data/raw/ravdess/Actor_13/03-01-02-01-02-02-13.wav,03-01-02-01-02-02-13.wav,13,male,2,calm,normal,2,2,train,1,data/processed/log_mel/03-01-02-01-02-02-13.npy
data/raw/ravdess/Actor_13/03-01-02-02-01-01-13.wav,03-01-02-02-01-01-13.wav,13,male,2,calm,strong,1,1,train,1,data/processed/log_mel/03-01-02-02-01-01-13.npy
data/raw/ravdess/Actor_13/03-01-02-02-01-02-13.wav,03-01-02-02-01-02-13.wav,13,male,2,calm,strong,1,2,train,1,data/processed/log_mel/03-01-02-02-01-02-13.npy
data/raw/ravdess/Actor_13/03-01-02-02-02-01-13.wav,03-01-02-02-02-01-13.wav,13,male,2,calm,strong,2,1,train,1,data/processed/log_mel/03-01-02-02-02-01-13.npy
data/raw/ravdess/Actor_13/03-01-02-02-02-02-13.wav,03-01-02-02-02-02-13.wav,13,male,2,calm,strong,2,2,train,1,data/processed/log_mel/03-01-02-02-02-02-13.npy
data/raw/ravdess/Actor_13/03-01-03-01-01-01-13.wav,03-01-03-01-01-01-13.wav,13,male,3,happy,normal,1,1,train,2,data/processed/log_mel/03-01-03-01-01-01-13.npy
data/raw/ravdess/Actor_13/03-01-03-01-01-02-13.wav,03-01-03-01-01-02-13.wav,13,male,3,happy,normal,1,2,train,2,data/processed/log_mel/03-01-03-01-01-02-13.npy
data/raw/ravdess/Actor_13/03-01-03-01-02-01-13.wav,03-01-03-01-02-01-13.wav,13,male,3,happy,normal,2,1,train,2,data/processed/log_mel/03-01-03-01-02-01-13.npy
data/raw/ravdess/Actor_13/03-01-03-01-02-02-13.wav,03-01-03-01-02-02-13.wav,13,male,3,happy,normal,2,2,train,2,data/processed/log_mel/03-01-03-01-02-02-13.npy
data/raw/ravdess/Actor_13/03-01-03-02-01-01-13.wav,03-01-03-02-01-01-13.wav,13,male,3,happy,strong,1,1,train,2,data/processed/log_mel/03-01-03-02-01-01-13.npy
data/raw/ravdess/Actor_13/03-01-03-02-01-02-13.wav,03-01-03-02-01-02-13.wav,13,male,3,happy,strong,1,2,train,2,data/processed/log_mel/03-01-03-02-01-02-13.npy
data/raw/ravdess/Actor_13/03-01-03-02-02-01-13.wav,03-01-03-02-02-01-13.wav,13,male,3,happy,strong,2,1,train,2,data/processed/log_mel/03-01-03-02-02-01-13.npy
data/raw/ravdess/Actor_13/03-01-03-02-02-02-13.wav,03-01-03-02-02-02-13.wav,13,male,3,happy,strong,2,2,train,2,data/processed/log_mel/03-01-03-02-02-02-13.npy
data/raw/ravdess/Actor_13/03-01-04-01-01-01-13.wav,03-01-04-01-01-01-13.wav,13,male,4,sad,normal,1,1,train,3,data/processed/log_mel/03-01-04-01-01-01-13.npy
data/raw/ravdess/Actor_13/03-01-04-01-01-02-13.wav,03-01-04-01-01-02-13.wav,13,male,4,sad,normal,1,2,train,3,data/processed/log_mel/03-01-04-01-01-02-13.npy
data/raw/ravdess/Actor_13/03-01-04-01-02-01-13.wav,03-01-04-01-02-01-13.wav,13,male,4,sad,normal,2,1,train,3,data/processed/log_mel/03-01-04-01-02-01-13.npy
data/raw/ravdess/Actor_13/03-01-04-01-02-02-13.wav,03-01-04-01-02-02-13.wav,13,male,4,sad,normal,2,2,train,3,data/processed/log_mel/03-01-04-01-02-02-13.npy
data/raw/ravdess/Actor_13/03-01-04-02-01-01-13.wav,03-01-04-02-01-01-13.wav,13,male,4,sad,strong,1,1,train,3,data/processed/log_mel/03-01-04-02-01-01-13.npy
data/raw/ravdess/Actor_13/03-01-04-02-01-02-13.wav,03-01-04-02-01-02-13.wav,13,male,4,sad,strong,1,2,train,3,data/processed/log_mel/03-01-04-02-01-02-13.npy
data/raw/ravdess/Actor_13/03-01-04-02-02-01-13.wav,03-01-04-02-02-01-13.wav,13,male,4,sad,strong,2,1,train,3,data/processed/log_mel/03-01-04-02-02-01-13.npy
data/raw/ravdess/Actor_13/03-01-04-02-02-02-13.wav,03-01-04-02-02-02-13.wav,13,male,4,sad,strong,2,2,train,3,data/processed/log_mel/03-01-04-02-02-02-13.npy
data/raw/ravdess/Actor_13/03-01-05-01-01-01-13.wav,03-01-05-01-01-01-13.wav,13,male,5,angry,normal,1,1,train,4,data/processed/log_mel/03-01-05-01-01-01-13.npy
data/raw/ravdess/Actor_13/03-01-05-01-01-02-13.wav,03-01-05-01-01-02-13.wav,13,male,5,angry,normal,1,2,train,4,data/processed/log_mel/03-01-05-01-01-02-13.npy
data/raw/ravdess/Actor_13/03-01-05-01-02-01-13.wav,03-01-05-01-02-01-13.wav,13,male,5,angry,normal,2,1,train,4,data/processed/log_mel/03-01-05-01-02-01-13.npy
data/raw/ravdess/Actor_13/03-01-05-01-02-02-13.wav,03-01-05-01-02-02-13.wav,13,male,5,angry,normal,2,2,train,4,data/processed/log_mel/03-01-05-01-02-02-13.npy
data/raw/ravdess/Actor_13/03-01-05-02-01-01-13.wav,03-01-05-02-01-01-13.wav,13,male,5,angry,strong,1,1,train,4,data/processed/log_mel/03-01-05-02-01-01-13.npy
data/raw/ravdess/Actor_13/03-01-05-02-01-02-13.wav,03-01-05-02-01-02-13.wav,13,male,5,angry,strong,1,2,train,4,data/processed/log_mel/03-01-05-02-01-02-13.npy
data/raw/ravdess/Actor_13/03-01-05-02-02-01-13.wav,03-01-05-02-02-01-13.wav,13,male,5,angry,strong,2,1,train,4,data/processed/log_mel/03-01-05-02-02-01-13.npy
data/raw/ravdess/Actor_13/03-01-05-02-02-02-13.wav,03-01-05-02-02-02-13.wav,13,male,5,angry,strong,2,2,train,4,data/processed/log_mel/03-01-05-02-02-02-13.npy
data/raw/ravdess/Actor_13/03-01-06-01-01-01-13.wav,03-01-06-01-01-01-13.wav,13,male,6,fearful,normal,1,1,train,5,data/processed/log_mel/03-01-06-01-01-01-13.npy
data/raw/ravdess/Actor_13/03-01-06-01-01-02-13.wav,03-01-06-01-01-02-13.wav,13,male,6,fearful,normal,1,2,train,5,data/processed/log_mel/03-01-06-01-01-02-13.npy
data/raw/ravdess/Actor_13/03-01-06-01-02-01-13.wav,03-01-06-01-02-01-13.wav,13,male,6,fearful,normal,2,1,train,5,data/processed/log_mel/03-01-06-01-02-01-13.npy
data/raw/ravdess/Actor_13/03-01-06-01-02-02-13.wav,03-01-06-01-02-02-13.wav,13,male,6,fearful,normal,2,2,train,5,data/processed/log_mel/03-01-06-01-02-02-13.npy
data/raw/ravdess/Actor_13/03-01-06-02-01-01-13.wav,03-01-06-02-01-01-13.wav,13,male,6,fearful,strong,1,1,train,5,data/processed/log_mel/03-01-06-02-01-01-13.npy
data/raw/ravdess/Actor_13/03-01-06-02-01-02-13.wav,03-01-06-02-01-02-13.wav,13,male,6,fearful,strong,1,2,train,5,data/processed/log_mel/03-01-06-02-01-02-13.npy
data/raw/ravdess/Actor_13/03-01-06-02-02-01-13.wav,03-01-06-02-02-01-13.wav,13,male,6,fearful,strong,2,1,train,5,data/processed/log_mel/03-01-06-02-02-01-13.npy
data/raw/ravdess/Actor_13/03-01-06-02-02-02-13.wav,03-01-06-02-02-02-13.wav,13,male,6,fearful,strong,2,2,train,5,data/processed/log_mel/03-01-06-02-02-02-13.npy
data/raw/ravdess/Actor_13/03-01-07-01-01-01-13.wav,03-01-07-01-01-01-13.wav,13,male,7,disgust,normal,1,1,train,6,data/processed/log_mel/03-01-07-01-01-01-13.npy
data/raw/ravdess/Actor_13/03-01-07-01-01-02-13.wav,03-01-07-01-01-02-13.wav,13,male,7,disgust,normal,1,2,train,6,data/processed/log_mel/03-01-07-01-01-02-13.npy
data/raw/ravdess/Actor_13/03-01-07-01-02-01-13.wav,03-01-07-01-02-01-13.wav,13,male,7,disgust,normal,2,1,train,6,data/processed/log_mel/03-01-07-01-02-01-13.npy
data/raw/ravdess/Actor_13/03-01-07-01-02-02-13.wav,03-01-07-01-02-02-13.wav,13,male,7,disgust,normal,2,2,train,6,data/processed/log_mel/03-01-07-01-02-02-13.npy
data/raw/ravdess/Actor_13/03-01-07-02-01-01-13.wav,03-01-07-02-01-01-13.wav,13,male,7,disgust,strong,1,1,train,6,data/processed/log_mel/03-01-07-02-01-01-13.npy
data/raw/ravdess/Actor_13/03-01-07-02-01-02-13.wav,03-01-07-02-01-02-13.wav,13,male,7,disgust,strong,1,2,train,6,data/processed/log_mel/03-01-07-02-01-02-13.npy
data/raw/ravdess/Actor_13/03-01-07-02-02-01-13.wav,03-01-07-02-02-01-13.wav,13,male,7,disgust,strong,2,1,train,6,data/processed/log_mel/03-01-07-02-02-01-13.npy
data/raw/ravdess/Actor_13/03-01-07-02-02-02-13.wav,03-01-07-02-02-02-13.wav,13,male,7,disgust,strong,2,2,train,6,data/processed/log_mel/03-01-07-02-02-02-13.npy
data/raw/ravdess/Actor_13/03-01-08-01-01-01-13.wav,03-01-08-01-01-01-13.wav,13,male,8,surprised,normal,1,1,train,7,data/processed/log_mel/03-01-08-01-01-01-13.npy
data/raw/ravdess/Actor_13/03-01-08-01-01-02-13.wav,03-01-08-01-01-02-13.wav,13,male,8,surprised,normal,1,2,train,7,data/processed/log_mel/03-01-08-01-01-02-13.npy
data/raw/ravdess/Actor_13/03-01-08-01-02-01-13.wav,03-01-08-01-02-01-13.wav,13,male,8,surprised,normal,2,1,train,7,data/processed/log_mel/03-01-08-01-02-01-13.npy
data/raw/ravdess/Actor_13/03-01-08-01-02-02-13.wav,03-01-08-01-02-02-13.wav,13,male,8,surprised,normal,2,2,train,7,data/processed/log_mel/03-01-08-01-02-02-13.npy
data/raw/ravdess/Actor_13/03-01-08-02-01-01-13.wav,03-01-08-02-01-01-13.wav,13,male,8,surprised,strong,1,1,train,7,data/processed/log_mel/03-01-08-02-01-01-13.npy
data/raw/ravdess/Actor_13/03-01-08-02-01-02-13.wav,03-01-08-02-01-02-13.wav,13,male,8,surprised,strong,1,2,train,7,data/processed/log_mel/03-01-08-02-01-02-13.npy
data/raw/ravdess/Actor_13/03-01-08-02-02-01-13.wav,03-01-08-02-02-01-13.wav,13,male,8,surprised,strong,2,1,train,7,data/processed/log_mel/03-01-08-02-02-01-13.npy
data/raw/ravdess/Actor_13/03-01-08-02-02-02-13.wav,03-01-08-02-02-02-13.wav,13,male,8,surprised,strong,2,2,train,7,data/processed/log_mel/03-01-08-02-02-02-13.npy
data/raw/ravdess/Actor_14/03-01-01-01-01-01-14.wav,03-01-01-01-01-01-14.wav,14,female,1,neutral,normal,1,1,train,0,data/processed/log_mel/03-01-01-01-01-01-14.npy
data/raw/ravdess/Actor_14/03-01-01-01-01-02-14.wav,03-01-01-01-01-02-14.wav,14,female,1,neutral,normal,1,2,train,0,data/processed/log_mel/03-01-01-01-01-02-14.npy
data/raw/ravdess/Actor_14/03-01-01-01-02-01-14.wav,03-01-01-01-02-01-14.wav,14,female,1,neutral,normal,2,1,train,0,data/processed/log_mel/03-01-01-01-02-01-14.npy
data/raw/ravdess/Actor_14/03-01-01-01-02-02-14.wav,03-01-01-01-02-02-14.wav,14,female,1,neutral,normal,2,2,train,0,data/processed/log_mel/03-01-01-01-02-02-14.npy
data/raw/ravdess/Actor_14/03-01-02-01-01-01-14.wav,03-01-02-01-01-01-14.wav,14,female,2,calm,normal,1,1,train,1,data/processed/log_mel/03-01-02-01-01-01-14.npy
data/raw/ravdess/Actor_14/03-01-02-01-01-02-14.wav,03-01-02-01-01-02-14.wav,14,female,2,calm,normal,1,2,train,1,data/processed/log_mel/03-01-02-01-01-02-14.npy
data/raw/ravdess/Actor_14/03-01-02-01-02-01-14.wav,03-01-02-01-02-01-14.wav,14,female,2,calm,normal,2,1,train,1,data/processed/log_mel/03-01-02-01-02-01-14.npy
data/raw/ravdess/Actor_14/03-01-02-01-02-02-14.wav,03-01-02-01-02-02-14.wav,14,female,2,calm,normal,2,2,train,1,data/processed/log_mel/03-01-02-01-02-02-14.npy
data/raw/ravdess/Actor_14/03-01-02-02-01-01-14.wav,03-01-02-02-01-01-14.wav,14,female,2,calm,strong,1,1,train,1,data/processed/log_mel/03-01-02-02-01-01-14.npy
data/raw/ravdess/Actor_14/03-01-02-02-01-02-14.wav,03-01-02-02-01-02-14.wav,14,female,2,calm,strong,1,2,train,1,data/processed/log_mel/03-01-02-02-01-02-14.npy
data/raw/ravdess/Actor_14/03-01-02-02-02-01-14.wav,03-01-02-02-02-01-14.wav,14,female,2,calm,strong,2,1,train,1,data/processed/log_mel/03-01-02-02-02-01-14.npy
data/raw/ravdess/Actor_14/03-01-02-02-02-02-14.wav,03-01-02-02-02-02-14.wav,14,female,2,calm,strong,2,2,train,1,data/processed/log_mel/03-01-02-02-02-02-14.npy
data/raw/ravdess/Actor_14/03-01-03-01-01-01-14.wav,03-01-03-01-01-01-14.wav,14,female,3,happy,normal,1,1,train,2,data/processed/log_mel/03-01-03-01-01-01-14.npy
data/raw/ravdess/Actor_14/03-01-03-01-01-02-14.wav,03-01-03-01-01-02-14.wav,14,female,3,happy,normal,1,2,train,2,data/processed/log_mel/03-01-03-01-01-02-14.npy
data/raw/ravdess/Actor_14/03-01-03-01-02-01-14.wav,03-01-03-01-02-01-14.wav,14,female,3,happy,normal,2,1,train,2,data/processed/log_mel/03-01-03-01-02-01-14.npy
data/raw/ravdess/Actor_14/03-01-03-01-02-02-14.wav,03-01-03-01-02-02-14.wav,14,female,3,happy,normal,2,2,train,2,data/processed/log_mel/03-01-03-01-02-02-14.npy
data/raw/ravdess/Actor_14/03-01-03-02-01-01-14.wav,03-01-03-02-01-01-14.wav,14,female,3,happy,strong,1,1,train,2,data/processed/log_mel/03-01-03-02-01-01-14.npy
data/raw/ravdess/Actor_14/03-01-03-02-01-02-14.wav,03-01-03-02-01-02-14.wav,14,female,3,happy,strong,1,2,train,2,data/processed/log_mel/03-01-03-02-01-02-14.npy
data/raw/ravdess/Actor_14/03-01-03-02-02-01-14.wav,03-01-03-02-02-01-14.wav,14,female,3,happy,strong,2,1,train,2,data/processed/log_mel/03-01-03-02-02-01-14.npy
data/raw/ravdess/Actor_14/03-01-03-02-02-02-14.wav,03-01-03-02-02-02-14.wav,14,female,3,happy,strong,2,2,train,2,data/processed/log_mel/03-01-03-02-02-02-14.npy
data/raw/ravdess/Actor_14/03-01-04-01-01-01-14.wav,03-01-04-01-01-01-14.wav,14,female,4,sad,normal,1,1,train,3,data/processed/log_mel/03-01-04-01-01-01-14.npy
data/raw/ravdess/Actor_14/03-01-04-01-01-02-14.wav,03-01-04-01-01-02-14.wav,14,female,4,sad,normal,1,2,train,3,data/processed/log_mel/03-01-04-01-01-02-14.npy
data/raw/ravdess/Actor_14/03-01-04-01-02-01-14.wav,03-01-04-01-02-01-14.wav,14,female,4,sad,normal,2,1,train,3,data/processed/log_mel/03-01-04-01-02-01-14.npy
data/raw/ravdess/Actor_14/03-01-04-01-02-02-14.wav,03-01-04-01-02-02-14.wav,14,female,4,sad,normal,2,2,train,3,data/processed/log_mel/03-01-04-01-02-02-14.npy
data/raw/ravdess/Actor_14/03-01-04-02-01-01-14.wav,03-01-04-02-01-01-14.wav,14,female,4,sad,strong,1,1,train,3,data/processed/log_mel/03-01-04-02-01-01-14.npy
data/raw/ravdess/Actor_14/03-01-04-02-01-02-14.wav,03-01-04-02-01-02-14.wav,14,female,4,sad,strong,1,2,train,3,data/processed/log_mel/03-01-04-02-01-02-14.npy
data/raw/ravdess/Actor_14/03-01-04-02-02-01-14.wav,03-01-04-02-02-01-14.wav,14,female,4,sad,strong,2,1,train,3,data/processed/log_mel/03-01-04-02-02-01-14.npy
data/raw/ravdess/Actor_14/03-01-04-02-02-02-14.wav,03-01-04-02-02-02-14.wav,14,female,4,sad,strong,2,2,train,3,data/processed/log_mel/03-01-04-02-02-02-14.npy
data/raw/ravdess/Actor_14/03-01-05-01-01-01-14.wav,03-01-05-01-01-01-14.wav,14,female,5,angry,normal,1,1,train,4,data/processed/log_mel/03-01-05-01-01-01-14.npy
data/raw/ravdess/Actor_14/03-01-05-01-01-02-14.wav,03-01-05-01-01-02-14.wav,14,female,5,angry,normal,1,2,train,4,data/processed/log_mel/03-01-05-01-01-02-14.npy
data/raw/ravdess/Actor_14/03-01-05-01-02-01-14.wav,03-01-05-01-02-01-14.wav,14,female,5,angry,normal,2,1,train,4,data/processed/log_mel/03-01-05-01-02-01-14.npy
data/raw/ravdess/Actor_14/03-01-05-01-02-02-14.wav,03-01-05-01-02-02-14.wav,14,female,5,angry,normal,2,2,train,4,data/processed/log_mel/03-01-05-01-02-02-14.npy
data/raw/ravdess/Actor_14/03-01-05-02-01-01-14.wav,03-01-05-02-01-01-14.wav,14,female,5,angry,strong,1,1,train,4,data/processed/log_mel/03-01-05-02-01-01-14.npy
data/raw/ravdess/Actor_14/03-01-05-02-01-02-14.wav,03-01-05-02-01-02-14.wav,14,female,5,angry,strong,1,2,train,4,data/processed/log_mel/03-01-05-02-01-02-14.npy
data/raw/ravdess/Actor_14/03-01-05-02-02-01-14.wav,03-01-05-02-02-01-14.wav,14,female,5,angry,strong,2,1,train,4,data/processed/log_mel/03-01-05-02-02-01-14.npy
data/raw/ravdess/Actor_14/03-01-05-02-02-02-14.wav,03-01-05-02-02-02-14.wav,14,female,5,angry,strong,2,2,train,4,data/processed/log_mel/03-01-05-02-02-02-14.npy
data/raw/ravdess/Actor_14/03-01-06-01-01-01-14.wav,03-01-06-01-01-01-14.wav,14,female,6,fearful,normal,1,1,train,5,data/processed/log_mel/03-01-06-01-01-01-14.npy
data/raw/ravdess/Actor_14/03-01-06-01-01-02-14.wav,03-01-06-01-01-02-14.wav,14,female,6,fearful,normal,1,2,train,5,data/processed/log_mel/03-01-06-01-01-02-14.npy
data/raw/ravdess/Actor_14/03-01-06-01-02-01-14.wav,03-01-06-01-02-01-14.wav,14,female,6,fearful,normal,2,1,train,5,data/processed/log_mel/03-01-06-01-02-01-14.npy
data/raw/ravdess/Actor_14/03-01-06-01-02-02-14.wav,03-01-06-01-02-02-14.wav,14,female,6,fearful,normal,2,2,train,5,data/processed/log_mel/03-01-06-01-02-02-14.npy
data/raw/ravdess/Actor_14/03-01-06-02-01-01-14.wav,03-01-06-02-01-01-14.wav,14,female,6,fearful,strong,1,1,train,5,data/processed/log_mel/03-01-06-02-01-01-14.npy
data/raw/ravdess/Actor_14/03-01-06-02-01-02-14.wav,03-01-06-02-01-02-14.wav,14,female,6,fearful,strong,1,2,train,5,data/processed/log_mel/03-01-06-02-01-02-14.npy
data/raw/ravdess/Actor_14/03-01-06-02-02-01-14.wav,03-01-06-02-02-01-14.wav,14,female,6,fearful,strong,2,1,train,5,data/processed/log_mel/03-01-06-02-02-01-14.npy
data/raw/ravdess/Actor_14/03-01-06-02-02-02-14.wav,03-01-06-02-02-02-14.wav,14,female,6,fearful,strong,2,2,train,5,data/processed/log_mel/03-01-06-02-02-02-14.npy
data/raw/ravdess/Actor_14/03-01-07-01-01-01-14.wav,03-01-07-01-01-01-14.wav,14,female,7,disgust,normal,1,1,train,6,data/processed/log_mel/03-01-07-01-01-01-14.npy
data/raw/ravdess/Actor_14/03-01-07-01-01-02-14.wav,03-01-07-01-01-02-14.wav,14,female,7,disgust,normal,1,2,train,6,data/processed/log_mel/03-01-07-01-01-02-14.npy
data/raw/ravdess/Actor_14/03-01-07-01-02-01-14.wav,03-01-07-01-02-01-14.wav,14,female,7,disgust,normal,2,1,train,6,data/processed/log_mel/03-01-07-01-02-01-14.npy
data/raw/ravdess/Actor_14/03-01-07-01-02-02-14.wav,03-01-07-01-02-02-14.wav,14,female,7,disgust,normal,2,2,train,6,data/processed/log_mel/03-01-07-01-02-02-14.npy
data/raw/ravdess/Actor_14/03-01-07-02-01-01-14.wav,03-01-07-02-01-01-14.wav,14,female,7,disgust,strong,1,1,train,6,data/processed/log_mel/03-01-07-02-01-01-14.npy
data/raw/ravdess/Actor_14/03-01-07-02-01-02-14.wav,03-01-07-02-01-02-14.wav,14,female,7,disgust,strong,1,2,train,6,data/processed/log_mel/03-01-07-02-01-02-14.npy
data/raw/ravdess/Actor_14/03-01-07-02-02-01-14.wav,03-01-07-02-02-01-14.wav,14,female,7,disgust,strong,2,1,train,6,data/processed/log_mel/03-01-07-02-02-01-14.npy
data/raw/ravdess/Actor_14/03-01-07-02-02-02-14.wav,03-01-07-02-02-02-14.wav,14,female,7,disgust,strong,2,2,train,6,data/processed/log_mel/03-01-07-02-02-02-14.npy
data/raw/ravdess/Actor_14/03-01-08-01-01-01-14.wav,03-01-08-01-01-01-14.wav,14,female,8,surprised,normal,1,1,train,7,data/processed/log_mel/03-01-08-01-01-01-14.npy
data/raw/ravdess/Actor_14/03-01-08-01-01-02-14.wav,03-01-08-01-01-02-14.wav,14,female,8,surprised,normal,1,2,train,7,data/processed/log_mel/03-01-08-01-01-02-14.npy
data/raw/ravdess/Actor_14/03-01-08-01-02-01-14.wav,03-01-08-01-02-01-14.wav,14,female,8,surprised,normal,2,1,train,7,data/processed/log_mel/03-01-08-01-02-01-14.npy
data/raw/ravdess/Actor_14/03-01-08-01-02-02-14.wav,03-01-08-01-02-02-14.wav,14,female,8,surprised,normal,2,2,train,7,data/processed/log_mel/03-01-08-01-02-02-14.npy
data/raw/ravdess/Actor_14/03-01-08-02-01-01-14.wav,03-01-08-02-01-01-14.wav,14,female,8,surprised,strong,1,1,train,7,data/processed/log_mel/03-01-08-02-01-01-14.npy
data/raw/ravdess/Actor_14/03-01-08-02-01-02-14.wav,03-01-08-02-01-02-14.wav,14,female,8,surprised,strong,1,2,train,7,data/processed/log_mel/03-01-08-02-01-02-14.npy
data/raw/ravdess/Actor_14/03-01-08-02-02-01-14.wav,03-01-08-02-02-01-14.wav,14,female,8,surprised,strong,2,1,train,7,data/processed/log_mel/03-01-08-02-02-01-14.npy
data/raw/ravdess/Actor_14/03-01-08-02-02-02-14.wav,03-01-08-02-02-02-14.wav,14,female,8,surprised,strong,2,2,train,7,data/processed/log_mel/03-01-08-02-02-02-14.npy
data/raw/ravdess/Actor_15/03-01-01-01-01-01-15.wav,03-01-01-01-01-01-15.wav,15,male,1,neutral,normal,1,1,train,0,data/processed/log_mel/03-01-01-01-01-01-15.npy
data/raw/ravdess/Actor_15/03-01-01-01-01-02-15.wav,03-01-01-01-01-02-15.wav,15,male,1,neutral,normal,1,2,train,0,data/processed/log_mel/03-01-01-01-01-02-15.npy
data/raw/ravdess/Actor_15/03-01-01-01-02-01-15.wav,03-01-01-01-02-01-15.wav,15,male,1,neutral,normal,2,1,train,0,data/processed/log_mel/03-01-01-01-02-01-15.npy
data/raw/ravdess/Actor_15/03-01-01-01-02-02-15.wav,03-01-01-01-02-02-15.wav,15,male,1,neutral,normal,2,2,train,0,data/processed/log_mel/03-01-01-01-02-02-15.npy
data/raw/ravdess/Actor_15/03-01-02-01-01-01-15.wav,03-01-02-01-01-01-15.wav,15,male,2,calm,normal,1,1,train,1,data/processed/log_mel/03-01-02-01-01-01-15.npy
data/raw/ravdess/Actor_15/03-01-02-01-01-02-15.wav,03-01-02-01-01-02-15.wav,15,male,2,calm,normal,1,2,train,1,data/processed/log_mel/03-01-02-01-01-02-15.npy
data/raw/ravdess/Actor_15/03-01-02-01-02-01-15.wav,03-01-02-01-02-01-15.wav,15,male,2,calm,normal,2,1,train,1,data/processed/log_mel/03-01-02-01-02-01-15.npy
data/raw/ravdess/Actor_15/03-01-02-01-02-02-15.wav,03-01-02-01-02-02-15.wav,15,male,2,calm,normal,2,2,train,1,data/processed/log_mel/03-01-02-01-02-02-15.npy
data/raw/ravdess/Actor_15/03-01-02-02-01-01-15.wav,03-01-02-02-01-01-15.wav,15,male,2,calm,strong,1,1,train,1,data/processed/log_mel/03-01-02-02-01-01-15.npy
data/raw/ravdess/Actor_15/03-01-02-02-01-02-15.wav,03-01-02-02-01-02-15.wav,15,male,2,calm,strong,1,2,train,1,data/processed/log_mel/03-01-02-02-01-02-15.npy
data/raw/ravdess/Actor_15/03-01-02-02-02-01-15.wav,03-01-02-02-02-01-15.wav,15,male,2,calm,strong,2,1,train,1,data/processed/log_mel/03-01-02-02-02-01-15.npy
data/raw/ravdess/Actor_15/03-01-02-02-02-02-15.wav,03-01-02-02-02-02-15.wav,15,male,2,calm,strong,2,2,train,1,data/processed/log_mel/03-01-02-02-02-02-15.npy
data/raw/ravdess/Actor_15/03-01-03-01-01-01-15.wav,03-01-03-01-01-01-15.wav,15,male,3,happy,normal,1,1,train,2,data/processed/log_mel/03-01-03-01-01-01-15.npy
data/raw/ravdess/Actor_15/03-01-03-01-01-02-15.wav,03-01-03-01-01-02-15.wav,15,male,3,happy,normal,1,2,train,2,data/processed/log_mel/03-01-03-01-01-02-15.npy
data/raw/ravdess/Actor_15/03-01-03-01-02-01-15.wav,03-01-03-01-02-01-15.wav,15,male,3,happy,normal,2,1,train,2,data/processed/log_mel/03-01-03-01-02-01-15.npy
data/raw/ravdess/Actor_15/03-01-03-01-02-02-15.wav,03-01-03-01-02-02-15.wav,15,male,3,happy,normal,2,2,train,2,data/processed/log_mel/03-01-03-01-02-02-15.npy
data/raw/ravdess/Actor_15/03-01-03-02-01-01-15.wav,03-01-03-02-01-01-15.wav,15,male,3,happy,strong,1,1,train,2,data/processed/log_mel/03-01-03-02-01-01-15.npy
data/raw/ravdess/Actor_15/03-01-03-02-01-02-15.wav,03-01-03-02-01-02-15.wav,15,male,3,happy,strong,1,2,train,2,data/processed/log_mel/03-01-03-02-01-02-15.npy
data/raw/ravdess/Actor_15/03-01-03-02-02-01-15.wav,03-01-03-02-02-01-15.wav,15,male,3,happy,strong,2,1,train,2,data/processed/log_mel/03-01-03-02-02-01-15.npy
data/raw/ravdess/Actor_15/03-01-03-02-02-02-15.wav,03-01-03-02-02-02-15.wav,15,male,3,happy,strong,2,2,train,2,data/processed/log_mel/03-01-03-02-02-02-15.npy
data/raw/ravdess/Actor_15/03-01-04-01-01-01-15.wav,03-01-04-01-01-01-15.wav,15,male,4,sad,normal,1,1,train,3,data/processed/log_mel/03-01-04-01-01-01-15.npy
data/raw/ravdess/Actor_15/03-01-04-01-01-02-15.wav,03-01-04-01-01-02-15.wav,15,male,4,sad,normal,1,2,train,3,data/processed/log_mel/03-01-04-01-01-02-15.npy
data/raw/ravdess/Actor_15/03-01-04-01-02-01-15.wav,03-01-04-01-02-01-15.wav,15,male,4,sad,normal,2,1,train,3,data/processed/log_mel/03-01-04-01-02-01-15.npy
data/raw/ravdess/Actor_15/03-01-04-01-02-02-15.wav,03-01-04-01-02-02-15.wav,15,male,4,sad,normal,2,2,train,3,data/processed/log_mel/03-01-04-01-02-02-15.npy
data/raw/ravdess/Actor_15/03-01-04-02-01-01-15.wav,03-01-04-02-01-01-15.wav,15,male,4,sad,strong,1,1,train,3,data/processed/log_mel/03-01-04-02-01-01-15.npy
data/raw/ravdess/Actor_15/03-01-04-02-01-02-15.wav,03-01-04-02-01-02-15.wav,15,male,4,sad,strong,1,2,train,3,data/processed/log_mel/03-01-04-02-01-02-15.npy
data/raw/ravdess/Actor_15/03-01-04-02-02-01-15.wav,03-01-04-02-02-01-15.wav,15,male,4,sad,strong,2,1,train,3,data/processed/log_mel/03-01-04-02-02-01-15.npy
data/raw/ravdess/Actor_15/03-01-04-02-02-02-15.wav,03-01-04-02-02-02-15.wav,15,male,4,sad,strong,2,2,train,3,data/processed/log_mel/03-01-04-02-02-02-15.npy
data/raw/ravdess/Actor_15/03-01-05-01-01-01-15.wav,03-01-05-01-01-01-15.wav,15,male,5,angry,normal,1,1,train,4,data/processed/log_mel/03-01-05-01-01-01-15.npy
data/raw/ravdess/Actor_15/03-01-05-01-01-02-15.wav,03-01-05-01-01-02-15.wav,15,male,5,angry,normal,1,2,train,4,data/processed/log_mel/03-01-05-01-01-02-15.npy
data/raw/ravdess/Actor_15/03-01-05-01-02-01-15.wav,03-01-05-01-02-01-15.wav,15,male,5,angry,normal,2,1,train,4,data/processed/log_mel/03-01-05-01-02-01-15.npy
data/raw/ravdess/Actor_15/03-01-05-01-02-02-15.wav,03-01-05-01-02-02-15.wav,15,male,5,angry,normal,2,2,train,4,data/processed/log_mel/03-01-05-01-02-02-15.npy
data/raw/ravdess/Actor_15/03-01-05-02-01-01-15.wav,03-01-05-02-01-01-15.wav,15,male,5,angry,strong,1,1,train,4,data/processed/log_mel/03-01-05-02-01-01-15.npy
data/raw/ravdess/Actor_15/03-01-05-02-01-02-15.wav,03-01-05-02-01-02-15.wav,15,male,5,angry,strong,1,2,train,4,data/processed/log_mel/03-01-05-02-01-02-15.npy
data/raw/ravdess/Actor_15/03-01-05-02-02-01-15.wav,03-01-05-02-02-01-15.wav,15,male,5,angry,strong,2,1,train,4,data/processed/log_mel/03-01-05-02-02-01-15.npy
data/raw/ravdess/Actor_15/03-01-05-02-02-02-15.wav,03-01-05-02-02-02-15.wav,15,male,5,angry,strong,2,2,train,4,data/processed/log_mel/03-01-05-02-02-02-15.npy
data/raw/ravdess/Actor_15/03-01-06-01-01-01-15.wav,03-01-06-01-01-01-15.wav,15,male,6,fearful,normal,1,1,train,5,data/processed/log_mel/03-01-06-01-01-01-15.npy
data/raw/ravdess/Actor_15/03-01-06-01-01-02-15.wav,03-01-06-01-01-02-15.wav,15,male,6,fearful,normal,1,2,train,5,data/processed/log_mel/03-01-06-01-01-02-15.npy
data/raw/ravdess/Actor_15/03-01-06-01-02-01-15.wav,03-01-06-01-02-01-15.wav,15,male,6,fearful,normal,2,1,train,5,data/processed/log_mel/03-01-06-01-02-01-15.npy
data/raw/ravdess/Actor_15/03-01-06-01-02-02-15.wav,03-01-06-01-02-02-15.wav,15,male,6,fearful,normal,2,2,train,5,data/processed/log_mel/03-01-06-01-02-02-15.npy
data/raw/ravdess/Actor_15/03-01-06-02-01-01-15.wav,03-01-06-02-01-01-15.wav,15,male,6,fearful,strong,1,1,train,5,data/processed/log_mel/03-01-06-02-01-01-15.npy
data/raw/ravdess/Actor_15/03-01-06-02-01-02-15.wav,03-01-06-02-01-02-15.wav,15,male,6,fearful,strong,1,2,train,5,data/processed/log_mel/03-01-06-02-01-02-15.npy
data/raw/ravdess/Actor_15/03-01-06-02-02-01-15.wav,03-01-06-02-02-01-15.wav,15,male,6,fearful,strong,2,1,train,5,data/processed/log_mel/03-01-06-02-02-01-15.npy
data/raw/ravdess/Actor_15/03-01-06-02-02-02-15.wav,03-01-06-02-02-02-15.wav,15,male,6,fearful,strong,2,2,train,5,data/processed/log_mel/03-01-06-02-02-02-15.npy
data/raw/ravdess/Actor_15/03-01-07-01-01-01-15.wav,03-01-07-01-01-01-15.wav,15,male,7,disgust,normal,1,1,train,6,data/processed/log_mel/03-01-07-01-01-01-15.npy
data/raw/ravdess/Actor_15/03-01-07-01-01-02-15.wav,03-01-07-01-01-02-15.wav,15,male,7,disgust,normal,1,2,train,6,data/processed/log_mel/03-01-07-01-01-02-15.npy
data/raw/ravdess/Actor_15/03-01-07-01-02-01-15.wav,03-01-07-01-02-01-15.wav,15,male,7,disgust,normal,2,1,train,6,data/processed/log_mel/03-01-07-01-02-01-15.npy
data/raw/ravdess/Actor_15/03-01-07-01-02-02-15.wav,03-01-07-01-02-02-15.wav,15,male,7,disgust,normal,2,2,train,6,data/processed/log_mel/03-01-07-01-02-02-15.npy
data/raw/ravdess/Actor_15/03-01-07-02-01-01-15.wav,03-01-07-02-01-01-15.wav,15,male,7,disgust,strong,1,1,train,6,data/processed/log_mel/03-01-07-02-01-01-15.npy
data/raw/ravdess/Actor_15/03-01-07-02-01-02-15.wav,03-01-07-02-01-02-15.wav,15,male,7,disgust,strong,1,2,train,6,data/processed/log_mel/03-01-07-02-01-02-15.npy
data/raw/ravdess/Actor_15/03-01-07-02-02-01-15.wav,03-01-07-02-02-01-15.wav,15,male,7,disgust,strong,2,1,train,6,data/processed/log_mel/03-01-07-02-02-01-15.npy
data/raw/ravdess/Actor_15/03-01-07-02-02-02-15.wav,03-01-07-02-02-02-15.wav,15,male,7,disgust,strong,2,2,train,6,data/processed/log_mel/03-01-07-02-02-02-15.npy
data/raw/ravdess/Actor_15/03-01-08-01-01-01-15.wav,03-01-08-01-01-01-15.wav,15,male,8,surprised,normal,1,1,train,7,data/processed/log_mel/03-01-08-01-01-01-15.npy
data/raw/ravdess/Actor_15/03-01-08-01-01-02-15.wav,03-01-08-01-01-02-15.wav,15,male,8,surprised,normal,1,2,train,7,data/processed/log_mel/03-01-08-01-01-02-15.npy
data/raw/ravdess/Actor_15/03-01-08-01-02-01-15.wav,03-01-08-01-02-01-15.wav,15,male,8,surprised,normal,2,1,train,7,data/processed/log_mel/03-01-08-01-02-01-15.npy
data/raw/ravdess/Actor_15/03-01-08-01-02-02-15.wav,03-01-08-01-02-02-15.wav,15,male,8,surprised,normal,2,2,train,7,data/processed/log_mel/03-01-08-01-02-02-15.npy
data/raw/ravdess/Actor_15/03-01-08-02-01-01-15.wav,03-01-08-02-01-01-15.wav,15,male,8,surprised,strong,1,1,train,7,data/processed/log_mel/03-01-08-02-01-01-15.npy
data/raw/ravdess/Actor_15/03-01-08-02-01-02-15.wav,03-01-08-02-01-02-15.wav,15,male,8,surprised,strong,1,2,train,7,data/processed/log_mel/03-01-08-02-01-02-15.npy
data/raw/ravdess/Actor_15/03-01-08-02-02-01-15.wav,03-01-08-02-02-01-15.wav,15,male,8,surprised,strong,2,1,train,7,data/processed/log_mel/03-01-08-02-02-01-15.npy
data/raw/ravdess/Actor_15/03-01-08-02-02-02-15.wav,03-01-08-02-02-02-15.wav,15,male,8,surprised,strong,2,2,train,7,data/processed/log_mel/03-01-08-02-02-02-15.npy
data/raw/ravdess/Actor_16/03-01-01-01-01-01-16.wav,03-01-01-01-01-01-16.wav,16,female,1,neutral,normal,1,1,train,0,data/processed/log_mel/03-01-01-01-01-01-16.npy
data/raw/ravdess/Actor_16/03-01-01-01-01-02-16.wav,03-01-01-01-01-02-16.wav,16,female,1,neutral,normal,1,2,train,0,data/processed/log_mel/03-01-01-01-01-02-16.npy
data/raw/ravdess/Actor_16/03-01-01-01-02-01-16.wav,03-01-01-01-02-01-16.wav,16,female,1,neutral,normal,2,1,train,0,data/processed/log_mel/03-01-01-01-02-01-16.npy
data/raw/ravdess/Actor_16/03-01-01-01-02-02-16.wav,03-01-01-01-02-02-16.wav,16,female,1,neutral,normal,2,2,train,0,data/processed/log_mel/03-01-01-01-02-02-16.npy
data/raw/ravdess/Actor_16/03-01-02-01-01-01-16.wav,03-01-02-01-01-01-16.wav,16,female,2,calm,normal,1,1,train,1,data/processed/log_mel/03-01-02-01-01-01-16.npy
data/raw/ravdess/Actor_16/03-01-02-01-01-02-16.wav,03-01-02-01-01-02-16.wav,16,female,2,calm,normal,1,2,train,1,data/processed/log_mel/03-01-02-01-01-02-16.npy
data/raw/ravdess/Actor_16/03-01-02-01-02-01-16.wav,03-01-02-01-02-01-16.wav,16,female,2,calm,normal,2,1,train,1,data/processed/log_mel/03-01-02-01-02-01-16.npy
data/raw/ravdess/Actor_16/03-01-02-01-02-02-16.wav,03-01-02-01-02-02-16.wav,16,female,2,calm,normal,2,2,train,1,data/processed/log_mel/03-01-02-01-02-02-16.npy
data/raw/ravdess/Actor_16/03-01-02-02-01-01-16.wav,03-01-02-02-01-01-16.wav,16,female,2,calm,strong,1,1,train,1,data/processed/log_mel/03-01-02-02-01-01-16.npy
data/raw/ravdess/Actor_16/03-01-02-02-01-02-16.wav,03-01-02-02-01-02-16.wav,16,female,2,calm,strong,1,2,train,1,data/processed/log_mel/03-01-02-02-01-02-16.npy
data/raw/ravdess/Actor_16/03-01-02-02-02-01-16.wav,03-01-02-02-02-01-16.wav,16,female,2,calm,strong,2,1,train,1,data/processed/log_mel/03-01-02-02-02-01-16.npy
data/raw/ravdess/Actor_16/03-01-02-02-02-02-16.wav,03-01-02-02-02-02-16.wav,16,female,2,calm,strong,2,2,train,1,data/processed/log_mel/03-01-02-02-02-02-16.npy
data/raw/ravdess/Actor_16/03-01-03-01-01-01-16.wav,03-01-03-01-01-01-16.wav,16,female,3,happy,normal,1,1,train,2,data/processed/log_mel/03-01-03-01-01-01-16.npy
data/raw/ravdess/Actor_16/03-01-03-01-01-02-16.wav,03-01-03-01-01-02-16.wav,16,female,3,happy,normal,1,2,train,2,data/processed/log_mel/03-01-03-01-01-02-16.npy
data/raw/ravdess/Actor_16/03-01-03-01-02-01-16.wav,03-01-03-01-02-01-16.wav,16,female,3,happy,normal,2,1,train,2,data/processed/log_mel/03-01-03-01-02-01-16.npy
data/raw/ravdess/Actor_16/03-01-03-01-02-02-16.wav,03-01-03-01-02-02-16.wav,16,female,3,happy,normal,2,2,train,2,data/processed/log_mel/03-01-03-01-02-02-16.npy
data/raw/ravdess/Actor_16/03-01-03-02-01-01-16.wav,03-01-03-02-01-01-16.wav,16,female,3,happy,strong,1,1,train,2,data/processed/log_mel/03-01-03-02-01-01-16.npy
data/raw/ravdess/Actor_16/03-01-03-02-01-02-16.wav,03-01-03-02-01-02-16.wav,16,female,3,happy,strong,1,2,train,2,data/processed/log_mel/03-01-03-02-01-02-16.npy
data/raw/ravdess/Actor_16/03-01-03-02-02-01-16.wav,03-01-03-02-02-01-16.wav,16,female,3,happy,strong,2,1,train,2,data/processed/log_mel/03-01-03-02-02-01-16.npy
data/raw/ravdess/Actor_16/03-01-03-02-02-02-16.wav,03-01-03-02-02-02-16.wav,16,female,3,happy,strong,2,2,train,2,data/processed/log_mel/03-01-03-02-02-02-16.npy
data/raw/ravdess/Actor_16/03-01-04-01-01-01-16.wav,03-01-04-01-01-01-16.wav,16,female,4,sad,normal,1,1,train,3,data/processed/log_mel/03-01-04-01-01-01-16.npy
data/raw/ravdess/Actor_16/03-01-04-01-01-02-16.wav,03-01-04-01-01-02-16.wav,16,female,4,sad,normal,1,2,train,3,data/processed/log_mel/03-01-04-01-01-02-16.npy
data/raw/ravdess/Actor_16/03-01-04-01-02-01-16.wav,03-01-04-01-02-01-16.wav,16,female,4,sad,normal,2,1,train,3,data/processed/log_mel/03-01-04-01-02-01-16.npy
data/raw/ravdess/Actor_16/03-01-04-01-02-02-16.wav,03-01-04-01-02-02-16.wav,16,female,4,sad,normal,2,2,train,3,data/processed/log_mel/03-01-04-01-02-02-16.npy
data/raw/ravdess/Actor_16/03-01-04-02-01-01-16.wav,03-01-04-02-01-01-16.wav,16,female,4,sad,strong,1,1,train,3,data/processed/log_mel/03-01-04-02-01-01-16.npy
data/raw/ravdess/Actor_16/03-01-04-02-01-02-16.wav,03-01-04-02-01-02-16.wav,16,female,4,sad,strong,1,2,train,3,data/processed/log_mel/03-01-04-02-01-02-16.npy
data/raw/ravdess/Actor_16/03-01-04-02-02-01-16.wav,03-01-04-02-02-01-16.wav,16,female,4,sad,strong,2,1,train,3,data/processed/log_mel/03-01-04-02-02-01-16.npy
data/raw/ravdess/Actor_16/03-01-04-02-02-02-16.wav,03-01-04-02-02-02-16.wav,16,female,4,sad,strong,2,2,train,3,data/processed/log_mel/03-01-04-02-02-02-16.npy
data/raw/ravdess/Actor_16/03-01-05-01-01-01-16.wav,03-01-05-01-01-01-16.wav,16,female,5,angry,normal,1,1,train,4,data/processed/log_mel/03-01-05-01-01-01-16.npy
data/raw/ravdess/Actor_16/03-01-05-01-01-02-16.wav,03-01-05-01-01-02-16.wav,16,female,5,angry,normal,1,2,train,4,data/processed/log_mel/03-01-05-01-01-02-16.npy
data/raw/ravdess/Actor_16/03-01-05-01-02-01-16.wav,03-01-05-01-02-01-16.wav,16,female,5,angry,normal,2,1,train,4,data/processed/log_mel/03-01-05-01-02-01-16.npy
data/raw/ravdess/Actor_16/03-01-05-01-02-02-16.wav,03-01-05-01-02-02-16.wav,16,female,5,angry,normal,2,2,train,4,data/processed/log_mel/03-01-05-01-02-02-16.npy
data/raw/ravdess/Actor_16/03-01-05-02-01-01-16.wav,03-01-05-02-01-01-16.wav,16,female,5,angry,strong,1,1,train,4,data/processed/log_mel/03-01-05-02-01-01-16.npy
data/raw/ravdess/Actor_16/03-01-05-02-01-02-16.wav,03-01-05-02-01-02-16.wav,16,female,5,angry,strong,1,2,train,4,data/processed/log_mel/03-01-05-02-01-02-16.npy
data/raw/ravdess/Actor_16/03-01-05-02-02-01-16.wav,03-01-05-02-02-01-16.wav,16,female,5,angry,strong,2,1,train,4,data/processed/log_mel/03-01-05-02-02-01-16.npy
data/raw/ravdess/Actor_16/03-01-05-02-02-02-16.wav,03-01-05-02-02-02-16.wav,16,female,5,angry,strong,2,2,train,4,data/processed/log_mel/03-01-05-02-02-02-16.npy
data/raw/ravdess/Actor_16/03-01-06-01-01-01-16.wav,03-01-06-01-01-01-16.wav,16,female,6,fearful,normal,1,1,train,5,data/processed/log_mel/03-01-06-01-01-01-16.npy
data/raw/ravdess/Actor_16/03-01-06-01-01-02-16.wav,03-01-06-01-01-02-16.wav,16,female,6,fearful,normal,1,2,train,5,data/processed/log_mel/03-01-06-01-01-02-16.npy
data/raw/ravdess/Actor_16/03-01-06-01-02-01-16.wav,03-01-06-01-02-01-16.wav,16,female,6,fearful,normal,2,1,train,5,data/processed/log_mel/03-01-06-01-02-01-16.npy
data/raw/ravdess/Actor_16/03-01-06-01-02-02-16.wav,03-01-06-01-02-02-16.wav,16,female,6,fearful,normal,2,2,train,5,data/processed/log_mel/03-01-06-01-02-02-16.npy
data/raw/ravdess/Actor_16/03-01-06-02-01-01-16.wav,03-01-06-02-01-01-16.wav,16,female,6,fearful,strong,1,1,train,5,data/processed/log_mel/03-01-06-02-01-01-16.npy
data/raw/ravdess/Actor_16/03-01-06-02-01-02-16.wav,03-01-06-02-01-02-16.wav,16,female,6,fearful,strong,1,2,train,5,data/processed/log_mel/03-01-06-02-01-02-16.npy
data/raw/ravdess/Actor_16/03-01-06-02-02-01-16.wav,03-01-06-02-02-01-16.wav,16,female,6,fearful,strong,2,1,train,5,data/processed/log_mel/03-01-06-02-02-01-16.npy
data/raw/ravdess/Actor_16/03-01-06-02-02-02-16.wav,03-01-06-02-02-02-16.wav,16,female,6,fearful,strong,2,2,train,5,data/processed/log_mel/03-01-06-02-02-02-16.npy
data/raw/ravdess/Actor_16/03-01-07-01-01-01-16.wav,03-01-07-01-01-01-16.wav,16,female,7,disgust,normal,1,1,train,6,data/processed/log_mel/03-01-07-01-01-01-16.npy
data/raw/ravdess/Actor_16/03-01-07-01-01-02-16.wav,03-01-07-01-01-02-16.wav,16,female,7,disgust,normal,1,2,train,6,data/processed/log_mel/03-01-07-01-01-02-16.npy
data/raw/ravdess/Actor_16/03-01-07-01-02-01-16.wav,03-01-07-01-02-01-16.wav,16,female,7,disgust,normal,2,1,train,6,data/processed/log_mel/03-01-07-01-02-01-16.npy
data/raw/ravdess/Actor_16/03-01-07-01-02-02-16.wav,03-01-07-01-02-02-16.wav,16,female,7,disgust,normal,2,2,train,6,data/processed/log_mel/03-01-07-01-02-02-16.npy
data/raw/ravdess/Actor_16/03-01-07-02-01-01-16.wav,03-01-07-02-01-01-16.wav,16,female,7,disgust,strong,1,1,train,6,data/processed/log_mel/03-01-07-02-01-01-16.npy
data/raw/ravdess/Actor_16/03-01-07-02-01-02-16.wav,03-01-07-02-01-02-16.wav,16,female,7,disgust,strong,1,2,train,6,data/processed/log_mel/03-01-07-02-01-02-16.npy
data/raw/ravdess/Actor_16/03-01-07-02-02-01-16.wav,03-01-07-02-02-01-16.wav,16,female,7,disgust,strong,2,1,train,6,data/processed/log_mel/03-01-07-02-02-01-16.npy
data/raw/ravdess/Actor_16/03-01-07-02-02-02-16.wav,03-01-07-02-02-02-16.wav,16,female,7,disgust,strong,2,2,train,6,data/processed/log_mel/03-01-07-02-02-02-16.npy
data/raw/ravdess/Actor_16/03-01-08-01-01-01-16.wav,03-01-08-01-01-01-16.wav,16,female,8,surprised,normal,1,1,train,7,data/processed/log_mel/03-01-08-01-01-01-16.npy
data/raw/ravdess/Actor_16/03-01-08-01-01-02-16.wav,03-01-08-01-01-02-16.wav,16,female,8,surprised,normal,1,2,train,7,data/processed/log_mel/03-01-08-01-01-02-16.npy
data/raw/ravdess/Actor_16/03-01-08-01-02-01-16.wav,03-01-08-01-02-01-16.wav,16,female,8,surprised,normal,2,1,train,7,data/processed/log_mel/03-01-08-01-02-01-16.npy
data/raw/ravdess/Actor_16/03-01-08-01-02-02-16.wav,03-01-08-01-02-02-16.wav,16,female,8,surprised,normal,2,2,train,7,data/processed/log_mel/03-01-08-01-02-02-16.npy
data/raw/ravdess/Actor_16/03-01-08-02-01-01-16.wav,03-01-08-02-01-01-16.wav,16,female,8,surprised,strong,1,1,train,7,data/processed/log_mel/03-01-08-02-01-01-16.npy
data/raw/ravdess/Actor_16/03-01-08-02-01-02-16.wav,03-01-08-02-01-02-16.wav,16,female,8,surprised,strong,1,2,train,7,data/processed/log_mel/03-01-08-02-01-02-16.npy
data/raw/ravdess/Actor_16/03-01-08-02-02-01-16.wav,03-01-08-02-02-01-16.wav,16,female,8,surprised,strong,2,1,train,7,data/processed/log_mel/03-01-08-02-02-01-16.npy
data/raw/ravdess/Actor_16/03-01-08-02-02-02-16.wav,03-01-08-02-02-02-16.wav,16,female,8,surprised,strong,2,2,train,7,data/processed/log_mel/03-01-08-02-02-02-16.npy
data/raw/ravdess/Actor_17/03-01-01-01-01-01-17.wav,03-01-01-01-01-01-17.wav,17,male,1,neutral,normal,1,1,validation,0,data/processed/log_mel/03-01-01-01-01-01-17.npy
data/raw/ravdess/Actor_17/03-01-01-01-01-02-17.wav,03-01-01-01-01-02-17.wav,17,male,1,neutral,normal,1,2,validation,0,data/processed/log_mel/03-01-01-01-01-02-17.npy
data/raw/ravdess/Actor_17/03-01-01-01-02-01-17.wav,03-01-01-01-02-01-17.wav,17,male,1,neutral,normal,2,1,validation,0,data/processed/log_mel/03-01-01-01-02-01-17.npy
data/raw/ravdess/Actor_17/03-01-01-01-02-02-17.wav,03-01-01-01-02-02-17.wav,17,male,1,neutral,normal,2,2,validation,0,data/processed/log_mel/03-01-01-01-02-02-17.npy
data/raw/ravdess/Actor_17/03-01-02-01-01-01-17.wav,03-01-02-01-01-01-17.wav,17,male,2,calm,normal,1,1,validation,1,data/processed/log_mel/03-01-02-01-01-01-17.npy
data/raw/ravdess/Actor_17/03-01-02-01-01-02-17.wav,03-01-02-01-01-02-17.wav,17,male,2,calm,normal,1,2,validation,1,data/processed/log_mel/03-01-02-01-01-02-17.npy
data/raw/ravdess/Actor_17/03-01-02-01-02-01-17.wav,03-01-02-01-02-01-17.wav,17,male,2,calm,normal,2,1,validation,1,data/processed/log_mel/03-01-02-01-02-01-17.npy
data/raw/ravdess/Actor_17/03-01-02-01-02-02-17.wav,03-01-02-01-02-02-17.wav,17,male,2,calm,normal,2,2,validation,1,data/processed/log_mel/03-01-02-01-02-02-17.npy
data/raw/ravdess/Actor_17/03-01-02-02-01-01-17.wav,03-01-02-02-01-01-17.wav,17,male,2,calm,strong,1,1,validation,1,data/processed/log_mel/03-01-02-02-01-01-17.npy
data/raw/ravdess/Actor_17/03-01-02-02-01-02-17.wav,03-01-02-02-01-02-17.wav,17,male,2,calm,strong,1,2,validation,1,data/processed/log_mel/03-01-02-02-01-02-17.npy
data/raw/ravdess/Actor_17/03-01-02-02-02-01-17.wav,03-01-02-02-02-01-17.wav,17,male,2,calm,strong,2,1,validation,1,data/processed/log_mel/03-01-02-02-02-01-17.npy
data/raw/ravdess/Actor_17/03-01-02-02-02-02-17.wav,03-01-02-02-02-02-17.wav,17,male,2,calm,strong,2,2,validation,1,data/processed/log_mel/03-01-02-02-02-02-17.npy
data/raw/ravdess/Actor_17/03-01-03-01-01-01-17.wav,03-01-03-01-01-01-17.wav,17,male,3,happy,normal,1,1,validation,2,data/processed/log_mel/03-01-03-01-01-01-17.npy
data/raw/ravdess/Actor_17/03-01-03-01-01-02-17.wav,03-01-03-01-01-02-17.wav,17,male,3,happy,normal,1,2,validation,2,data/processed/log_mel/03-01-03-01-01-02-17.npy
data/raw/ravdess/Actor_17/03-01-03-01-02-01-17.wav,03-01-03-01-02-01-17.wav,17,male,3,happy,normal,2,1,validation,2,data/processed/log_mel/03-01-03-01-02-01-17.npy
data/raw/ravdess/Actor_17/03-01-03-01-02-02-17.wav,03-01-03-01-02-02-17.wav,17,male,3,happy,normal,2,2,validation,2,data/processed/log_mel/03-01-03-01-02-02-17.npy
data/raw/ravdess/Actor_17/03-01-03-02-01-01-17.wav,03-01-03-02-01-01-17.wav,17,male,3,happy,strong,1,1,validation,2,data/processed/log_mel/03-01-03-02-01-01-17.npy
data/raw/ravdess/Actor_17/03-01-03-02-01-02-17.wav,03-01-03-02-01-02-17.wav,17,male,3,happy,strong,1,2,validation,2,data/processed/log_mel/03-01-03-02-01-02-17.npy
data/raw/ravdess/Actor_17/03-01-03-02-02-01-17.wav,03-01-03-02-02-01-17.wav,17,male,3,happy,strong,2,1,validation,2,data/processed/log_mel/03-01-03-02-02-01-17.npy
data/raw/ravdess/Actor_17/03-01-03-02-02-02-17.wav,03-01-03-02-02-02-17.wav,17,male,3,happy,strong,2,2,validation,2,data/processed/log_mel/03-01-03-02-02-02-17.npy
data/raw/ravdess/Actor_17/03-01-04-01-01-01-17.wav,03-01-04-01-01-01-17.wav,17,male,4,sad,normal,1,1,validation,3,data/processed/log_mel/03-01-04-01-01-01-17.npy
data/raw/ravdess/Actor_17/03-01-04-01-01-02-17.wav,03-01-04-01-01-02-17.wav,17,male,4,sad,normal,1,2,validation,3,data/processed/log_mel/03-01-04-01-01-02-17.npy
data/raw/ravdess/Actor_17/03-01-04-01-02-01-17.wav,03-01-04-01-02-01-17.wav,17,male,4,sad,normal,2,1,validation,3,data/processed/log_mel/03-01-04-01-02-01-17.npy
data/raw/ravdess/Actor_17/03-01-04-01-02-02-17.wav,03-01-04-01-02-02-17.wav,17,male,4,sad,normal,2,2,validation,3,data/processed/log_mel/03-01-04-01-02-02-17.npy
data/raw/ravdess/Actor_17/03-01-04-02-01-01-17.wav,03-01-04-02-01-01-17.wav,17,male,4,sad,strong,1,1,validation,3,data/processed/log_mel/03-01-04-02-01-01-17.npy
data/raw/ravdess/Actor_17/03-01-04-02-01-02-17.wav,03-01-04-02-01-02-17.wav,17,male,4,sad,strong,1,2,validation,3,data/processed/log_mel/03-01-04-02-01-02-17.npy
data/raw/ravdess/Actor_17/03-01-04-02-02-01-17.wav,03-01-04-02-02-01-17.wav,17,male,4,sad,strong,2,1,validation,3,data/processed/log_mel/03-01-04-02-02-01-17.npy
data/raw/ravdess/Actor_17/03-01-04-02-02-02-17.wav,03-01-04-02-02-02-17.wav,17,male,4,sad,strong,2,2,validation,3,data/processed/log_mel/03-01-04-02-02-02-17.npy
data/raw/ravdess/Actor_17/03-01-05-01-01-01-17.wav,03-01-05-01-01-01-17.wav,17,male,5,angry,normal,1,1,validation,4,data/processed/log_mel/03-01-05-01-01-01-17.npy
data/raw/ravdess/Actor_17/03-01-05-01-01-02-17.wav,03-01-05-01-01-02-17.wav,17,male,5,angry,normal,1,2,validation,4,data/processed/log_mel/03-01-05-01-01-02-17.npy
data/raw/ravdess/Actor_17/03-01-05-01-02-01-17.wav,03-01-05-01-02-01-17.wav,17,male,5,angry,normal,2,1,validation,4,data/processed/log_mel/03-01-05-01-02-01-17.npy
data/raw/ravdess/Actor_17/03-01-05-01-02-02-17.wav,03-01-05-01-02-02-17.wav,17,male,5,angry,normal,2,2,validation,4,data/processed/log_mel/03-01-05-01-02-02-17.npy
data/raw/ravdess/Actor_17/03-01-05-02-01-01-17.wav,03-01-05-02-01-01-17.wav,17,male,5,angry,strong,1,1,validation,4,data/processed/log_mel/03-01-05-02-01-01-17.npy
data/raw/ravdess/Actor_17/03-01-05-02-01-02-17.wav,03-01-05-02-01-02-17.wav,17,male,5,angry,strong,1,2,validation,4,data/processed/log_mel/03-01-05-02-01-02-17.npy
data/raw/ravdess/Actor_17/03-01-05-02-02-01-17.wav,03-01-05-02-02-01-17.wav,17,male,5,angry,strong,2,1,validation,4,data/processed/log_mel/03-01-05-02-02-01-17.npy
data/raw/ravdess/Actor_17/03-01-05-02-02-02-17.wav,03-01-05-02-02-02-17.wav,17,male,5,angry,strong,2,2,validation,4,data/processed/log_mel/03-01-05-02-02-02-17.npy
data/raw/ravdess/Actor_17/03-01-06-01-01-01-17.wav,03-01-06-01-01-01-17.wav,17,male,6,fearful,normal,1,1,validation,5,data/processed/log_mel/03-01-06-01-01-01-17.npy
data/raw/ravdess/Actor_17/03-01-06-01-01-02-17.wav,03-01-06-01-01-02-17.wav,17,male,6,fearful,normal,1,2,validation,5,data/processed/log_mel/03-01-06-01-01-02-17.npy
data/raw/ravdess/Actor_17/03-01-06-01-02-01-17.wav,03-01-06-01-02-01-17.wav,17,male,6,fearful,normal,2,1,validation,5,data/processed/log_mel/03-01-06-01-02-01-17.npy
data/raw/ravdess/Actor_17/03-01-06-01-02-02-17.wav,03-01-06-01-02-02-17.wav,17,male,6,fearful,normal,2,2,validation,5,data/processed/log_mel/03-01-06-01-02-02-17.npy
data/raw/ravdess/Actor_17/03-01-06-02-01-01-17.wav,03-01-06-02-01-01-17.wav,17,male,6,fearful,strong,1,1,validation,5,data/processed/log_mel/03-01-06-02-01-01-17.npy
data/raw/ravdess/Actor_17/03-01-06-02-01-02-17.wav,03-01-06-02-01-02-17.wav,17,male,6,fearful,strong,1,2,validation,5,data/processed/log_mel/03-01-06-02-01-02-17.npy
data/raw/ravdess/Actor_17/03-01-06-02-02-01-17.wav,03-01-06-02-02-01-17.wav,17,male,6,fearful,strong,2,1,validation,5,data/processed/log_mel/03-01-06-02-02-01-17.npy
data/raw/ravdess/Actor_17/03-01-06-02-02-02-17.wav,03-01-06-02-02-02-17.wav,17,male,6,fearful,strong,2,2,validation,5,data/processed/log_mel/03-01-06-02-02-02-17.npy
data/raw/ravdess/Actor_17/03-01-07-01-01-01-17.wav,03-01-07-01-01-01-17.wav,17,male,7,disgust,normal,1,1,validation,6,data/processed/log_mel/03-01-07-01-01-01-17.npy
data/raw/ravdess/Actor_17/03-01-07-01-01-02-17.wav,03-01-07-01-01-02-17.wav,17,male,7,disgust,normal,1,2,validation,6,data/processed/log_mel/03-01-07-01-01-02-17.npy
data/raw/ravdess/Actor_17/03-01-07-01-02-01-17.wav,03-01-07-01-02-01-17.wav,17,male,7,disgust,normal,2,1,validation,6,data/processed/log_mel/03-01-07-01-02-01-17.npy
data/raw/ravdess/Actor_17/03-01-07-01-02-02-17.wav,03-01-07-01-02-02-17.wav,17,male,7,disgust,normal,2,2,validation,6,data/processed/log_mel/03-01-07-01-02-02-17.npy
data/raw/ravdess/Actor_17/03-01-07-02-01-01-17.wav,03-01-07-02-01-01-17.wav,17,male,7,disgust,strong,1,1,validation,6,data/processed/log_mel/03-01-07-02-01-01-17.npy
data/raw/ravdess/Actor_17/03-01-07-02-01-02-17.wav,03-01-07-02-01-02-17.wav,17,male,7,disgust,strong,1,2,validation,6,data/processed/log_mel/03-01-07-02-01-02-17.npy
data/raw/ravdess/Actor_17/03-01-07-02-02-01-17.wav,03-01-07-02-02-01-17.wav,17,male,7,disgust,strong,2,1,validation,6,data/processed/log_mel/03-01-07-02-02-01-17.npy
data/raw/ravdess/Actor_17/03-01-07-02-02-02-17.wav,03-01-07-02-02-02-17.wav,17,male,7,disgust,strong,2,2,validation,6,data/processed/log_mel/03-01-07-02-02-02-17.npy
data/raw/ravdess/Actor_17/03-01-08-01-01-01-17.wav,03-01-08-01-01-01-17.wav,17,male,8,surprised,normal,1,1,validation,7,data/processed/log_mel/03-01-08-01-01-01-17.npy
data/raw/ravdess/Actor_17/03-01-08-01-01-02-17.wav,03-01-08-01-01-02-17.wav,17,male,8,surprised,normal,1,2,validation,7,data/processed/log_mel/03-01-08-01-01-02-17.npy
data/raw/ravdess/Actor_17/03-01-08-01-02-01-17.wav,03-01-08-01-02-01-17.wav,17,male,8,surprised,normal,2,1,validation,7,data/processed/log_mel/03-01-08-01-02-01-17.npy
data/raw/ravdess/Actor_17/03-01-08-01-02-02-17.wav,03-01-08-01-02-02-17.wav,17,male,8,surprised,normal,2,2,validation,7,data/processed/log_mel/03-01-08-01-02-02-17.npy
data/raw/ravdess/Actor_17/03-01-08-02-01-01-17.wav,03-01-08-02-01-01-17.wav,17,male,8,surprised,strong,1,1,validation,7,data/processed/log_mel/03-01-08-02-01-01-17.npy
data/raw/ravdess/Actor_17/03-01-08-02-01-02-17.wav,03-01-08-02-01-02-17.wav,17,male,8,surprised,strong,1,2,validation,7,data/processed/log_mel/03-01-08-02-01-02-17.npy
data/raw/ravdess/Actor_17/03-01-08-02-02-01-17.wav,03-01-08-02-02-01-17.wav,17,male,8,surprised,strong,2,1,validation,7,data/processed/log_mel/03-01-08-02-02-01-17.npy
data/raw/ravdess/Actor_17/03-01-08-02-02-02-17.wav,03-01-08-02-02-02-17.wav,17,male,8,surprised,strong,2,2,validation,7,data/processed/log_mel/03-01-08-02-02-02-17.npy
data/raw/ravdess/Actor_18/03-01-01-01-01-01-18.wav,03-01-01-01-01-01-18.wav,18,female,1,neutral,normal,1,1,validation,0,data/processed/log_mel/03-01-01-01-01-01-18.npy
data/raw/ravdess/Actor_18/03-01-01-01-01-02-18.wav,03-01-01-01-01-02-18.wav,18,female,1,neutral,normal,1,2,validation,0,data/processed/log_mel/03-01-01-01-01-02-18.npy
data/raw/ravdess/Actor_18/03-01-01-01-02-01-18.wav,03-01-01-01-02-01-18.wav,18,female,1,neutral,normal,2,1,validation,0,data/processed/log_mel/03-01-01-01-02-01-18.npy
data/raw/ravdess/Actor_18/03-01-01-01-02-02-18.wav,03-01-01-01-02-02-18.wav,18,female,1,neutral,normal,2,2,validation,0,data/processed/log_mel/03-01-01-01-02-02-18.npy
data/raw/ravdess/Actor_18/03-01-02-01-01-01-18.wav,03-01-02-01-01-01-18.wav,18,female,2,calm,normal,1,1,validation,1,data/processed/log_mel/03-01-02-01-01-01-18.npy
data/raw/ravdess/Actor_18/03-01-02-01-01-02-18.wav,03-01-02-01-01-02-18.wav,18,female,2,calm,normal,1,2,validation,1,data/processed/log_mel/03-01-02-01-01-02-18.npy
data/raw/ravdess/Actor_18/03-01-02-01-02-01-18.wav,03-01-02-01-02-01-18.wav,18,female,2,calm,normal,2,1,validation,1,data/processed/log_mel/03-01-02-01-02-01-18.npy
data/raw/ravdess/Actor_18/03-01-02-01-02-02-18.wav,03-01-02-01-02-02-18.wav,18,female,2,calm,normal,2,2,validation,1,data/processed/log_mel/03-01-02-01-02-02-18.npy
data/raw/ravdess/Actor_18/03-01-02-02-01-01-18.wav,03-01-02-02-01-01-18.wav,18,female,2,calm,strong,1,1,validation,1,data/processed/log_mel/03-01-02-02-01-01-18.npy
data/raw/ravdess/Actor_18/03-01-02-02-01-02-18.wav,03-01-02-02-01-02-18.wav,18,female,2,calm,strong,1,2,validation,1,data/processed/log_mel/03-01-02-02-01-02-18.npy
data/raw/ravdess/Actor_18/03-01-02-02-02-01-18.wav,03-01-02-02-02-01-18.wav,18,female,2,calm,strong,2,1,validation,1,data/processed/log_mel/03-01-02-02-02-01-18.npy
data/raw/ravdess/Actor_18/03-01-02-02-02-02-18.wav,03-01-02-02-02-02-18.wav,18,female,2,calm,strong,2,2,validation,1,data/processed/log_mel/03-01-02-02-02-02-18.npy
data/raw/ravdess/Actor_18/03-01-03-01-01-01-18.wav,03-01-03-01-01-01-18.wav,18,female,3,happy,normal,1,1,validation,2,data/processed/log_mel/03-01-03-01-01-01-18.npy
data/raw/ravdess/Actor_18/03-01-03-01-01-02-18.wav,03-01-03-01-01-02-18.wav,18,female,3,happy,normal,1,2,validation,2,data/processed/log_mel/03-01-03-01-01-02-18.npy
data/raw/ravdess/Actor_18/03-01-03-01-02-01-18.wav,03-01-03-01-02-01-18.wav,18,female,3,happy,normal,2,1,validation,2,data/processed/log_mel/03-01-03-01-02-01-18.npy
data/raw/ravdess/Actor_18/03-01-03-01-02-02-18.wav,03-01-03-01-02-02-18.wav,18,female,3,happy,normal,2,2,validation,2,data/processed/log_mel/03-01-03-01-02-02-18.npy
data/raw/ravdess/Actor_18/03-01-03-02-01-01-18.wav,03-01-03-02-01-01-18.wav,18,female,3,happy,strong,1,1,validation,2,data/processed/log_mel/03-01-03-02-01-01-18.npy
data/raw/ravdess/Actor_18/03-01-03-02-01-02-18.wav,03-01-03-02-01-02-18.wav,18,female,3,happy,strong,1,2,validation,2,data/processed/log_mel/03-01-03-02-01-02-18.npy
data/raw/ravdess/Actor_18/03-01-03-02-02-01-18.wav,03-01-03-02-02-01-18.wav,18,female,3,happy,strong,2,1,validation,2,data/processed/log_mel/03-01-03-02-02-01-18.npy
data/raw/ravdess/Actor_18/03-01-03-02-02-02-18.wav,03-01-03-02-02-02-18.wav,18,female,3,happy,strong,2,2,validation,2,data/processed/log_mel/03-01-03-02-02-02-18.npy
data/raw/ravdess/Actor_18/03-01-04-01-01-01-18.wav,03-01-04-01-01-01-18.wav,18,female,4,sad,normal,1,1,validation,3,data/processed/log_mel/03-01-04-01-01-01-18.npy
data/raw/ravdess/Actor_18/03-01-04-01-01-02-18.wav,03-01-04-01-01-02-18.wav,18,female,4,sad,normal,1,2,validation,3,data/processed/log_mel/03-01-04-01-01-02-18.npy
data/raw/ravdess/Actor_18/03-01-04-01-02-01-18.wav,03-01-04-01-02-01-18.wav,18,female,4,sad,normal,2,1,validation,3,data/processed/log_mel/03-01-04-01-02-01-18.npy
data/raw/ravdess/Actor_18/03-01-04-01-02-02-18.wav,03-01-04-01-02-02-18.wav,18,female,4,sad,normal,2,2,validation,3,data/processed/log_mel/03-01-04-01-02-02-18.npy
data/raw/ravdess/Actor_18/03-01-04-02-01-01-18.wav,03-01-04-02-01-01-18.wav,18,female,4,sad,strong,1,1,validation,3,data/processed/log_mel/03-01-04-02-01-01-18.npy
data/raw/ravdess/Actor_18/03-01-04-02-01-02-18.wav,03-01-04-02-01-02-18.wav,18,female,4,sad,strong,1,2,validation,3,data/processed/log_mel/03-01-04-02-01-02-18.npy
data/raw/ravdess/Actor_18/03-01-04-02-02-01-18.wav,03-01-04-02-02-01-18.wav,18,female,4,sad,strong,2,1,validation,3,data/processed/log_mel/03-01-04-02-02-01-18.npy
data/raw/ravdess/Actor_18/03-01-04-02-02-02-18.wav,03-01-04-02-02-02-18.wav,18,female,4,sad,strong,2,2,validation,3,data/processed/log_mel/03-01-04-02-02-02-18.npy
data/raw/ravdess/Actor_18/03-01-05-01-01-01-18.wav,03-01-05-01-01-01-18.wav,18,female,5,angry,normal,1,1,validation,4,data/processed/log_mel/03-01-05-01-01-01-18.npy
data/raw/ravdess/Actor_18/03-01-05-01-01-02-18.wav,03-01-05-01-01-02-18.wav,18,female,5,angry,normal,1,2,validation,4,data/processed/log_mel/03-01-05-01-01-02-18.npy
data/raw/ravdess/Actor_18/03-01-05-01-02-01-18.wav,03-01-05-01-02-01-18.wav,18,female,5,angry,normal,2,1,validation,4,data/processed/log_mel/03-01-05-01-02-01-18.npy
data/raw/ravdess/Actor_18/03-01-05-01-02-02-18.wav,03-01-05-01-02-02-18.wav,18,female,5,angry,normal,2,2,validation,4,data/processed/log_mel/03-01-05-01-02-02-18.npy
data/raw/ravdess/Actor_18/03-01-05-02-01-01-18.wav,03-01-05-02-01-01-18.wav,18,female,5,angry,strong,1,1,validation,4,data/processed/log_mel/03-01-05-02-01-01-18.npy
data/raw/ravdess/Actor_18/03-01-05-02-01-02-18.wav,03-01-05-02-01-02-18.wav,18,female,5,angry,strong,1,2,validation,4,data/processed/log_mel/03-01-05-02-01-02-18.npy
data/raw/ravdess/Actor_18/03-01-05-02-02-01-18.wav,03-01-05-02-02-01-18.wav,18,female,5,angry,strong,2,1,validation,4,data/processed/log_mel/03-01-05-02-02-01-18.npy
data/raw/ravdess/Actor_18/03-01-05-02-02-02-18.wav,03-01-05-02-02-02-18.wav,18,female,5,angry,strong,2,2,validation,4,data/processed/log_mel/03-01-05-02-02-02-18.npy
data/raw/ravdess/Actor_18/03-01-06-01-01-01-18.wav,03-01-06-01-01-01-18.wav,18,female,6,fearful,normal,1,1,validation,5,data/processed/log_mel/03-01-06-01-01-01-18.npy
data/raw/ravdess/Actor_18/03-01-06-01-01-02-18.wav,03-01-06-01-01-02-18.wav,18,female,6,fearful,normal,1,2,validation,5,data/processed/log_mel/03-01-06-01-01-02-18.npy
data/raw/ravdess/Actor_18/03-01-06-01-02-01-18.wav,03-01-06-01-02-01-18.wav,18,female,6,fearful,normal,2,1,validation,5,data/processed/log_mel/03-01-06-01-02-01-18.npy
data/raw/ravdess/Actor_18/03-01-06-01-02-02-18.wav,03-01-06-01-02-02-18.wav,18,female,6,fearful,normal,2,2,validation,5,data/processed/log_mel/03-01-06-01-02-02-18.npy
data/raw/ravdess/Actor_18/03-01-06-02-01-01-18.wav,03-01-06-02-01-01-18.wav,18,female,6,fearful,strong,1,1,validation,5,data/processed/log_mel/03-01-06-02-01-01-18.npy
data/raw/ravdess/Actor_18/03-01-06-02-01-02-18.wav,03-01-06-02-01-02-18.wav,18,female,6,fearful,strong,1,2,validation,5,data/processed/log_mel/03-01-06-02-01-02-18.npy
data/raw/ravdess/Actor_18/03-01-06-02-02-01-18.wav,03-01-06-02-02-01-18.wav,18,female,6,fearful,strong,2,1,validation,5,data/processed/log_mel/03-01-06-02-02-01-18.npy
data/raw/ravdess/Actor_18/03-01-06-02-02-02-18.wav,03-01-06-02-02-02-18.wav,18,female,6,fearful,strong,2,2,validation,5,data/processed/log_mel/03-01-06-02-02-02-18.npy
data/raw/ravdess/Actor_18/03-01-07-01-01-01-18.wav,03-01-07-01-01-01-18.wav,18,female,7,disgust,normal,1,1,validation,6,data/processed/log_mel/03-01-07-01-01-01-18.npy
data/raw/ravdess/Actor_18/03-01-07-01-01-02-18.wav,03-01-07-01-01-02-18.wav,18,female,7,disgust,normal,1,2,validation,6,data/processed/log_mel/03-01-07-01-01-02-18.npy
data/raw/ravdess/Actor_18/03-01-07-01-02-01-18.wav,03-01-07-01-02-01-18.wav,18,female,7,disgust,normal,2,1,validation,6,data/processed/log_mel/03-01-07-01-02-01-18.npy
data/raw/ravdess/Actor_18/03-01-07-01-02-02-18.wav,03-01-07-01-02-02-18.wav,18,female,7,disgust,normal,2,2,validation,6,data/processed/log_mel/03-01-07-01-02-02-18.npy
data/raw/ravdess/Actor_18/03-01-07-02-01-01-18.wav,03-01-07-02-01-01-18.wav,18,female,7,disgust,strong,1,1,validation,6,data/processed/log_mel/03-01-07-02-01-01-18.npy
data/raw/ravdess/Actor_18/03-01-07-02-01-02-18.wav,03-01-07-02-01-02-18.wav,18,female,7,disgust,strong,1,2,validation,6,data/processed/log_mel/03-01-07-02-01-02-18.npy
data/raw/ravdess/Actor_18/03-01-07-02-02-01-18.wav,03-01-07-02-02-01-18.wav,18,female,7,disgust,strong,2,1,validation,6,data/processed/log_mel/03-01-07-02-02-01-18.npy
data/raw/ravdess/Actor_18/03-01-07-02-02-02-18.wav,03-01-07-02-02-02-18.wav,18,female,7,disgust,strong,2,2,validation,6,data/processed/log_mel/03-01-07-02-02-02-18.npy
data/raw/ravdess/Actor_18/03-01-08-01-01-01-18.wav,03-01-08-01-01-01-18.wav,18,female,8,surprised,normal,1,1,validation,7,data/processed/log_mel/03-01-08-01-01-01-18.npy
data/raw/ravdess/Actor_18/03-01-08-01-01-02-18.wav,03-01-08-01-01-02-18.wav,18,female,8,surprised,normal,1,2,validation,7,data/processed/log_mel/03-01-08-01-01-02-18.npy
data/raw/ravdess/Actor_18/03-01-08-01-02-01-18.wav,03-01-08-01-02-01-18.wav,18,female,8,surprised,normal,2,1,validation,7,data/processed/log_mel/03-01-08-01-02-01-18.npy
data/raw/ravdess/Actor_18/03-01-08-01-02-02-18.wav,03-01-08-01-02-02-18.wav,18,female,8,surprised,normal,2,2,validation,7,data/processed/log_mel/03-01-08-01-02-02-18.npy
data/raw/ravdess/Actor_18/03-01-08-02-01-01-18.wav,03-01-08-02-01-01-18.wav,18,female,8,surprised,strong,1,1,validation,7,data/processed/log_mel/03-01-08-02-01-01-18.npy
data/raw/ravdess/Actor_18/03-01-08-02-01-02-18.wav,03-01-08-02-01-02-18.wav,18,female,8,surprised,strong,1,2,validation,7,data/processed/log_mel/03-01-08-02-01-02-18.npy
data/raw/ravdess/Actor_18/03-01-08-02-02-01-18.wav,03-01-08-02-02-01-18.wav,18,female,8,surprised,strong,2,1,validation,7,data/processed/log_mel/03-01-08-02-02-01-18.npy
data/raw/ravdess/Actor_18/03-01-08-02-02-02-18.wav,03-01-08-02-02-02-18.wav,18,female,8,surprised,strong,2,2,validation,7,data/processed/log_mel/03-01-08-02-02-02-18.npy
data/raw/ravdess/Actor_19/03-01-01-01-01-01-19.wav,03-01-01-01-01-01-19.wav,19,male,1,neutral,normal,1,1,validation,0,data/processed/log_mel/03-01-01-01-01-01-19.npy
data/raw/ravdess/Actor_19/03-01-01-01-01-02-19.wav,03-01-01-01-01-02-19.wav,19,male,1,neutral,normal,1,2,validation,0,data/processed/log_mel/03-01-01-01-01-02-19.npy
data/raw/ravdess/Actor_19/03-01-01-01-02-01-19.wav,03-01-01-01-02-01-19.wav,19,male,1,neutral,normal,2,1,validation,0,data/processed/log_mel/03-01-01-01-02-01-19.npy
data/raw/ravdess/Actor_19/03-01-01-01-02-02-19.wav,03-01-01-01-02-02-19.wav,19,male,1,neutral,normal,2,2,validation,0,data/processed/log_mel/03-01-01-01-02-02-19.npy
data/raw/ravdess/Actor_19/03-01-02-01-01-01-19.wav,03-01-02-01-01-01-19.wav,19,male,2,calm,normal,1,1,validation,1,data/processed/log_mel/03-01-02-01-01-01-19.npy
data/raw/ravdess/Actor_19/03-01-02-01-01-02-19.wav,03-01-02-01-01-02-19.wav,19,male,2,calm,normal,1,2,validation,1,data/processed/log_mel/03-01-02-01-01-02-19.npy
data/raw/ravdess/Actor_19/03-01-02-01-02-01-19.wav,03-01-02-01-02-01-19.wav,19,male,2,calm,normal,2,1,validation,1,data/processed/log_mel/03-01-02-01-02-01-19.npy
data/raw/ravdess/Actor_19/03-01-02-01-02-02-19.wav,03-01-02-01-02-02-19.wav,19,male,2,calm,normal,2,2,validation,1,data/processed/log_mel/03-01-02-01-02-02-19.npy
data/raw/ravdess/Actor_19/03-01-02-02-01-01-19.wav,03-01-02-02-01-01-19.wav,19,male,2,calm,strong,1,1,validation,1,data/processed/log_mel/03-01-02-02-01-01-19.npy
data/raw/ravdess/Actor_19/03-01-02-02-01-02-19.wav,03-01-02-02-01-02-19.wav,19,male,2,calm,strong,1,2,validation,1,data/processed/log_mel/03-01-02-02-01-02-19.npy
data/raw/ravdess/Actor_19/03-01-02-02-02-01-19.wav,03-01-02-02-02-01-19.wav,19,male,2,calm,strong,2,1,validation,1,data/processed/log_mel/03-01-02-02-02-01-19.npy
data/raw/ravdess/Actor_19/03-01-02-02-02-02-19.wav,03-01-02-02-02-02-19.wav,19,male,2,calm,strong,2,2,validation,1,data/processed/log_mel/03-01-02-02-02-02-19.npy
data/raw/ravdess/Actor_19/03-01-03-01-01-01-19.wav,03-01-03-01-01-01-19.wav,19,male,3,happy,normal,1,1,validation,2,data/processed/log_mel/03-01-03-01-01-01-19.npy
data/raw/ravdess/Actor_19/03-01-03-01-01-02-19.wav,03-01-03-01-01-02-19.wav,19,male,3,happy,normal,1,2,validation,2,data/processed/log_mel/03-01-03-01-01-02-19.npy
data/raw/ravdess/Actor_19/03-01-03-01-02-01-19.wav,03-01-03-01-02-01-19.wav,19,male,3,happy,normal,2,1,validation,2,data/processed/log_mel/03-01-03-01-02-01-19.npy
data/raw/ravdess/Actor_19/03-01-03-01-02-02-19.wav,03-01-03-01-02-02-19.wav,19,male,3,happy,normal,2,2,validation,2,data/processed/log_mel/03-01-03-01-02-02-19.npy
data/raw/ravdess/Actor_19/03-01-03-02-01-01-19.wav,03-01-03-02-01-01-19.wav,19,male,3,happy,strong,1,1,validation,2,data/processed/log_mel/03-01-03-02-01-01-19.npy
data/raw/ravdess/Actor_19/03-01-03-02-01-02-19.wav,03-01-03-02-01-02-19.wav,19,male,3,happy,strong,1,2,validation,2,data/processed/log_mel/03-01-03-02-01-02-19.npy
data/raw/ravdess/Actor_19/03-01-03-02-02-01-19.wav,03-01-03-02-02-01-19.wav,19,male,3,happy,strong,2,1,validation,2,data/processed/log_mel/03-01-03-02-02-01-19.npy
data/raw/ravdess/Actor_19/03-01-03-02-02-02-19.wav,03-01-03-02-02-02-19.wav,19,male,3,happy,strong,2,2,validation,2,data/processed/log_mel/03-01-03-02-02-02-19.npy
data/raw/ravdess/Actor_19/03-01-04-01-01-01-19.wav,03-01-04-01-01-01-19.wav,19,male,4,sad,normal,1,1,validation,3,data/processed/log_mel/03-01-04-01-01-01-19.npy
data/raw/ravdess/Actor_19/03-01-04-01-01-02-19.wav,03-01-04-01-01-02-19.wav,19,male,4,sad,normal,1,2,validation,3,data/processed/log_mel/03-01-04-01-01-02-19.npy
data/raw/ravdess/Actor_19/03-01-04-01-02-01-19.wav,03-01-04-01-02-01-19.wav,19,male,4,sad,normal,2,1,validation,3,data/processed/log_mel/03-01-04-01-02-01-19.npy
data/raw/ravdess/Actor_19/03-01-04-01-02-02-19.wav,03-01-04-01-02-02-19.wav,19,male,4,sad,normal,2,2,validation,3,data/processed/log_mel/03-01-04-01-02-02-19.npy
data/raw/ravdess/Actor_19/03-01-04-02-01-01-19.wav,03-01-04-02-01-01-19.wav,19,male,4,sad,strong,1,1,validation,3,data/processed/log_mel/03-01-04-02-01-01-19.npy
data/raw/ravdess/Actor_19/03-01-04-02-01-02-19.wav,03-01-04-02-01-02-19.wav,19,male,4,sad,strong,1,2,validation,3,data/processed/log_mel/03-01-04-02-01-02-19.npy
data/raw/ravdess/Actor_19/03-01-04-02-02-01-19.wav,03-01-04-02-02-01-19.wav,19,male,4,sad,strong,2,1,validation,3,data/processed/log_mel/03-01-04-02-02-01-19.npy
data/raw/ravdess/Actor_19/03-01-04-02-02-02-19.wav,03-01-04-02-02-02-19.wav,19,male,4,sad,strong,2,2,validation,3,data/processed/log_mel/03-01-04-02-02-02-19.npy
data/raw/ravdess/Actor_19/03-01-05-01-01-01-19.wav,03-01-05-01-01-01-19.wav,19,male,5,angry,normal,1,1,validation,4,data/processed/log_mel/03-01-05-01-01-01-19.npy
data/raw/ravdess/Actor_19/03-01-05-01-01-02-19.wav,03-01-05-01-01-02-19.wav,19,male,5,angry,normal,1,2,validation,4,data/processed/log_mel/03-01-05-01-01-02-19.npy
data/raw/ravdess/Actor_19/03-01-05-01-02-01-19.wav,03-01-05-01-02-01-19.wav,19,male,5,angry,normal,2,1,validation,4,data/processed/log_mel/03-01-05-01-02-01-19.npy
data/raw/ravdess/Actor_19/03-01-05-01-02-02-19.wav,03-01-05-01-02-02-19.wav,19,male,5,angry,normal,2,2,validation,4,data/processed/log_mel/03-01-05-01-02-02-19.npy
data/raw/ravdess/Actor_19/03-01-05-02-01-01-19.wav,03-01-05-02-01-01-19.wav,19,male,5,angry,strong,1,1,validation,4,data/processed/log_mel/03-01-05-02-01-01-19.npy
data/raw/ravdess/Actor_19/03-01-05-02-01-02-19.wav,03-01-05-02-01-02-19.wav,19,male,5,angry,strong,1,2,validation,4,data/processed/log_mel/03-01-05-02-01-02-19.npy
data/raw/ravdess/Actor_19/03-01-05-02-02-01-19.wav,03-01-05-02-02-01-19.wav,19,male,5,angry,strong,2,1,validation,4,data/processed/log_mel/03-01-05-02-02-01-19.npy
data/raw/ravdess/Actor_19/03-01-05-02-02-02-19.wav,03-01-05-02-02-02-19.wav,19,male,5,angry,strong,2,2,validation,4,data/processed/log_mel/03-01-05-02-02-02-19.npy
data/raw/ravdess/Actor_19/03-01-06-01-01-01-19.wav,03-01-06-01-01-01-19.wav,19,male,6,fearful,normal,1,1,validation,5,data/processed/log_mel/03-01-06-01-01-01-19.npy
data/raw/ravdess/Actor_19/03-01-06-01-01-02-19.wav,03-01-06-01-01-02-19.wav,19,male,6,fearful,normal,1,2,validation,5,data/processed/log_mel/03-01-06-01-01-02-19.npy
data/raw/ravdess/Actor_19/03-01-06-01-02-01-19.wav,03-01-06-01-02-01-19.wav,19,male,6,fearful,normal,2,1,validation,5,data/processed/log_mel/03-01-06-01-02-01-19.npy
data/raw/ravdess/Actor_19/03-01-06-01-02-02-19.wav,03-01-06-01-02-02-19.wav,19,male,6,fearful,normal,2,2,validation,5,data/processed/log_mel/03-01-06-01-02-02-19.npy
data/raw/ravdess/Actor_19/03-01-06-02-01-01-19.wav,03-01-06-02-01-01-19.wav,19,male,6,fearful,strong,1,1,validation,5,data/processed/log_mel/03-01-06-02-01-01-19.npy
data/raw/ravdess/Actor_19/03-01-06-02-01-02-19.wav,03-01-06-02-01-02-19.wav,19,male,6,fearful,strong,1,2,validation,5,data/processed/log_mel/03-01-06-02-01-02-19.npy
data/raw/ravdess/Actor_19/03-01-06-02-02-01-19.wav,03-01-06-02-02-01-19.wav,19,male,6,fearful,strong,2,1,validation,5,data/processed/log_mel/03-01-06-02-02-01-19.npy
data/raw/ravdess/Actor_19/03-01-06-02-02-02-19.wav,03-01-06-02-02-02-19.wav,19,male,6,fearful,strong,2,2,validation,5,data/processed/log_mel/03-01-06-02-02-02-19.npy
data/raw/ravdess/Actor_19/03-01-07-01-01-01-19.wav,03-01-07-01-01-01-19.wav,19,male,7,disgust,normal,1,1,validation,6,data/processed/log_mel/03-01-07-01-01-01-19.npy
data/raw/ravdess/Actor_19/03-01-07-01-01-02-19.wav,03-01-07-01-01-02-19.wav,19,male,7,disgust,normal,1,2,validation,6,data/processed/log_mel/03-01-07-01-01-02-19.npy
data/raw/ravdess/Actor_19/03-01-07-01-02-01-19.wav,03-01-07-01-02-01-19.wav,19,male,7,disgust,normal,2,1,validation,6,data/processed/log_mel/03-01-07-01-02-01-19.npy
data/raw/ravdess/Actor_19/03-01-07-01-02-02-19.wav,03-01-07-01-02-02-19.wav,19,male,7,disgust,normal,2,2,validation,6,data/processed/log_mel/03-01-07-01-02-02-19.npy
data/raw/ravdess/Actor_19/03-01-07-02-01-01-19.wav,03-01-07-02-01-01-19.wav,19,male,7,disgust,strong,1,1,validation,6,data/processed/log_mel/03-01-07-02-01-01-19.npy
data/raw/ravdess/Actor_19/03-01-07-02-01-02-19.wav,03-01-07-02-01-02-19.wav,19,male,7,disgust,strong,1,2,validation,6,data/processed/log_mel/03-01-07-02-01-02-19.npy
data/raw/ravdess/Actor_19/03-01-07-02-02-01-19.wav,03-01-07-02-02-01-19.wav,19,male,7,disgust,strong,2,1,validation,6,data/processed/log_mel/03-01-07-02-02-01-19.npy
data/raw/ravdess/Actor_19/03-01-07-02-02-02-19.wav,03-01-07-02-02-02-19.wav,19,male,7,disgust,strong,2,2,validation,6,data/processed/log_mel/03-01-07-02-02-02-19.npy
data/raw/ravdess/Actor_19/03-01-08-01-01-01-19.wav,03-01-08-01-01-01-19.wav,19,male,8,surprised,normal,1,1,validation,7,data/processed/log_mel/03-01-08-01-01-01-19.npy
data/raw/ravdess/Actor_19/03-01-08-01-01-02-19.wav,03-01-08-01-01-02-19.wav,19,male,8,surprised,normal,1,2,validation,7,data/processed/log_mel/03-01-08-01-01-02-19.npy
data/raw/ravdess/Actor_19/03-01-08-01-02-01-19.wav,03-01-08-01-02-01-19.wav,19,male,8,surprised,normal,2,1,validation,7,data/processed/log_mel/03-01-08-01-02-01-19.npy
data/raw/ravdess/Actor_19/03-01-08-01-02-02-19.wav,03-01-08-01-02-02-19.wav,19,male,8,surprised,normal,2,2,validation,7,data/processed/log_mel/03-01-08-01-02-02-19.npy
data/raw/ravdess/Actor_19/03-01-08-02-01-01-19.wav,03-01-08-02-01-01-19.wav,19,male,8,surprised,strong,1,1,validation,7,data/processed/log_mel/03-01-08-02-01-01-19.npy
data/raw/ravdess/Actor_19/03-01-08-02-01-02-19.wav,03-01-08-02-01-02-19.wav,19,male,8,surprised,strong,1,2,validation,7,data/processed/log_mel/03-01-08-02-01-02-19.npy
data/raw/ravdess/Actor_19/03-01-08-02-02-01-19.wav,03-01-08-02-02-01-19.wav,19,male,8,surprised,strong,2,1,validation,7,data/processed/log_mel/03-01-08-02-02-01-19.npy
data/raw/ravdess/Actor_19/03-01-08-02-02-02-19.wav,03-01-08-02-02-02-19.wav,19,male,8,surprised,strong,2,2,validation,7,data/processed/log_mel/03-01-08-02-02-02-19.npy
data/raw/ravdess/Actor_20/03-01-01-01-01-01-20.wav,03-01-01-01-01-01-20.wav,20,female,1,neutral,normal,1,1,validation,0,data/processed/log_mel/03-01-01-01-01-01-20.npy
data/raw/ravdess/Actor_20/03-01-01-01-01-02-20.wav,03-01-01-01-01-02-20.wav,20,female,1,neutral,normal,1,2,validation,0,data/processed/log_mel/03-01-01-01-01-02-20.npy
data/raw/ravdess/Actor_20/03-01-01-01-02-01-20.wav,03-01-01-01-02-01-20.wav,20,female,1,neutral,normal,2,1,validation,0,data/processed/log_mel/03-01-01-01-02-01-20.npy
data/raw/ravdess/Actor_20/03-01-01-01-02-02-20.wav,03-01-01-01-02-02-20.wav,20,female,1,neutral,normal,2,2,validation,0,data/processed/log_mel/03-01-01-01-02-02-20.npy
data/raw/ravdess/Actor_20/03-01-02-01-01-01-20.wav,03-01-02-01-01-01-20.wav,20,female,2,calm,normal,1,1,validation,1,data/processed/log_mel/03-01-02-01-01-01-20.npy
data/raw/ravdess/Actor_20/03-01-02-01-01-02-20.wav,03-01-02-01-01-02-20.wav,20,female,2,calm,normal,1,2,validation,1,data/processed/log_mel/03-01-02-01-01-02-20.npy
data/raw/ravdess/Actor_20/03-01-02-01-02-01-20.wav,03-01-02-01-02-01-20.wav,20,female,2,calm,normal,2,1,validation,1,data/processed/log_mel/03-01-02-01-02-01-20.npy
data/raw/ravdess/Actor_20/03-01-02-01-02-02-20.wav,03-01-02-01-02-02-20.wav,20,female,2,calm,normal,2,2,validation,1,data/processed/log_mel/03-01-02-01-02-02-20.npy
data/raw/ravdess/Actor_20/03-01-02-02-01-01-20.wav,03-01-02-02-01-01-20.wav,20,female,2,calm,strong,1,1,validation,1,data/processed/log_mel/03-01-02-02-01-01-20.npy
data/raw/ravdess/Actor_20/03-01-02-02-01-02-20.wav,03-01-02-02-01-02-20.wav,20,female,2,calm,strong,1,2,validation,1,data/processed/log_mel/03-01-02-02-01-02-20.npy
data/raw/ravdess/Actor_20/03-01-02-02-02-01-20.wav,03-01-02-02-02-01-20.wav,20,female,2,calm,strong,2,1,validation,1,data/processed/log_mel/03-01-02-02-02-01-20.npy
data/raw/ravdess/Actor_20/03-01-02-02-02-02-20.wav,03-01-02-02-02-02-20.wav,20,female,2,calm,strong,2,2,validation,1,data/processed/log_mel/03-01-02-02-02-02-20.npy
data/raw/ravdess/Actor_20/03-01-03-01-01-01-20.wav,03-01-03-01-01-01-20.wav,20,female,3,happy,normal,1,1,validation,2,data/processed/log_mel/03-01-03-01-01-01-20.npy
data/raw/ravdess/Actor_20/03-01-03-01-01-02-20.wav,03-01-03-01-01-02-20.wav,20,female,3,happy,normal,1,2,validation,2,data/processed/log_mel/03-01-03-01-01-02-20.npy
data/raw/ravdess/Actor_20/03-01-03-01-02-01-20.wav,03-01-03-01-02-01-20.wav,20,female,3,happy,normal,2,1,validation,2,data/processed/log_mel/03-01-03-01-02-01-20.npy
data/raw/ravdess/Actor_20/03-01-03-01-02-02-20.wav,03-01-03-01-02-02-20.wav,20,female,3,happy,normal,2,2,validation,2,data/processed/log_mel/03-01-03-01-02-02-20.npy
data/raw/ravdess/Actor_20/03-01-03-02-01-01-20.wav,03-01-03-02-01-01-20.wav,20,female,3,happy,strong,1,1,validation,2,data/processed/log_mel/03-01-03-02-01-01-20.npy
data/raw/ravdess/Actor_20/03-01-03-02-01-02-20.wav,03-01-03-02-01-02-20.wav,20,female,3,happy,strong,1,2,validation,2,data/processed/log_mel/03-01-03-02-01-02-20.npy
data/raw/ravdess/Actor_20/03-01-03-02-02-01-20.wav,03-01-03-02-02-01-20.wav,20,female,3,happy,strong,2,1,validation,2,data/processed/log_mel/03-01-03-02-02-01-20.npy
data/raw/ravdess/Actor_20/03-01-03-02-02-02-20.wav,03-01-03-02-02-02-20.wav,20,female,3,happy,strong,2,2,validation,2,data/processed/log_mel/03-01-03-02-02-02-20.npy
data/raw/ravdess/Actor_20/03-01-04-01-01-01-20.wav,03-01-04-01-01-01-20.wav,20,female,4,sad,normal,1,1,validation,3,data/processed/log_mel/03-01-04-01-01-01-20.npy
data/raw/ravdess/Actor_20/03-01-04-01-01-02-20.wav,03-01-04-01-01-02-20.wav,20,female,4,sad,normal,1,2,validation,3,data/processed/log_mel/03-01-04-01-01-02-20.npy
data/raw/ravdess/Actor_20/03-01-04-01-02-01-20.wav,03-01-04-01-02-01-20.wav,20,female,4,sad,normal,2,1,validation,3,data/processed/log_mel/03-01-04-01-02-01-20.npy
data/raw/ravdess/Actor_20/03-01-04-01-02-02-20.wav,03-01-04-01-02-02-20.wav,20,female,4,sad,normal,2,2,validation,3,data/processed/log_mel/03-01-04-01-02-02-20.npy
data/raw/ravdess/Actor_20/03-01-04-02-01-01-20.wav,03-01-04-02-01-01-20.wav,20,female,4,sad,strong,1,1,validation,3,data/processed/log_mel/03-01-04-02-01-01-20.npy
data/raw/ravdess/Actor_20/03-01-04-02-01-02-20.wav,03-01-04-02-01-02-20.wav,20,female,4,sad,strong,1,2,validation,3,data/processed/log_mel/03-01-04-02-01-02-20.npy
data/raw/ravdess/Actor_20/03-01-04-02-02-01-20.wav,03-01-04-02-02-01-20.wav,20,female,4,sad,strong,2,1,validation,3,data/processed/log_mel/03-01-04-02-02-01-20.npy
data/raw/ravdess/Actor_20/03-01-04-02-02-02-20.wav,03-01-04-02-02-02-20.wav,20,female,4,sad,strong,2,2,validation,3,data/processed/log_mel/03-01-04-02-02-02-20.npy
data/raw/ravdess/Actor_20/03-01-05-01-01-01-20.wav,03-01-05-01-01-01-20.wav,20,female,5,angry,normal,1,1,validation,4,data/processed/log_mel/03-01-05-01-01-01-20.npy
data/raw/ravdess/Actor_20/03-01-05-01-01-02-20.wav,03-01-05-01-01-02-20.wav,20,female,5,angry,normal,1,2,validation,4,data/processed/log_mel/03-01-05-01-01-02-20.npy
data/raw/ravdess/Actor_20/03-01-05-01-02-01-20.wav,03-01-05-01-02-01-20.wav,20,female,5,angry,normal,2,1,validation,4,data/processed/log_mel/03-01-05-01-02-01-20.npy
data/raw/ravdess/Actor_20/03-01-05-01-02-02-20.wav,03-01-05-01-02-02-20.wav,20,female,5,angry,normal,2,2,validation,4,data/processed/log_mel/03-01-05-01-02-02-20.npy
data/raw/ravdess/Actor_20/03-01-05-02-01-01-20.wav,03-01-05-02-01-01-20.wav,20,female,5,angry,strong,1,1,validation,4,data/processed/log_mel/03-01-05-02-01-01-20.npy
data/raw/ravdess/Actor_20/03-01-05-02-01-02-20.wav,03-01-05-02-01-02-20.wav,20,female,5,angry,strong,1,2,validation,4,data/processed/log_mel/03-01-05-02-01-02-20.npy
data/raw/ravdess/Actor_20/03-01-05-02-02-01-20.wav,03-01-05-02-02-01-20.wav,20,female,5,angry,strong,2,1,validation,4,data/processed/log_mel/03-01-05-02-02-01-20.npy
data/raw/ravdess/Actor_20/03-01-05-02-02-02-20.wav,03-01-05-02-02-02-20.wav,20,female,5,angry,strong,2,2,validation,4,data/processed/log_mel/03-01-05-02-02-02-20.npy
data/raw/ravdess/Actor_20/03-01-06-01-01-01-20.wav,03-01-06-01-01-01-20.wav,20,female,6,fearful,normal,1,1,validation,5,data/processed/log_mel/03-01-06-01-01-01-20.npy
data/raw/ravdess/Actor_20/03-01-06-01-01-02-20.wav,03-01-06-01-01-02-20.wav,20,female,6,fearful,normal,1,2,validation,5,data/processed/log_mel/03-01-06-01-01-02-20.npy
data/raw/ravdess/Actor_20/03-01-06-01-02-01-20.wav,03-01-06-01-02-01-20.wav,20,female,6,fearful,normal,2,1,validation,5,data/processed/log_mel/03-01-06-01-02-01-20.npy
data/raw/ravdess/Actor_20/03-01-06-01-02-02-20.wav,03-01-06-01-02-02-20.wav,20,female,6,fearful,normal,2,2,validation,5,data/processed/log_mel/03-01-06-01-02-02-20.npy
data/raw/ravdess/Actor_20/03-01-06-02-01-01-20.wav,03-01-06-02-01-01-20.wav,20,female,6,fearful,strong,1,1,validation,5,data/processed/log_mel/03-01-06-02-01-01-20.npy
data/raw/ravdess/Actor_20/03-01-06-02-01-02-20.wav,03-01-06-02-01-02-20.wav,20,female,6,fearful,strong,1,2,validation,5,data/processed/log_mel/03-01-06-02-01-02-20.npy
data/raw/ravdess/Actor_20/03-01-06-02-02-01-20.wav,03-01-06-02-02-01-20.wav,20,female,6,fearful,strong,2,1,validation,5,data/processed/log_mel/03-01-06-02-02-01-20.npy
data/raw/ravdess/Actor_20/03-01-06-02-02-02-20.wav,03-01-06-02-02-02-20.wav,20,female,6,fearful,strong,2,2,validation,5,data/processed/log_mel/03-01-06-02-02-02-20.npy
data/raw/ravdess/Actor_20/03-01-07-01-01-01-20.wav,03-01-07-01-01-01-20.wav,20,female,7,disgust,normal,1,1,validation,6,data/processed/log_mel/03-01-07-01-01-01-20.npy
data/raw/ravdess/Actor_20/03-01-07-01-01-02-20.wav,03-01-07-01-01-02-20.wav,20,female,7,disgust,normal,1,2,validation,6,data/processed/log_mel/03-01-07-01-01-02-20.npy
data/raw/ravdess/Actor_20/03-01-07-01-02-01-20.wav,03-01-07-01-02-01-20.wav,20,female,7,disgust,normal,2,1,validation,6,data/processed/log_mel/03-01-07-01-02-01-20.npy
data/raw/ravdess/Actor_20/03-01-07-01-02-02-20.wav,03-01-07-01-02-02-20.wav,20,female,7,disgust,normal,2,2,validation,6,data/processed/log_mel/03-01-07-01-02-02-20.npy
data/raw/ravdess/Actor_20/03-01-07-02-01-01-20.wav,03-01-07-02-01-01-20.wav,20,female,7,disgust,strong,1,1,validation,6,data/processed/log_mel/03-01-07-02-01-01-20.npy
data/raw/ravdess/Actor_20/03-01-07-02-01-02-20.wav,03-01-07-02-01-02-20.wav,20,female,7,disgust,strong,1,2,validation,6,data/processed/log_mel/03-01-07-02-01-02-20.npy
data/raw/ravdess/Actor_20/03-01-07-02-02-01-20.wav,03-01-07-02-02-01-20.wav,20,female,7,disgust,strong,2,1,validation,6,data/processed/log_mel/03-01-07-02-02-01-20.npy
data/raw/ravdess/Actor_20/03-01-07-02-02-02-20.wav,03-01-07-02-02-02-20.wav,20,female,7,disgust,strong,2,2,validation,6,data/processed/log_mel/03-01-07-02-02-02-20.npy
data/raw/ravdess/Actor_20/03-01-08-01-01-01-20.wav,03-01-08-01-01-01-20.wav,20,female,8,surprised,normal,1,1,validation,7,data/processed/log_mel/03-01-08-01-01-01-20.npy
data/raw/ravdess/Actor_20/03-01-08-01-01-02-20.wav,03-01-08-01-01-02-20.wav,20,female,8,surprised,normal,1,2,validation,7,data/processed/log_mel/03-01-08-01-01-02-20.npy
data/raw/ravdess/Actor_20/03-01-08-01-02-01-20.wav,03-01-08-01-02-01-20.wav,20,female,8,surprised,normal,2,1,validation,7,data/processed/log_mel/03-01-08-01-02-01-20.npy
data/raw/ravdess/Actor_20/03-01-08-01-02-02-20.wav,03-01-08-01-02-02-20.wav,20,female,8,surprised,normal,2,2,validation,7,data/processed/log_mel/03-01-08-01-02-02-20.npy
data/raw/ravdess/Actor_20/03-01-08-02-01-01-20.wav,03-01-08-02-01-01-20.wav,20,female,8,surprised,strong,1,1,validation,7,data/processed/log_mel/03-01-08-02-01-01-20.npy
data/raw/ravdess/Actor_20/03-01-08-02-01-02-20.wav,03-01-08-02-01-02-20.wav,20,female,8,surprised,strong,1,2,validation,7,data/processed/log_mel/03-01-08-02-01-02-20.npy
data/raw/ravdess/Actor_20/03-01-08-02-02-01-20.wav,03-01-08-02-02-01-20.wav,20,female,8,surprised,strong,2,1,validation,7,data/processed/log_mel/03-01-08-02-02-01-20.npy
data/raw/ravdess/Actor_20/03-01-08-02-02-02-20.wav,03-01-08-02-02-02-20.wav,20,female,8,surprised,strong,2,2,validation,7,data/processed/log_mel/03-01-08-02-02-02-20.npy
data/raw/ravdess/Actor_21/03-01-01-01-01-01-21.wav,03-01-01-01-01-01-21.wav,21,male,1,neutral,normal,1,1,test,0,data/processed/log_mel/03-01-01-01-01-01-21.npy
data/raw/ravdess/Actor_21/03-01-01-01-01-02-21.wav,03-01-01-01-01-02-21.wav,21,male,1,neutral,normal,1,2,test,0,data/processed/log_mel/03-01-01-01-01-02-21.npy
data/raw/ravdess/Actor_21/03-01-01-01-02-01-21.wav,03-01-01-01-02-01-21.wav,21,male,1,neutral,normal,2,1,test,0,data/processed/log_mel/03-01-01-01-02-01-21.npy
data/raw/ravdess/Actor_21/03-01-01-01-02-02-21.wav,03-01-01-01-02-02-21.wav,21,male,1,neutral,normal,2,2,test,0,data/processed/log_mel/03-01-01-01-02-02-21.npy
data/raw/ravdess/Actor_21/03-01-02-01-01-01-21.wav,03-01-02-01-01-01-21.wav,21,male,2,calm,normal,1,1,test,1,data/processed/log_mel/03-01-02-01-01-01-21.npy
data/raw/ravdess/Actor_21/03-01-02-01-01-02-21.wav,03-01-02-01-01-02-21.wav,21,male,2,calm,normal,1,2,test,1,data/processed/log_mel/03-01-02-01-01-02-21.npy
data/raw/ravdess/Actor_21/03-01-02-01-02-01-21.wav,03-01-02-01-02-01-21.wav,21,male,2,calm,normal,2,1,test,1,data/processed/log_mel/03-01-02-01-02-01-21.npy
data/raw/ravdess/Actor_21/03-01-02-01-02-02-21.wav,03-01-02-01-02-02-21.wav,21,male,2,calm,normal,2,2,test,1,data/processed/log_mel/03-01-02-01-02-02-21.npy
data/raw/ravdess/Actor_21/03-01-02-02-01-01-21.wav,03-01-02-02-01-01-21.wav,21,male,2,calm,strong,1,1,test,1,data/processed/log_mel/03-01-02-02-01-01-21.npy
data/raw/ravdess/Actor_21/03-01-02-02-01-02-21.wav,03-01-02-02-01-02-21.wav,21,male,2,calm,strong,1,2,test,1,data/processed/log_mel/03-01-02-02-01-02-21.npy
data/raw/ravdess/Actor_21/03-01-02-02-02-01-21.wav,03-01-02-02-02-01-21.wav,21,male,2,calm,strong,2,1,test,1,data/processed/log_mel/03-01-02-02-02-01-21.npy
data/raw/ravdess/Actor_21/03-01-02-02-02-02-21.wav,03-01-02-02-02-02-21.wav,21,male,2,calm,strong,2,2,test,1,data/processed/log_mel/03-01-02-02-02-02-21.npy
data/raw/ravdess/Actor_21/03-01-03-01-01-01-21.wav,03-01-03-01-01-01-21.wav,21,male,3,happy,normal,1,1,test,2,data/processed/log_mel/03-01-03-01-01-01-21.npy
data/raw/ravdess/Actor_21/03-01-03-01-01-02-21.wav,03-01-03-01-01-02-21.wav,21,male,3,happy,normal,1,2,test,2,data/processed/log_mel/03-01-03-01-01-02-21.npy
data/raw/ravdess/Actor_21/03-01-03-01-02-01-21.wav,03-01-03-01-02-01-21.wav,21,male,3,happy,normal,2,1,test,2,data/processed/log_mel/03-01-03-01-02-01-21.npy
data/raw/ravdess/Actor_21/03-01-03-01-02-02-21.wav,03-01-03-01-02-02-21.wav,21,male,3,happy,normal,2,2,test,2,data/processed/log_mel/03-01-03-01-02-02-21.npy
data/raw/ravdess/Actor_21/03-01-03-02-01-01-21.wav,03-01-03-02-01-01-21.wav,21,male,3,happy,strong,1,1,test,2,data/processed/log_mel/03-01-03-02-01-01-21.npy
data/raw/ravdess/Actor_21/03-01-03-02-01-02-21.wav,03-01-03-02-01-02-21.wav,21,male,3,happy,strong,1,2,test,2,data/processed/log_mel/03-01-03-02-01-02-21.npy
data/raw/ravdess/Actor_21/03-01-03-02-02-01-21.wav,03-01-03-02-02-01-21.wav,21,male,3,happy,strong,2,1,test,2,data/processed/log_mel/03-01-03-02-02-01-21.npy
data/raw/ravdess/Actor_21/03-01-03-02-02-02-21.wav,03-01-03-02-02-02-21.wav,21,male,3,happy,strong,2,2,test,2,data/processed/log_mel/03-01-03-02-02-02-21.npy
data/raw/ravdess/Actor_21/03-01-04-01-01-01-21.wav,03-01-04-01-01-01-21.wav,21,male,4,sad,normal,1,1,test,3,data/processed/log_mel/03-01-04-01-01-01-21.npy
data/raw/ravdess/Actor_21/03-01-04-01-01-02-21.wav,03-01-04-01-01-02-21.wav,21,male,4,sad,normal,1,2,test,3,data/processed/log_mel/03-01-04-01-01-02-21.npy
data/raw/ravdess/Actor_21/03-01-04-01-02-01-21.wav,03-01-04-01-02-01-21.wav,21,male,4,sad,normal,2,1,test,3,data/processed/log_mel/03-01-04-01-02-01-21.npy
data/raw/ravdess/Actor_21/03-01-04-01-02-02-21.wav,03-01-04-01-02-02-21.wav,21,male,4,sad,normal,2,2,test,3,data/processed/log_mel/03-01-04-01-02-02-21.npy
data/raw/ravdess/Actor_21/03-01-04-02-01-01-21.wav,03-01-04-02-01-01-21.wav,21,male,4,sad,strong,1,1,test,3,data/processed/log_mel/03-01-04-02-01-01-21.npy
data/raw/ravdess/Actor_21/03-01-04-02-01-02-21.wav,03-01-04-02-01-02-21.wav,21,male,4,sad,strong,1,2,test,3,data/processed/log_mel/03-01-04-02-01-02-21.npy
data/raw/ravdess/Actor_21/03-01-04-02-02-01-21.wav,03-01-04-02-02-01-21.wav,21,male,4,sad,strong,2,1,test,3,data/processed/log_mel/03-01-04-02-02-01-21.npy
data/raw/ravdess/Actor_21/03-01-04-02-02-02-21.wav,03-01-04-02-02-02-21.wav,21,male,4,sad,strong,2,2,test,3,data/processed/log_mel/03-01-04-02-02-02-21.npy
data/raw/ravdess/Actor_21/03-01-05-01-01-01-21.wav,03-01-05-01-01-01-21.wav,21,male,5,angry,normal,1,1,test,4,data/processed/log_mel/03-01-05-01-01-01-21.npy
data/raw/ravdess/Actor_21/03-01-05-01-01-02-21.wav,03-01-05-01-01-02-21.wav,21,male,5,angry,normal,1,2,test,4,data/processed/log_mel/03-01-05-01-01-02-21.npy
data/raw/ravdess/Actor_21/03-01-05-01-02-01-21.wav,03-01-05-01-02-01-21.wav,21,male,5,angry,normal,2,1,test,4,data/processed/log_mel/03-01-05-01-02-01-21.npy
data/raw/ravdess/Actor_21/03-01-05-01-02-02-21.wav,03-01-05-01-02-02-21.wav,21,male,5,angry,normal,2,2,test,4,data/processed/log_mel/03-01-05-01-02-02-21.npy
data/raw/ravdess/Actor_21/03-01-05-02-01-01-21.wav,03-01-05-02-01-01-21.wav,21,male,5,angry,strong,1,1,test,4,data/processed/log_mel/03-01-05-02-01-01-21.npy
data/raw/ravdess/Actor_21/03-01-05-02-01-02-21.wav,03-01-05-02-01-02-21.wav,21,male,5,angry,strong,1,2,test,4,data/processed/log_mel/03-01-05-02-01-02-21.npy
data/raw/ravdess/Actor_21/03-01-05-02-02-01-21.wav,03-01-05-02-02-01-21.wav,21,male,5,angry,strong,2,1,test,4,data/processed/log_mel/03-01-05-02-02-01-21.npy
data/raw/ravdess/Actor_21/03-01-05-02-02-02-21.wav,03-01-05-02-02-02-21.wav,21,male,5,angry,strong,2,2,test,4,data/processed/log_mel/03-01-05-02-02-02-21.npy
data/raw/ravdess/Actor_21/03-01-06-01-01-01-21.wav,03-01-06-01-01-01-21.wav,21,male,6,fearful,normal,1,1,test,5,data/processed/log_mel/03-01-06-01-01-01-21.npy
data/raw/ravdess/Actor_21/03-01-06-01-01-02-21.wav,03-01-06-01-01-02-21.wav,21,male,6,fearful,normal,1,2,test,5,data/processed/log_mel/03-01-06-01-01-02-21.npy
data/raw/ravdess/Actor_21/03-01-06-01-02-01-21.wav,03-01-06-01-02-01-21.wav,21,male,6,fearful,normal,2,1,test,5,data/processed/log_mel/03-01-06-01-02-01-21.npy
data/raw/ravdess/Actor_21/03-01-06-01-02-02-21.wav,03-01-06-01-02-02-21.wav,21,male,6,fearful,normal,2,2,test,5,data/processed/log_mel/03-01-06-01-02-02-21.npy
data/raw/ravdess/Actor_21/03-01-06-02-01-01-21.wav,03-01-06-02-01-01-21.wav,21,male,6,fearful,strong,1,1,test,5,data/processed/log_mel/03-01-06-02-01-01-21.npy
data/raw/ravdess/Actor_21/03-01-06-02-01-02-21.wav,03-01-06-02-01-02-21.wav,21,male,6,fearful,strong,1,2,test,5,data/processed/log_mel/03-01-06-02-01-02-21.npy
data/raw/ravdess/Actor_21/03-01-06-02-02-01-21.wav,03-01-06-02-02-01-21.wav,21,male,6,fearful,strong,2,1,test,5,data/processed/log_mel/03-01-06-02-02-01-21.npy
data/raw/ravdess/Actor_21/03-01-06-02-02-02-21.wav,03-01-06-02-02-02-21.wav,21,male,6,fearful,strong,2,2,test,5,data/processed/log_mel/03-01-06-02-02-02-21.npy
data/raw/ravdess/Actor_21/03-01-07-01-01-01-21.wav,03-01-07-01-01-01-21.wav,21,male,7,disgust,normal,1,1,test,6,data/processed/log_mel/03-01-07-01-01-01-21.npy
data/raw/ravdess/Actor_21/03-01-07-01-01-02-21.wav,03-01-07-01-01-02-21.wav,21,male,7,disgust,normal,1,2,test,6,data/processed/log_mel/03-01-07-01-01-02-21.npy
data/raw/ravdess/Actor_21/03-01-07-01-02-01-21.wav,03-01-07-01-02-01-21.wav,21,male,7,disgust,normal,2,1,test,6,data/processed/log_mel/03-01-07-01-02-01-21.npy
data/raw/ravdess/Actor_21/03-01-07-01-02-02-21.wav,03-01-07-01-02-02-21.wav,21,male,7,disgust,normal,2,2,test,6,data/processed/log_mel/03-01-07-01-02-02-21.npy
data/raw/ravdess/Actor_21/03-01-07-02-01-01-21.wav,03-01-07-02-01-01-21.wav,21,male,7,disgust,strong,1,1,test,6,data/processed/log_mel/03-01-07-02-01-01-21.npy
data/raw/ravdess/Actor_21/03-01-07-02-01-02-21.wav,03-01-07-02-01-02-21.wav,21,male,7,disgust,strong,1,2,test,6,data/processed/log_mel/03-01-07-02-01-02-21.npy
data/raw/ravdess/Actor_21/03-01-07-02-02-01-21.wav,03-01-07-02-02-01-21.wav,21,male,7,disgust,strong,2,1,test,6,data/processed/log_mel/03-01-07-02-02-01-21.npy
data/raw/ravdess/Actor_21/03-01-07-02-02-02-21.wav,03-01-07-02-02-02-21.wav,21,male,7,disgust,strong,2,2,test,6,data/processed/log_mel/03-01-07-02-02-02-21.npy
data/raw/ravdess/Actor_21/03-01-08-01-01-01-21.wav,03-01-08-01-01-01-21.wav,21,male,8,surprised,normal,1,1,test,7,data/processed/log_mel/03-01-08-01-01-01-21.npy
data/raw/ravdess/Actor_21/03-01-08-01-01-02-21.wav,03-01-08-01-01-02-21.wav,21,male,8,surprised,normal,1,2,test,7,data/processed/log_mel/03-01-08-01-01-02-21.npy
data/raw/ravdess/Actor_21/03-01-08-01-02-01-21.wav,03-01-08-01-02-01-21.wav,21,male,8,surprised,normal,2,1,test,7,data/processed/log_mel/03-01-08-01-02-01-21.npy
data/raw/ravdess/Actor_21/03-01-08-01-02-02-21.wav,03-01-08-01-02-02-21.wav,21,male,8,surprised,normal,2,2,test,7,data/processed/log_mel/03-01-08-01-02-02-21.npy
data/raw/ravdess/Actor_21/03-01-08-02-01-01-21.wav,03-01-08-02-01-01-21.wav,21,male,8,surprised,strong,1,1,test,7,data/processed/log_mel/03-01-08-02-01-01-21.npy
data/raw/ravdess/Actor_21/03-01-08-02-01-02-21.wav,03-01-08-02-01-02-21.wav,21,male,8,surprised,strong,1,2,test,7,data/processed/log_mel/03-01-08-02-01-02-21.npy
data/raw/ravdess/Actor_21/03-01-08-02-02-01-21.wav,03-01-08-02-02-01-21.wav,21,male,8,surprised,strong,2,1,test,7,data/processed/log_mel/03-01-08-02-02-01-21.npy
data/raw/ravdess/Actor_21/03-01-08-02-02-02-21.wav,03-01-08-02-02-02-21.wav,21,male,8,surprised,strong,2,2,test,7,data/processed/log_mel/03-01-08-02-02-02-21.npy
data/raw/ravdess/Actor_22/03-01-01-01-01-01-22.wav,03-01-01-01-01-01-22.wav,22,female,1,neutral,normal,1,1,test,0,data/processed/log_mel/03-01-01-01-01-01-22.npy
data/raw/ravdess/Actor_22/03-01-01-01-01-02-22.wav,03-01-01-01-01-02-22.wav,22,female,1,neutral,normal,1,2,test,0,data/processed/log_mel/03-01-01-01-01-02-22.npy
data/raw/ravdess/Actor_22/03-01-01-01-02-01-22.wav,03-01-01-01-02-01-22.wav,22,female,1,neutral,normal,2,1,test,0,data/processed/log_mel/03-01-01-01-02-01-22.npy
data/raw/ravdess/Actor_22/03-01-01-01-02-02-22.wav,03-01-01-01-02-02-22.wav,22,female,1,neutral,normal,2,2,test,0,data/processed/log_mel/03-01-01-01-02-02-22.npy
data/raw/ravdess/Actor_22/03-01-02-01-01-01-22.wav,03-01-02-01-01-01-22.wav,22,female,2,calm,normal,1,1,test,1,data/processed/log_mel/03-01-02-01-01-01-22.npy
data/raw/ravdess/Actor_22/03-01-02-01-01-02-22.wav,03-01-02-01-01-02-22.wav,22,female,2,calm,normal,1,2,test,1,data/processed/log_mel/03-01-02-01-01-02-22.npy
data/raw/ravdess/Actor_22/03-01-02-01-02-01-22.wav,03-01-02-01-02-01-22.wav,22,female,2,calm,normal,2,1,test,1,data/processed/log_mel/03-01-02-01-02-01-22.npy
data/raw/ravdess/Actor_22/03-01-02-01-02-02-22.wav,03-01-02-01-02-02-22.wav,22,female,2,calm,normal,2,2,test,1,data/processed/log_mel/03-01-02-01-02-02-22.npy
data/raw/ravdess/Actor_22/03-01-02-02-01-01-22.wav,03-01-02-02-01-01-22.wav,22,female,2,calm,strong,1,1,test,1,data/processed/log_mel/03-01-02-02-01-01-22.npy
data/raw/ravdess/Actor_22/03-01-02-02-01-02-22.wav,03-01-02-02-01-02-22.wav,22,female,2,calm,strong,1,2,test,1,data/processed/log_mel/03-01-02-02-01-02-22.npy
data/raw/ravdess/Actor_22/03-01-02-02-02-01-22.wav,03-01-02-02-02-01-22.wav,22,female,2,calm,strong,2,1,test,1,data/processed/log_mel/03-01-02-02-02-01-22.npy
data/raw/ravdess/Actor_22/03-01-02-02-02-02-22.wav,03-01-02-02-02-02-22.wav,22,female,2,calm,strong,2,2,test,1,data/processed/log_mel/03-01-02-02-02-02-22.npy
data/raw/ravdess/Actor_22/03-01-03-01-01-01-22.wav,03-01-03-01-01-01-22.wav,22,female,3,happy,normal,1,1,test,2,data/processed/log_mel/03-01-03-01-01-01-22.npy
data/raw/ravdess/Actor_22/03-01-03-01-01-02-22.wav,03-01-03-01-01-02-22.wav,22,female,3,happy,normal,1,2,test,2,data/processed/log_mel/03-01-03-01-01-02-22.npy
data/raw/ravdess/Actor_22/03-01-03-01-02-01-22.wav,03-01-03-01-02-01-22.wav,22,female,3,happy,normal,2,1,test,2,data/processed/log_mel/03-01-03-01-02-01-22.npy
data/raw/ravdess/Actor_22/03-01-03-01-02-02-22.wav,03-01-03-01-02-02-22.wav,22,female,3,happy,normal,2,2,test,2,data/processed/log_mel/03-01-03-01-02-02-22.npy
data/raw/ravdess/Actor_22/03-01-03-02-01-01-22.wav,03-01-03-02-01-01-22.wav,22,female,3,happy,strong,1,1,test,2,data/processed/log_mel/03-01-03-02-01-01-22.npy
data/raw/ravdess/Actor_22/03-01-03-02-01-02-22.wav,03-01-03-02-01-02-22.wav,22,female,3,happy,strong,1,2,test,2,data/processed/log_mel/03-01-03-02-01-02-22.npy
data/raw/ravdess/Actor_22/03-01-03-02-02-01-22.wav,03-01-03-02-02-01-22.wav,22,female,3,happy,strong,2,1,test,2,data/processed/log_mel/03-01-03-02-02-01-22.npy
data/raw/ravdess/Actor_22/03-01-03-02-02-02-22.wav,03-01-03-02-02-02-22.wav,22,female,3,happy,strong,2,2,test,2,data/processed/log_mel/03-01-03-02-02-02-22.npy
data/raw/ravdess/Actor_22/03-01-04-01-01-01-22.wav,03-01-04-01-01-01-22.wav,22,female,4,sad,normal,1,1,test,3,data/processed/log_mel/03-01-04-01-01-01-22.npy
data/raw/ravdess/Actor_22/03-01-04-01-01-02-22.wav,03-01-04-01-01-02-22.wav,22,female,4,sad,normal,1,2,test,3,data/processed/log_mel/03-01-04-01-01-02-22.npy
data/raw/ravdess/Actor_22/03-01-04-01-02-01-22.wav,03-01-04-01-02-01-22.wav,22,female,4,sad,normal,2,1,test,3,data/processed/log_mel/03-01-04-01-02-01-22.npy
data/raw/ravdess/Actor_22/03-01-04-01-02-02-22.wav,03-01-04-01-02-02-22.wav,22,female,4,sad,normal,2,2,test,3,data/processed/log_mel/03-01-04-01-02-02-22.npy
data/raw/ravdess/Actor_22/03-01-04-02-01-01-22.wav,03-01-04-02-01-01-22.wav,22,female,4,sad,strong,1,1,test,3,data/processed/log_mel/03-01-04-02-01-01-22.npy
data/raw/ravdess/Actor_22/03-01-04-02-01-02-22.wav,03-01-04-02-01-02-22.wav,22,female,4,sad,strong,1,2,test,3,data/processed/log_mel/03-01-04-02-01-02-22.npy
data/raw/ravdess/Actor_22/03-01-04-02-02-01-22.wav,03-01-04-02-02-01-22.wav,22,female,4,sad,strong,2,1,test,3,data/processed/log_mel/03-01-04-02-02-01-22.npy
data/raw/ravdess/Actor_22/03-01-04-02-02-02-22.wav,03-01-04-02-02-02-22.wav,22,female,4,sad,strong,2,2,test,3,data/processed/log_mel/03-01-04-02-02-02-22.npy
data/raw/ravdess/Actor_22/03-01-05-01-01-01-22.wav,03-01-05-01-01-01-22.wav,22,female,5,angry,normal,1,1,test,4,data/processed/log_mel/03-01-05-01-01-01-22.npy
data/raw/ravdess/Actor_22/03-01-05-01-01-02-22.wav,03-01-05-01-01-02-22.wav,22,female,5,angry,normal,1,2,test,4,data/processed/log_mel/03-01-05-01-01-02-22.npy
data/raw/ravdess/Actor_22/03-01-05-01-02-01-22.wav,03-01-05-01-02-01-22.wav,22,female,5,angry,normal,2,1,test,4,data/processed/log_mel/03-01-05-01-02-01-22.npy
data/raw/ravdess/Actor_22/03-01-05-01-02-02-22.wav,03-01-05-01-02-02-22.wav,22,female,5,angry,normal,2,2,test,4,data/processed/log_mel/03-01-05-01-02-02-22.npy
data/raw/ravdess/Actor_22/03-01-05-02-01-01-22.wav,03-01-05-02-01-01-22.wav,22,female,5,angry,strong,1,1,test,4,data/processed/log_mel/03-01-05-02-01-01-22.npy
data/raw/ravdess/Actor_22/03-01-05-02-01-02-22.wav,03-01-05-02-01-02-22.wav,22,female,5,angry,strong,1,2,test,4,data/processed/log_mel/03-01-05-02-01-02-22.npy
data/raw/ravdess/Actor_22/03-01-05-02-02-01-22.wav,03-01-05-02-02-01-22.wav,22,female,5,angry,strong,2,1,test,4,data/processed/log_mel/03-01-05-02-02-01-22.npy
data/raw/ravdess/Actor_22/03-01-05-02-02-02-22.wav,03-01-05-02-02-02-22.wav,22,female,5,angry,strong,2,2,test,4,data/processed/log_mel/03-01-05-02-02-02-22.npy
data/raw/ravdess/Actor_22/03-01-06-01-01-01-22.wav,03-01-06-01-01-01-22.wav,22,female,6,fearful,normal,1,1,test,5,data/processed/log_mel/03-01-06-01-01-01-22.npy
data/raw/ravdess/Actor_22/03-01-06-01-01-02-22.wav,03-01-06-01-01-02-22.wav,22,female,6,fearful,normal,1,2,test,5,data/processed/log_mel/03-01-06-01-01-02-22.npy
data/raw/ravdess/Actor_22/03-01-06-01-02-01-22.wav,03-01-06-01-02-01-22.wav,22,female,6,fearful,normal,2,1,test,5,data/processed/log_mel/03-01-06-01-02-01-22.npy
data/raw/ravdess/Actor_22/03-01-06-01-02-02-22.wav,03-01-06-01-02-02-22.wav,22,female,6,fearful,normal,2,2,test,5,data/processed/log_mel/03-01-06-01-02-02-22.npy
data/raw/ravdess/Actor_22/03-01-06-02-01-01-22.wav,03-01-06-02-01-01-22.wav,22,female,6,fearful,strong,1,1,test,5,data/processed/log_mel/03-01-06-02-01-01-22.npy
data/raw/ravdess/Actor_22/03-01-06-02-01-02-22.wav,03-01-06-02-01-02-22.wav,22,female,6,fearful,strong,1,2,test,5,data/processed/log_mel/03-01-06-02-01-02-22.npy
data/raw/ravdess/Actor_22/03-01-06-02-02-01-22.wav,03-01-06-02-02-01-22.wav,22,female,6,fearful,strong,2,1,test,5,data/processed/log_mel/03-01-06-02-02-01-22.npy
data/raw/ravdess/Actor_22/03-01-06-02-02-02-22.wav,03-01-06-02-02-02-22.wav,22,female,6,fearful,strong,2,2,test,5,data/processed/log_mel/03-01-06-02-02-02-22.npy
data/raw/ravdess/Actor_22/03-01-07-01-01-01-22.wav,03-01-07-01-01-01-22.wav,22,female,7,disgust,normal,1,1,test,6,data/processed/log_mel/03-01-07-01-01-01-22.npy
data/raw/ravdess/Actor_22/03-01-07-01-01-02-22.wav,03-01-07-01-01-02-22.wav,22,female,7,disgust,normal,1,2,test,6,data/processed/log_mel/03-01-07-01-01-02-22.npy
data/raw/ravdess/Actor_22/03-01-07-01-02-01-22.wav,03-01-07-01-02-01-22.wav,22,female,7,disgust,normal,2,1,test,6,data/processed/log_mel/03-01-07-01-02-01-22.npy
data/raw/ravdess/Actor_22/03-01-07-01-02-02-22.wav,03-01-07-01-02-02-22.wav,22,female,7,disgust,normal,2,2,test,6,data/processed/log_mel/03-01-07-01-02-02-22.npy
data/raw/ravdess/Actor_22/03-01-07-02-01-01-22.wav,03-01-07-02-01-01-22.wav,22,female,7,disgust,strong,1,1,test,6,data/processed/log_mel/03-01-07-02-01-01-22.npy
data/raw/ravdess/Actor_22/03-01-07-02-01-02-22.wav,03-01-07-02-01-02-22.wav,22,female,7,disgust,strong,1,2,test,6,data/processed/log_mel/03-01-07-02-01-02-22.npy
data/raw/ravdess/Actor_22/03-01-07-02-02-01-22.wav,03-01-07-02-02-01-22.wav,22,female,7,disgust,strong,2,1,test,6,data/processed/log_mel/03-01-07-02-02-01-22.npy
data/raw/ravdess/Actor_22/03-01-07-02-02-02-22.wav,03-01-07-02-02-02-22.wav,22,female,7,disgust,strong,2,2,test,6,data/processed/log_mel/03-01-07-02-02-02-22.npy
data/raw/ravdess/Actor_22/03-01-08-01-01-01-22.wav,03-01-08-01-01-01-22.wav,22,female,8,surprised,normal,1,1,test,7,data/processed/log_mel/03-01-08-01-01-01-22.npy
data/raw/ravdess/Actor_22/03-01-08-01-01-02-22.wav,03-01-08-01-01-02-22.wav,22,female,8,surprised,normal,1,2,test,7,data/processed/log_mel/03-01-08-01-01-02-22.npy
data/raw/ravdess/Actor_22/03-01-08-01-02-01-22.wav,03-01-08-01-02-01-22.wav,22,female,8,surprised,normal,2,1,test,7,data/processed/log_mel/03-01-08-01-02-01-22.npy
data/raw/ravdess/Actor_22/03-01-08-01-02-02-22.wav,03-01-08-01-02-02-22.wav,22,female,8,surprised,normal,2,2,test,7,data/processed/log_mel/03-01-08-01-02-02-22.npy
data/raw/ravdess/Actor_22/03-01-08-02-01-01-22.wav,03-01-08-02-01-01-22.wav,22,female,8,surprised,strong,1,1,test,7,data/processed/log_mel/03-01-08-02-01-01-22.npy
data/raw/ravdess/Actor_22/03-01-08-02-01-02-22.wav,03-01-08-02-01-02-22.wav,22,female,8,surprised,strong,1,2,test,7,data/processed/log_mel/03-01-08-02-01-02-22.npy
data/raw/ravdess/Actor_22/03-01-08-02-02-01-22.wav,03-01-08-02-02-01-22.wav,22,female,8,surprised,strong,2,1,test,7,data/processed/log_mel/03-01-08-02-02-01-22.npy
data/raw/ravdess/Actor_22/03-01-08-02-02-02-22.wav,03-01-08-02-02-02-22.wav,22,female,8,surprised,strong,2,2,test,7,data/processed/log_mel/03-01-08-02-02-02-22.npy
data/raw/ravdess/Actor_23/03-01-01-01-01-01-23.wav,03-01-01-01-01-01-23.wav,23,male,1,neutral,normal,1,1,test,0,data/processed/log_mel/03-01-01-01-01-01-23.npy
data/raw/ravdess/Actor_23/03-01-01-01-01-02-23.wav,03-01-01-01-01-02-23.wav,23,male,1,neutral,normal,1,2,test,0,data/processed/log_mel/03-01-01-01-01-02-23.npy
data/raw/ravdess/Actor_23/03-01-01-01-02-01-23.wav,03-01-01-01-02-01-23.wav,23,male,1,neutral,normal,2,1,test,0,data/processed/log_mel/03-01-01-01-02-01-23.npy
data/raw/ravdess/Actor_23/03-01-01-01-02-02-23.wav,03-01-01-01-02-02-23.wav,23,male,1,neutral,normal,2,2,test,0,data/processed/log_mel/03-01-01-01-02-02-23.npy
data/raw/ravdess/Actor_23/03-01-02-01-01-01-23.wav,03-01-02-01-01-01-23.wav,23,male,2,calm,normal,1,1,test,1,data/processed/log_mel/03-01-02-01-01-01-23.npy
data/raw/ravdess/Actor_23/03-01-02-01-01-02-23.wav,03-01-02-01-01-02-23.wav,23,male,2,calm,normal,1,2,test,1,data/processed/log_mel/03-01-02-01-01-02-23.npy
data/raw/ravdess/Actor_23/03-01-02-01-02-01-23.wav,03-01-02-01-02-01-23.wav,23,male,2,calm,normal,2,1,test,1,data/processed/log_mel/03-01-02-01-02-01-23.npy
data/raw/ravdess/Actor_23/03-01-02-01-02-02-23.wav,03-01-02-01-02-02-23.wav,23,male,2,calm,normal,2,2,test,1,data/processed/log_mel/03-01-02-01-02-02-23.npy
data/raw/ravdess/Actor_23/03-01-02-02-01-01-23.wav,03-01-02-02-01-01-23.wav,23,male,2,calm,strong,1,1,test,1,data/processed/log_mel/03-01-02-02-01-01-23.npy
data/raw/ravdess/Actor_23/03-01-02-02-01-02-23.wav,03-01-02-02-01-02-23.wav,23,male,2,calm,strong,1,2,test,1,data/processed/log_mel/03-01-02-02-01-02-23.npy
data/raw/ravdess/Actor_23/03-01-02-02-02-01-23.wav,03-01-02-02-02-01-23.wav,23,male,2,calm,strong,2,1,test,1,data/processed/log_mel/03-01-02-02-02-01-23.npy
data/raw/ravdess/Actor_23/03-01-02-02-02-02-23.wav,03-01-02-02-02-02-23.wav,23,male,2,calm,strong,2,2,test,1,data/processed/log_mel/03-01-02-02-02-02-23.npy
data/raw/ravdess/Actor_23/03-01-03-01-01-01-23.wav,03-01-03-01-01-01-23.wav,23,male,3,happy,normal,1,1,test,2,data/processed/log_mel/03-01-03-01-01-01-23.npy
data/raw/ravdess/Actor_23/03-01-03-01-01-02-23.wav,03-01-03-01-01-02-23.wav,23,male,3,happy,normal,1,2,test,2,data/processed/log_mel/03-01-03-01-01-02-23.npy
data/raw/ravdess/Actor_23/03-01-03-01-02-01-23.wav,03-01-03-01-02-01-23.wav,23,male,3,happy,normal,2,1,test,2,data/processed/log_mel/03-01-03-01-02-01-23.npy
data/raw/ravdess/Actor_23/03-01-03-01-02-02-23.wav,03-01-03-01-02-02-23.wav,23,male,3,happy,normal,2,2,test,2,data/processed/log_mel/03-01-03-01-02-02-23.npy
data/raw/ravdess/Actor_23/03-01-03-02-01-01-23.wav,03-01-03-02-01-01-23.wav,23,male,3,happy,strong,1,1,test,2,data/processed/log_mel/03-01-03-02-01-01-23.npy
data/raw/ravdess/Actor_23/03-01-03-02-01-02-23.wav,03-01-03-02-01-02-23.wav,23,male,3,happy,strong,1,2,test,2,data/processed/log_mel/03-01-03-02-01-02-23.npy
data/raw/ravdess/Actor_23/03-01-03-02-02-01-23.wav,03-01-03-02-02-01-23.wav,23,male,3,happy,strong,2,1,test,2,data/processed/log_mel/03-01-03-02-02-01-23.npy
data/raw/ravdess/Actor_23/03-01-03-02-02-02-23.wav,03-01-03-02-02-02-23.wav,23,male,3,happy,strong,2,2,test,2,data/processed/log_mel/03-01-03-02-02-02-23.npy
data/raw/ravdess/Actor_23/03-01-04-01-01-01-23.wav,03-01-04-01-01-01-23.wav,23,male,4,sad,normal,1,1,test,3,data/processed/log_mel/03-01-04-01-01-01-23.npy
data/raw/ravdess/Actor_23/03-01-04-01-01-02-23.wav,03-01-04-01-01-02-23.wav,23,male,4,sad,normal,1,2,test,3,data/processed/log_mel/03-01-04-01-01-02-23.npy
data/raw/ravdess/Actor_23/03-01-04-01-02-01-23.wav,03-01-04-01-02-01-23.wav,23,male,4,sad,normal,2,1,test,3,data/processed/log_mel/03-01-04-01-02-01-23.npy
data/raw/ravdess/Actor_23/03-01-04-01-02-02-23.wav,03-01-04-01-02-02-23.wav,23,male,4,sad,normal,2,2,test,3,data/processed/log_mel/03-01-04-01-02-02-23.npy
data/raw/ravdess/Actor_23/03-01-04-02-01-01-23.wav,03-01-04-02-01-01-23.wav,23,male,4,sad,strong,1,1,test,3,data/processed/log_mel/03-01-04-02-01-01-23.npy
data/raw/ravdess/Actor_23/03-01-04-02-01-02-23.wav,03-01-04-02-01-02-23.wav,23,male,4,sad,strong,1,2,test,3,data/processed/log_mel/03-01-04-02-01-02-23.npy
data/raw/ravdess/Actor_23/03-01-04-02-02-01-23.wav,03-01-04-02-02-01-23.wav,23,male,4,sad,strong,2,1,test,3,data/processed/log_mel/03-01-04-02-02-01-23.npy
data/raw/ravdess/Actor_23/03-01-04-02-02-02-23.wav,03-01-04-02-02-02-23.wav,23,male,4,sad,strong,2,2,test,3,data/processed/log_mel/03-01-04-02-02-02-23.npy
data/raw/ravdess/Actor_23/03-01-05-01-01-01-23.wav,03-01-05-01-01-01-23.wav,23,male,5,angry,normal,1,1,test,4,data/processed/log_mel/03-01-05-01-01-01-23.npy
data/raw/ravdess/Actor_23/03-01-05-01-01-02-23.wav,03-01-05-01-01-02-23.wav,23,male,5,angry,normal,1,2,test,4,data/processed/log_mel/03-01-05-01-01-02-23.npy
data/raw/ravdess/Actor_23/03-01-05-01-02-01-23.wav,03-01-05-01-02-01-23.wav,23,male,5,angry,normal,2,1,test,4,data/processed/log_mel/03-01-05-01-02-01-23.npy
data/raw/ravdess/Actor_23/03-01-05-01-02-02-23.wav,03-01-05-01-02-02-23.wav,23,male,5,angry,normal,2,2,test,4,data/processed/log_mel/03-01-05-01-02-02-23.npy
data/raw/ravdess/Actor_23/03-01-05-02-01-01-23.wav,03-01-05-02-01-01-23.wav,23,male,5,angry,strong,1,1,test,4,data/processed/log_mel/03-01-05-02-01-01-23.npy
data/raw/ravdess/Actor_23/03-01-05-02-01-02-23.wav,03-01-05-02-01-02-23.wav,23,male,5,angry,strong,1,2,test,4,data/processed/log_mel/03-01-05-02-01-02-23.npy
data/raw/ravdess/Actor_23/03-01-05-02-02-01-23.wav,03-01-05-02-02-01-23.wav,23,male,5,angry,strong,2,1,test,4,data/processed/log_mel/03-01-05-02-02-01-23.npy
data/raw/ravdess/Actor_23/03-01-05-02-02-02-23.wav,03-01-05-02-02-02-23.wav,23,male,5,angry,strong,2,2,test,4,data/processed/log_mel/03-01-05-02-02-02-23.npy
data/raw/ravdess/Actor_23/03-01-06-01-01-01-23.wav,03-01-06-01-01-01-23.wav,23,male,6,fearful,normal,1,1,test,5,data/processed/log_mel/03-01-06-01-01-01-23.npy
data/raw/ravdess/Actor_23/03-01-06-01-01-02-23.wav,03-01-06-01-01-02-23.wav,23,male,6,fearful,normal,1,2,test,5,data/processed/log_mel/03-01-06-01-01-02-23.npy
data/raw/ravdess/Actor_23/03-01-06-01-02-01-23.wav,03-01-06-01-02-01-23.wav,23,male,6,fearful,normal,2,1,test,5,data/processed/log_mel/03-01-06-01-02-01-23.npy
data/raw/ravdess/Actor_23/03-01-06-01-02-02-23.wav,03-01-06-01-02-02-23.wav,23,male,6,fearful,normal,2,2,test,5,data/processed/log_mel/03-01-06-01-02-02-23.npy
data/raw/ravdess/Actor_23/03-01-06-02-01-01-23.wav,03-01-06-02-01-01-23.wav,23,male,6,fearful,strong,1,1,test,5,data/processed/log_mel/03-01-06-02-01-01-23.npy
data/raw/ravdess/Actor_23/03-01-06-02-01-02-23.wav,03-01-06-02-01-02-23.wav,23,male,6,fearful,strong,1,2,test,5,data/processed/log_mel/03-01-06-02-01-02-23.npy
data/raw/ravdess/Actor_23/03-01-06-02-02-01-23.wav,03-01-06-02-02-01-23.wav,23,male,6,fearful,strong,2,1,test,5,data/processed/log_mel/03-01-06-02-02-01-23.npy
data/raw/ravdess/Actor_23/03-01-06-02-02-02-23.wav,03-01-06-02-02-02-23.wav,23,male,6,fearful,strong,2,2,test,5,data/processed/log_mel/03-01-06-02-02-02-23.npy
data/raw/ravdess/Actor_23/03-01-07-01-01-01-23.wav,03-01-07-01-01-01-23.wav,23,male,7,disgust,normal,1,1,test,6,data/processed/log_mel/03-01-07-01-01-01-23.npy
data/raw/ravdess/Actor_23/03-01-07-01-01-02-23.wav,03-01-07-01-01-02-23.wav,23,male,7,disgust,normal,1,2,test,6,data/processed/log_mel/03-01-07-01-01-02-23.npy
data/raw/ravdess/Actor_23/03-01-07-01-02-01-23.wav,03-01-07-01-02-01-23.wav,23,male,7,disgust,normal,2,1,test,6,data/processed/log_mel/03-01-07-01-02-01-23.npy
data/raw/ravdess/Actor_23/03-01-07-01-02-02-23.wav,03-01-07-01-02-02-23.wav,23,male,7,disgust,normal,2,2,test,6,data/processed/log_mel/03-01-07-01-02-02-23.npy
data/raw/ravdess/Actor_23/03-01-07-02-01-01-23.wav,03-01-07-02-01-01-23.wav,23,male,7,disgust,strong,1,1,test,6,data/processed/log_mel/03-01-07-02-01-01-23.npy
data/raw/ravdess/Actor_23/03-01-07-02-01-02-23.wav,03-01-07-02-01-02-23.wav,23,male,7,disgust,strong,1,2,test,6,data/processed/log_mel/03-01-07-02-01-02-23.npy
data/raw/ravdess/Actor_23/03-01-07-02-02-01-23.wav,03-01-07-02-02-01-23.wav,23,male,7,disgust,strong,2,1,test,6,data/processed/log_mel/03-01-07-02-02-01-23.npy
data/raw/ravdess/Actor_23/03-01-07-02-02-02-23.wav,03-01-07-02-02-02-23.wav,23,male,7,disgust,strong,2,2,test,6,data/processed/log_mel/03-01-07-02-02-02-23.npy
data/raw/ravdess/Actor_23/03-01-08-01-01-01-23.wav,03-01-08-01-01-01-23.wav,23,male,8,surprised,normal,1,1,test,7,data/processed/log_mel/03-01-08-01-01-01-23.npy
data/raw/ravdess/Actor_23/03-01-08-01-01-02-23.wav,03-01-08-01-01-02-23.wav,23,male,8,surprised,normal,1,2,test,7,data/processed/log_mel/03-01-08-01-01-02-23.npy
data/raw/ravdess/Actor_23/03-01-08-01-02-01-23.wav,03-01-08-01-02-01-23.wav,23,male,8,surprised,normal,2,1,test,7,data/processed/log_mel/03-01-08-01-02-01-23.npy
data/raw/ravdess/Actor_23/03-01-08-01-02-02-23.wav,03-01-08-01-02-02-23.wav,23,male,8,surprised,normal,2,2,test,7,data/processed/log_mel/03-01-08-01-02-02-23.npy
data/raw/ravdess/Actor_23/03-01-08-02-01-01-23.wav,03-01-08-02-01-01-23.wav,23,male,8,surprised,strong,1,1,test,7,data/processed/log_mel/03-01-08-02-01-01-23.npy
data/raw/ravdess/Actor_23/03-01-08-02-01-02-23.wav,03-01-08-02-01-02-23.wav,23,male,8,surprised,strong,1,2,test,7,data/processed/log_mel/03-01-08-02-01-02-23.npy
data/raw/ravdess/Actor_23/03-01-08-02-02-01-23.wav,03-01-08-02-02-01-23.wav,23,male,8,surprised,strong,2,1,test,7,data/processed/log_mel/03-01-08-02-02-01-23.npy
data/raw/ravdess/Actor_23/03-01-08-02-02-02-23.wav,03-01-08-02-02-02-23.wav,23,male,8,surprised,strong,2,2,test,7,data/processed/log_mel/03-01-08-02-02-02-23.npy
data/raw/ravdess/Actor_24/03-01-01-01-01-01-24.wav,03-01-01-01-01-01-24.wav,24,female,1,neutral,normal,1,1,test,0,data/processed/log_mel/03-01-01-01-01-01-24.npy
data/raw/ravdess/Actor_24/03-01-01-01-01-02-24.wav,03-01-01-01-01-02-24.wav,24,female,1,neutral,normal,1,2,test,0,data/processed/log_mel/03-01-01-01-01-02-24.npy
data/raw/ravdess/Actor_24/03-01-01-01-02-01-24.wav,03-01-01-01-02-01-24.wav,24,female,1,neutral,normal,2,1,test,0,data/processed/log_mel/03-01-01-01-02-01-24.npy
data/raw/ravdess/Actor_24/03-01-01-01-02-02-24.wav,03-01-01-01-02-02-24.wav,24,female,1,neutral,normal,2,2,test,0,data/processed/log_mel/03-01-01-01-02-02-24.npy
data/raw/ravdess/Actor_24/03-01-02-01-01-01-24.wav,03-01-02-01-01-01-24.wav,24,female,2,calm,normal,1,1,test,1,data/processed/log_mel/03-01-02-01-01-01-24.npy
data/raw/ravdess/Actor_24/03-01-02-01-01-02-24.wav,03-01-02-01-01-02-24.wav,24,female,2,calm,normal,1,2,test,1,data/processed/log_mel/03-01-02-01-01-02-24.npy
data/raw/ravdess/Actor_24/03-01-02-01-02-01-24.wav,03-01-02-01-02-01-24.wav,24,female,2,calm,normal,2,1,test,1,data/processed/log_mel/03-01-02-01-02-01-24.npy
data/raw/ravdess/Actor_24/03-01-02-01-02-02-24.wav,03-01-02-01-02-02-24.wav,24,female,2,calm,normal,2,2,test,1,data/processed/log_mel/03-01-02-01-02-02-24.npy
data/raw/ravdess/Actor_24/03-01-02-02-01-01-24.wav,03-01-02-02-01-01-24.wav,24,female,2,calm,strong,1,1,test,1,data/processed/log_mel/03-01-02-02-01-01-24.npy
data/raw/ravdess/Actor_24/03-01-02-02-01-02-24.wav,03-01-02-02-01-02-24.wav,24,female,2,calm,strong,1,2,test,1,data/processed/log_mel/03-01-02-02-01-02-24.npy
data/raw/ravdess/Actor_24/03-01-02-02-02-01-24.wav,03-01-02-02-02-01-24.wav,24,female,2,calm,strong,2,1,test,1,data/processed/log_mel/03-01-02-02-02-01-24.npy
data/raw/ravdess/Actor_24/03-01-02-02-02-02-24.wav,03-01-02-02-02-02-24.wav,24,female,2,calm,strong,2,2,test,1,data/processed/log_mel/03-01-02-02-02-02-24.npy
data/raw/ravdess/Actor_24/03-01-03-01-01-01-24.wav,03-01-03-01-01-01-24.wav,24,female,3,happy,normal,1,1,test,2,data/processed/log_mel/03-01-03-01-01-01-24.npy
data/raw/ravdess/Actor_24/03-01-03-01-01-02-24.wav,03-01-03-01-01-02-24.wav,24,female,3,happy,normal,1,2,test,2,data/processed/log_mel/03-01-03-01-01-02-24.npy
data/raw/ravdess/Actor_24/03-01-03-01-02-01-24.wav,03-01-03-01-02-01-24.wav,24,female,3,happy,normal,2,1,test,2,data/processed/log_mel/03-01-03-01-02-01-24.npy
data/raw/ravdess/Actor_24/03-01-03-01-02-02-24.wav,03-01-03-01-02-02-24.wav,24,female,3,happy,normal,2,2,test,2,data/processed/log_mel/03-01-03-01-02-02-24.npy
data/raw/ravdess/Actor_24/03-01-03-02-01-01-24.wav,03-01-03-02-01-01-24.wav,24,female,3,happy,strong,1,1,test,2,data/processed/log_mel/03-01-03-02-01-01-24.npy
data/raw/ravdess/Actor_24/03-01-03-02-01-02-24.wav,03-01-03-02-01-02-24.wav,24,female,3,happy,strong,1,2,test,2,data/processed/log_mel/03-01-03-02-01-02-24.npy
data/raw/ravdess/Actor_24/03-01-03-02-02-01-24.wav,03-01-03-02-02-01-24.wav,24,female,3,happy,strong,2,1,test,2,data/processed/log_mel/03-01-03-02-02-01-24.npy
data/raw/ravdess/Actor_24/03-01-03-02-02-02-24.wav,03-01-03-02-02-02-24.wav,24,female,3,happy,strong,2,2,test,2,data/processed/log_mel/03-01-03-02-02-02-24.npy
data/raw/ravdess/Actor_24/03-01-04-01-01-01-24.wav,03-01-04-01-01-01-24.wav,24,female,4,sad,normal,1,1,test,3,data/processed/log_mel/03-01-04-01-01-01-24.npy
data/raw/ravdess/Actor_24/03-01-04-01-01-02-24.wav,03-01-04-01-01-02-24.wav,24,female,4,sad,normal,1,2,test,3,data/processed/log_mel/03-01-04-01-01-02-24.npy
data/raw/ravdess/Actor_24/03-01-04-01-02-01-24.wav,03-01-04-01-02-01-24.wav,24,female,4,sad,normal,2,1,test,3,data/processed/log_mel/03-01-04-01-02-01-24.npy
data/raw/ravdess/Actor_24/03-01-04-01-02-02-24.wav,03-01-04-01-02-02-24.wav,24,female,4,sad,normal,2,2,test,3,data/processed/log_mel/03-01-04-01-02-02-24.npy
data/raw/ravdess/Actor_24/03-01-04-02-01-01-24.wav,03-01-04-02-01-01-24.wav,24,female,4,sad,strong,1,1,test,3,data/processed/log_mel/03-01-04-02-01-01-24.npy
data/raw/ravdess/Actor_24/03-01-04-02-01-02-24.wav,03-01-04-02-01-02-24.wav,24,female,4,sad,strong,1,2,test,3,data/processed/log_mel/03-01-04-02-01-02-24.npy
data/raw/ravdess/Actor_24/03-01-04-02-02-01-24.wav,03-01-04-02-02-01-24.wav,24,female,4,sad,strong,2,1,test,3,data/processed/log_mel/03-01-04-02-02-01-24.npy
data/raw/ravdess/Actor_24/03-01-04-02-02-02-24.wav,03-01-04-02-02-02-24.wav,24,female,4,sad,strong,2,2,test,3,data/processed/log_mel/03-01-04-02-02-02-24.npy
data/raw/ravdess/Actor_24/03-01-05-01-01-01-24.wav,03-01-05-01-01-01-24.wav,24,female,5,angry,normal,1,1,test,4,data/processed/log_mel/03-01-05-01-01-01-24.npy
data/raw/ravdess/Actor_24/03-01-05-01-01-02-24.wav,03-01-05-01-01-02-24.wav,24,female,5,angry,normal,1,2,test,4,data/processed/log_mel/03-01-05-01-01-02-24.npy
data/raw/ravdess/Actor_24/03-01-05-01-02-01-24.wav,03-01-05-01-02-01-24.wav,24,female,5,angry,normal,2,1,test,4,data/processed/log_mel/03-01-05-01-02-01-24.npy
data/raw/ravdess/Actor_24/03-01-05-01-02-02-24.wav,03-01-05-01-02-02-24.wav,24,female,5,angry,normal,2,2,test,4,data/processed/log_mel/03-01-05-01-02-02-24.npy
data/raw/ravdess/Actor_24/03-01-05-02-01-01-24.wav,03-01-05-02-01-01-24.wav,24,female,5,angry,strong,1,1,test,4,data/processed/log_mel/03-01-05-02-01-01-24.npy
data/raw/ravdess/Actor_24/03-01-05-02-01-02-24.wav,03-01-05-02-01-02-24.wav,24,female,5,angry,strong,1,2,test,4,data/processed/log_mel/03-01-05-02-01-02-24.npy
data/raw/ravdess/Actor_24/03-01-05-02-02-01-24.wav,03-01-05-02-02-01-24.wav,24,female,5,angry,strong,2,1,test,4,data/processed/log_mel/03-01-05-02-02-01-24.npy
data/raw/ravdess/Actor_24/03-01-05-02-02-02-24.wav,03-01-05-02-02-02-24.wav,24,female,5,angry,strong,2,2,test,4,data/processed/log_mel/03-01-05-02-02-02-24.npy
data/raw/ravdess/Actor_24/03-01-06-01-01-01-24.wav,03-01-06-01-01-01-24.wav,24,female,6,fearful,normal,1,1,test,5,data/processed/log_mel/03-01-06-01-01-01-24.npy
data/raw/ravdess/Actor_24/03-01-06-01-01-02-24.wav,03-01-06-01-01-02-24.wav,24,female,6,fearful,normal,1,2,test,5,data/processed/log_mel/03-01-06-01-01-02-24.npy
data/raw/ravdess/Actor_24/03-01-06-01-02-01-24.wav,03-01-06-01-02-01-24.wav,24,female,6,fearful,normal,2,1,test,5,data/processed/log_mel/03-01-06-01-02-01-24.npy
data/raw/ravdess/Actor_24/03-01-06-01-02-02-24.wav,03-01-06-01-02-02-24.wav,24,female,6,fearful,normal,2,2,test,5,data/processed/log_mel/03-01-06-01-02-02-24.npy
data/raw/ravdess/Actor_24/03-01-06-02-01-01-24.wav,03-01-06-02-01-01-24.wav,24,female,6,fearful,strong,1,1,test,5,data/processed/log_mel/03-01-06-02-01-01-24.npy
data/raw/ravdess/Actor_24/03-01-06-02-01-02-24.wav,03-01-06-02-01-02-24.wav,24,female,6,fearful,strong,1,2,test,5,data/processed/log_mel/03-01-06-02-01-02-24.npy
data/raw/ravdess/Actor_24/03-01-06-02-02-01-24.wav,03-01-06-02-02-01-24.wav,24,female,6,fearful,strong,2,1,test,5,data/processed/log_mel/03-01-06-02-02-01-24.npy
data/raw/ravdess/Actor_24/03-01-06-02-02-02-24.wav,03-01-06-02-02-02-24.wav,24,female,6,fearful,strong,2,2,test,5,data/processed/log_mel/03-01-06-02-02-02-24.npy
data/raw/ravdess/Actor_24/03-01-07-01-01-01-24.wav,03-01-07-01-01-01-24.wav,24,female,7,disgust,normal,1,1,test,6,data/processed/log_mel/03-01-07-01-01-01-24.npy
data/raw/ravdess/Actor_24/03-01-07-01-01-02-24.wav,03-01-07-01-01-02-24.wav,24,female,7,disgust,normal,1,2,test,6,data/processed/log_mel/03-01-07-01-01-02-24.npy
data/raw/ravdess/Actor_24/03-01-07-01-02-01-24.wav,03-01-07-01-02-01-24.wav,24,female,7,disgust,normal,2,1,test,6,data/processed/log_mel/03-01-07-01-02-01-24.npy
data/raw/ravdess/Actor_24/03-01-07-01-02-02-24.wav,03-01-07-01-02-02-24.wav,24,female,7,disgust,normal,2,2,test,6,data/processed/log_mel/03-01-07-01-02-02-24.npy
data/raw/ravdess/Actor_24/03-01-07-02-01-01-24.wav,03-01-07-02-01-01-24.wav,24,female,7,disgust,strong,1,1,test,6,data/processed/log_mel/03-01-07-02-01-01-24.npy
data/raw/ravdess/Actor_24/03-01-07-02-01-02-24.wav,03-01-07-02-01-02-24.wav,24,female,7,disgust,strong,1,2,test,6,data/processed/log_mel/03-01-07-02-01-02-24.npy
data/raw/ravdess/Actor_24/03-01-07-02-02-01-24.wav,03-01-07-02-02-01-24.wav,24,female,7,disgust,strong,2,1,test,6,data/processed/log_mel/03-01-07-02-02-01-24.npy
data/raw/ravdess/Actor_24/03-01-07-02-02-02-24.wav,03-01-07-02-02-02-24.wav,24,female,7,disgust,strong,2,2,test,6,data/processed/log_mel/03-01-07-02-02-02-24.npy
data/raw/ravdess/Actor_24/03-01-08-01-01-01-24.wav,03-01-08-01-01-01-24.wav,24,female,8,surprised,normal,1,1,test,7,data/processed/log_mel/03-01-08-01-01-01-24.npy
data/raw/ravdess/Actor_24/03-01-08-01-01-02-24.wav,03-01-08-01-01-02-24.wav,24,female,8,surprised,normal,1,2,test,7,data/processed/log_mel/03-01-08-01-01-02-24.npy
data/raw/ravdess/Actor_24/03-01-08-01-02-01-24.wav,03-01-08-01-02-01-24.wav,24,female,8,surprised,normal,2,1,test,7,data/processed/log_mel/03-01-08-01-02-01-24.npy
data/raw/ravdess/Actor_24/03-01-08-01-02-02-24.wav,03-01-08-01-02-02-24.wav,24,female,8,surprised,normal,2,2,test,7,data/processed/log_mel/03-01-08-01-02-02-24.npy
data/raw/ravdess/Actor_24/03-01-08-02-01-01-24.wav,03-01-08-02-01-01-24.wav,24,female,8,surprised,strong,1,1,test,7,data/processed/log_mel/03-01-08-02-01-01-24.npy
data/raw/ravdess/Actor_24/03-01-08-02-01-02-24.wav,03-01-08-02-01-02-24.wav,24,female,8,surprised,strong,1,2,test,7,data/processed/log_mel/03-01-08-02-01-02-24.npy
data/raw/ravdess/Actor_24/03-01-08-02-02-01-24.wav,03-01-08-02-02-01-24.wav,24,female,8,surprised,strong,2,1,test,7,data/processed/log_mel/03-01-08-02-02-01-24.npy
data/raw/ravdess/Actor_24/03-01-08-02-02-02-24.wav,03-01-08-02-02-02-24.wav,24,female,8,surprised,strong,2,2,test,7,data/processed/log_mel/03-01-08-02-02-02-24.npy
