file_path,file_name,actor_id,gender,emotion_code,emotion,intensity,statement,repetition
data/raw/ravdess/Actor_01/03-01-01-01-01-01-01.wav,03-01-01-01-01-01-01.wav,1,male,01,neutral,normal,1,1
data/raw/ravdess/Actor_01/03-01-01-01-01-02-01.wav,03-01-01-01-01-02-01.wav,1,male,01,neutral,normal,1,2
data/raw/ravdess/Actor_01/03-01-01-01-02-01-01.wav,03-01-01-01-02-01-01.wav,1,male,01,neutral,normal,2,1
data/raw/ravdess/Actor_01/03-01-01-01-02-02-01.wav,03-01-01-01-02-02-01.wav,1,male,01,neutral,normal,2,2
data/raw/ravdess/Actor_01/03-01-02-01-01-01-01.wav,03-01-02-01-01-01-01.wav,1,male,02,calm,normal,1,1
data/raw/ravdess/Actor_01/03-01-02-01-01-02-01.wav,03-01-02-01-01-02-01.wav,1,male,02,calm,normal,1,2
data/raw/ravdess/Actor_01/03-01-02-01-02-01-01.wav,03-01-02-01-02-01-01.wav,1,male,02,calm,normal,2,1
data/raw/ravdess/Actor_01/03-01-02-01-02-02-01.wav,03-01-02-01-02-02-01.wav,1,male,02,calm,normal,2,2
data/raw/ravdess/Actor_01/03-01-02-02-01-01-01.wav,03-01-02-02-01-01-01.wav,1,male,02,calm,strong,1,1
data/raw/ravdess/Actor_01/03-01-02-02-01-02-01.wav,03-01-02-02-01-02-01.wav,1,male,02,calm,strong,1,2
data/raw/ravdess/Actor_01/03-01-02-02-02-01-01.wav,03-01-02-02-02-01-01.wav,1,male,02,calm,strong,2,1
data/raw/ravdess/Actor_01/03-01-02-02-02-02-01.wav,03-01-02-02-02-02-01.wav,1,male,02,calm,strong,2,2
data/raw/ravdess/Actor_01/03-01-03-01-01-01-01.wav,03-01-03-01-01-01-01.wav,1,male,03,happy,normal,1,1
data/raw/ravdess/Actor_01/03-01-03-01-01-02-01.wav,03-01-03-01-01-02-01.wav,1,male,03,happy,normal,1,2
data/raw/ravdess/Actor_01/03-01-03-01-02-01-01.wav,03-01-03-01-02-01-01.wav,1,male,03,happy,normal,2,1
data/raw/ravdess/Actor_01/03-01-03-01-02-02-01.wav,03-01-03-01-02-02-01.wav,1,male,03,happy,normal,2,2
data/raw/ravdess/Actor_01/03-01-03-02-01-01-01.wav,03-01-03-02-01-01-01.wav,1,male,03,happy,strong,1,1
data/raw/ravdess/Actor_01/03-01-03-02-01-02-01.wav,03-01-03-02-01-02-01.wav,1,male,03,happy,strong,1,2
data/raw/ravdess/Actor_01/03-01-03-02-02-01-01.wav,03-01-03-02-02-01-01.wav,1,male,03,happy,strong,2,1
data/raw/ravdess/Actor_01/03-01-03-02-02-02-01.wav,03-01-03-02-02-02-01.wav,1,male,03,happy,strong,2,2
data/raw/ravdess/Actor_01/03-01-04-01-01-01-01.wav,03-01-04-01-01-01-01.wav,1,male,04,sad,normal,1,1
data/raw/ravdess/Actor_01/03-01-04-01-01-02-01.wav,03-01-04-01-01-02-01.wav,1,male,04,sad,normal,1,2
data/raw/ravdess/Actor_01/03-01-04-01-02-01-01.wav,03-01-04-01-02-01-01.wav,1,male,04,sad,normal,2,1
data/raw/ravdess/Actor_01/03-01-04-01-02-02-01.wav,03-01-04-01-02-02-01.wav,1,male,04,sad,normal,2,2
data/raw/ravdess/Actor_01/03-01-04-02-01-01-01.wav,03-01-04-02-01-01-01.wav,1,male,04,sad,strong,1,1
data/raw/ravdess/Actor_01/03-01-04-02-01-02-01.wav,03-01-04-02-01-02-01.wav,1,male,04,sad,strong,1,2
data/raw/ravdess/Actor_01/03-01-04-02-02-01-01.wav,03-01-04-02-02-01-01.wav,1,male,04,sad,strong,2,1
data/raw/ravdess/Actor_01/03-01-04-02-02-02-01.wav,03-01-04-02-02-02-01.wav,1,male,04,sad,strong,2,2
data/raw/ravdess/Actor_01/03-01-05-01-01-01-01.wav,03-01-05-01-01-01-01.wav,1,male,05,angry,normal,1,1
data/raw/ravdess/Actor_01/03-01-05-01-01-02-01.wav,03-01-05-01-01-02-01.wav,1,male,05,angry,normal,1,2
data/raw/ravdess/Actor_01/03-01-05-01-02-01-01.wav,03-01-05-01-02-01-01.wav,1,male,05,angry,normal,2,1
data/raw/ravdess/Actor_01/03-01-05-01-02-02-01.wav,03-01-05-01-02-02-01.wav,1,male,05,angry,normal,2,2
data/raw/ravdess/Actor_01/03-01-05-02-01-01-01.wav,03-01-05-02-01-01-01.wav,1,male,05,angry,strong,1,1
data/raw/ravdess/Actor_01/03-01-05-02-01-02-01.wav,03-01-05-02-01-02-01.wav,1,male,05,angry,strong,1,2
data/raw/ravdess/Actor_01/03-01-05-02-02-01-01.wav,03-01-05-02-02-01-01.wav,1,male,05,angry,strong,2,1
data/raw/ravdess/Actor_01/03-01-05-02-02-02-01.wav,03-01-05-02-02-02-01.wav,1,male,05,angry,strong,2,2
data/raw/ravdess/Actor_01/03-01-06-01-01-01-01.wav,03-01-06-01-01-01-01.wav,1,male,06,fearful,normal,1,1
data/raw/ravdess/Actor_01/03-01-06-01-01-02-01.wav,03-01-06-01-01-02-01.wav,1,male,06,fearful,normal,1,2
data/raw/ravdess/Actor_01/03-01-06-01-02-01-01.wav,03-01-06-01-02-01-01.wav,1,male,06,fearful,normal,2,1
data/raw/ravdess/Actor_01/03-01-06-01-02-02-01.wav,03-01-06-01-02-02-01.wav,1,male,06,fearful,normal,2,2
data/raw/ravdess/Actor_01/03-01-06-02-01-01-01.wav,03-01-06-02-01-01-01.wav,1,male,06,fearful,strong,1,1
data/raw/ravdess/Actor_01/03-01-06-02-01-02-01.wav,03-01-06-02-01-02-01.wav,1,male,06,fearful,strong,1,2
data/raw/ravdess/Actor_01/03-01-06-02-02-01-01.wav,03-01-06-02-02-01-01.wav,1,male,06,fearful,strong,2,1
data/raw/ravdess/Actor_01/03-01-06-02-02-02-01.wav,03-01-06-02-02-02-01.wav,1,male,06,fearful,strong,2,2
data/raw/ravdess/Actor_01/03-01-07-01-01-01-01.wav,03-01-07-01-01-01-01.wav,1,male,07,disgust,normal,1,1
data/raw/ravdess/Actor_01/03-01-07-01-01-02-01.wav,03-01-07-01-01-02-01.wav,1,male,07,disgust,normal,1,2
data/raw/ravdess/Actor_01/03-01-07-01-02-01-01.wav,03-01-07-01-02-01-01.wav,1,male,07,disgust,normal,2,1
data/raw/ravdess/Actor_01/03-01-07-01-02-02-01.wav,03-01-07-01-02-02-01.wav,1,male,07,disgust,normal,2,2
data/raw/ravdess/Actor_01/03-01-07-02-01-01-01.wav,03-01-07-02-01-01-01.wav,1,male,07,disgust,strong,1,1
data/raw/ravdess/Actor_01/03-01-07-02-01-02-01.wav,03-01-07-02-01-02-01.wav,1,male,07,disgust,strong,1,2
data/raw/ravdess/Actor_01/03-01-07-02-02-01-01.wav,03-01-07-02-02-01-01.wav,1,male,07,disgust,strong,2,1
data/raw/ravdess/Actor_01/03-01-07-02-02-02-01.wav,03-01-07-02-02-02-01.wav,1,male,07,disgust,strong,2,2
data/raw/ravdess/Actor_01/03-01-08-01-01-01-01.wav,03-01-08-01-01-01-01.wav,1,male,08,surprised,normal,1,1
data/raw/ravdess/Actor_01/03-01-08-01-01-02-01.wav,03-01-08-01-01-02-01.wav,1,male,08,surprised,normal,1,2
data/raw/ravdess/Actor_01/03-01-08-01-02-01-01.wav,03-01-08-01-02-01-01.wav,1,male,08,surprised,normal,2,1
data/raw/ravdess/Actor_01/03-01-08-01-02-02-01.wav,03-01-08-01-02-02-01.wav,1,male,08,surprised,normal,2,2
data/raw/ravdess/Actor_01/03-01-08-02-01-01-01.wav,03-01-08-02-01-01-01.wav,1,male,08,surprised,strong,1,1
data/raw/ravdess/Actor_01/03-01-08-02-01-02-01.wav,03-01-08-02-01-02-01.wav,1,male,08,surprised,strong,1,2
data/raw/ravdess/Actor_01/03-01-08-02-02-01-01.wav,03-01-08-02-02-01-01.wav,1,male,08,surprised,strong,2,1
data/raw/ravdess/Actor_01/03-01-08-02-02-02-01.wav,03-01-08-02-02-02-01.wav,1,male,08,surprised,strong,2,2
data/raw/ravdess/Actor_02/03-01-01-01-01-01-02.wav,03-01-01-01-01-01-02.wav,2,female,01,neutral,normal,1,1
data/raw/ravdess/Actor_02/03-01-01-01-01-02-02.wav,03-01-01-01-01-02-02.wav,2,female,01,neutral,normal,1,2
data/raw/ravdess/Actor_02/03-01-01-01-02-01-02.wav,03-01-01-01-02-01-02.wav,2,female,01,neutral,normal,2,1
data/raw/ravdess/Actor_02/03-01-01-01-02-02-02.wav,03-01-01-01-02-02-02.wav,2,female,01,neutral,normal,2,2
data/raw/ravdess/Actor_02/03-01-02-01-01-01-02.wav,03-01-02-01-01-01-02.wav,2,female,02,calm,normal,1,1
data/raw/ravdess/Actor_02/03-01-02-01-01-02-02.wav,03-01-02-01-01-02-02.wav,2,female,02,calm,normal,1,2
data/raw/ravdess/Actor_02/03-01-02-01-02-01-02.wav,03-01-02-01-02-01-02.wav,2,female,02,calm,normal,2,1
data/raw/ravdess/Actor_02/03-01-02-01-02-02-02.wav,03-01-02-01-02-02-02.wav,2,female,02,calm,normal,2,2
data/raw/ravdess/Actor_02/03-01-02-02-01-01-02.wav,03-01-02-02-01-01-02.wav,2,female,02,calm,strong,1,1
data/raw/ravdess/Actor_02/03-01-02-02-01-02-02.wav,03-01-02-02-01-02-02.wav,2,female,02,calm,strong,1,2
data/raw/ravdess/Actor_02/03-01-02-02-02-01-02.wav,03-01-02-02-02-01-02.wav,2,female,02,calm,strong,2,1
data/raw/ravdess/Actor_02/03-01-02-02-02-02-02.wav,03-01-02-02-02-02-02.wav,2,female,02,calm,strong,2,2
data/raw/ravdess/Actor_02/03-01-03-01-01-01-02.wav,03-01-03-01-01-01-02.wav,2,female,03,happy,normal,1,1
data/raw/ravdess/Actor_02/03-01-03-01-01-02-02.wav,03-01-03-01-01-02-02.wav,2,female,03,happy,normal,1,2
data/raw/ravdess/Actor_02/03-01-03-01-02-01-02.wav,03-01-03-01-02-01-02.wav,2,female,03,happy,normal,2,1
data/raw/ravdess/Actor_02/03-01-03-01-02-02-02.wav,03-01-03-01-02-02-02.wav,2,female,03,happy,normal,2,2
data/raw/ravdess/Actor_02/03-01-03-02-01-01-02.wav,03-01-03-02-01-01-02.wav,2,female,03,happy,strong,1,1
data/raw/ravdess/Actor_02/03-01-03-02-01-02-02.wav,03-01-03-02-01-02-02.wav,2,female,03,happy,strong,1,2
data/raw/ravdess/Actor_02/03-01-03-02-02-01-02.wav,03-01-03-02-02-01-02.wav,2,female,03,happy,strong,2,1
data/raw/ravdess/Actor_02/03-01-03-02-02-02-02.wav,03-01-03-02-02-02-02.wav,2,female,03,happy,strong,2,2
data/raw/ravdess/Actor_02/03-01-04-01-01-01-02.wav,03-01-04-01-01-01-02.wav,2,female,04,sad,normal,1,1
data/raw/ravdess/Actor_02/03-01-04-01-01-02-02.wav,03-01-04-01-01-02-02.wav,2,female,04,sad,normal,1,2
data/raw/ravdess/Actor_02/03-01-04-01-02-01-02.wav,03-01-04-01-02-01-02.wav,2,female,04,sad,normal,2,1
data/raw/ravdess/Actor_02/03-01-04-01-02-02-02.wav,03-01-04-01-02-02-02.wav,2,female,04,sad,normal,2,2
data/raw/ravdess/Actor_02/03-01-04-02-01-01-02.wav,03-01-04-02-01-01-02.wav,2,female,04,sad,strong,1,1
data/raw/ravdess/Actor_02/03-01-04-02-01-02-02.wav,03-01-04-02-01-02-02.wav,2,female,04,sad,strong,1,2
data/raw/ravdess/Actor_02/03-01-04-02-02-01-02.wav,03-01-04-02-02-01-02.wav,2,female,04,sad,strong,2,1
data/raw/ravdess/Actor_02/03-01-04-02-02-02-02.wav,03-01-04-02-02-02-02.wav,2,female,04,sad,strong,2,2
data/raw/ravdess/Actor_02/03-01-05-01-01-01-02.wav,03-01-05-01-01-01-02.wav,2,female,05,angry,normal,1,1
data/raw/ravdess/Actor_02/03-01-05-01-01-02-02.wav,03-01-05-01-01-02-02.wav,2,female,05,angry,normal,1,2
data/raw/ravdess/Actor_02/03-01-05-01-02-01-02.wav,03-01-05-01-02-01-02.wav,2,female,05,angry,normal,2,1
data/raw/ravdess/Actor_02/03-01-05-01-02-02-02.wav,03-01-05-01-02-02-02.wav,2,female,05,angry,normal,2,2
data/raw/ravdess/Actor_02/03-01-05-02-01-01-02.wav,03-01-05-02-01-01-02.wav,2,female,05,angry,strong,1,1
data/raw/ravdess/Actor_02/03-01-05-02-01-02-02.wav,03-01-05-02-01-02-02.wav,2,female,05,angry,strong,1,2
data/raw/ravdess/Actor_02/03-01-05-02-02-01-02.wav,03-01-05-02-02-01-02.wav,2,female,05,angry,strong,2,1
data/raw/ravdess/Actor_02/03-01-05-02-02-02-02.wav,03-01-05-02-02-02-02.wav,2,female,05,angry,strong,2,2
data/raw/ravdess/Actor_02/03-01-06-01-01-01-02.wav,03-01-06-01-01-01-02.wav,2,female,06,fearful,normal,1,1
data/raw/ravdess/Actor_02/03-01-06-01-01-02-02.wav,03-01-06-01-01-02-02.wav,2,female,06,fearful,normal,1,2
data/raw/ravdess/Actor_02/03-01-06-01-02-01-02.wav,03-01-06-01-02-01-02.wav,2,female,06,fearful,normal,2,1
data/raw/ravdess/Actor_02/03-01-06-01-02-02-02.wav,03-01-06-01-02-02-02.wav,2,female,06,fearful,normal,2,2
data/raw/ravdess/Actor_02/03-01-06-02-01-01-02.wav,03-01-06-02-01-01-02.wav,2,female,06,fearful,strong,1,1
data/raw/ravdess/Actor_02/03-01-06-02-01-02-02.wav,03-01-06-02-01-02-02.wav,2,female,06,fearful,strong,1,2
data/raw/ravdess/Actor_02/03-01-06-02-02-01-02.wav,03-01-06-02-02-01-02.wav,2,female,06,fearful,strong,2,1
data/raw/ravdess/Actor_02/03-01-06-02-02-02-02.wav,03-01-06-02-02-02-02.wav,2,female,06,fearful,strong,2,2
data/raw/ravdess/Actor_02/03-01-07-01-01-01-02.wav,03-01-07-01-01-01-02.wav,2,female,07,disgust,normal,1,1
data/raw/ravdess/Actor_02/03-01-07-01-01-02-02.wav,03-01-07-01-01-02-02.wav,2,female,07,disgust,normal,1,2
data/raw/ravdess/Actor_02/03-01-07-01-02-01-02.wav,03-01-07-01-02-01-02.wav,2,female,07,disgust,normal,2,1
data/raw/ravdess/Actor_02/03-01-07-01-02-02-02.wav,03-01-07-01-02-02-02.wav,2,female,07,disgust,normal,2,2
data/raw/ravdess/Actor_02/03-01-07-02-01-01-02.wav,03-01-07-02-01-01-02.wav,2,female,07,disgust,strong,1,1
data/raw/ravdess/Actor_02/03-01-07-02-01-02-02.wav,03-01-07-02-01-02-02.wav,2,female,07,disgust,strong,1,2
data/raw/ravdess/Actor_02/03-01-07-02-02-01-02.wav,03-01-07-02-02-01-02.wav,2,female,07,disgust,strong,2,1
data/raw/ravdess/Actor_02/03-01-07-02-02-02-02.wav,03-01-07-02-02-02-02.wav,2,female,07,disgust,strong,2,2
data/raw/ravdess/Actor_02/03-01-08-01-01-01-02.wav,03-01-08-01-01-01-02.wav,2,female,08,surprised,normal,1,1
data/raw/ravdess/Actor_02/03-01-08-01-01-02-02.wav,03-01-08-01-01-02-02.wav,2,female,08,surprised,normal,1,2
data/raw/ravdess/Actor_02/03-01-08-01-02-01-02.wav,03-01-08-01-02-01-02.wav,2,female,08,surprised,normal,2,1
data/raw/ravdess/Actor_02/03-01-08-01-02-02-02.wav,03-01-08-01-02-02-02.wav,2,female,08,surprised,normal,2,2
data/raw/ravdess/Actor_02/03-01-08-02-01-01-02.wav,03-01-08-02-01-01-02.wav,2,female,08,surprised,strong,1,1
data/raw/ravdess/Actor_02/03-01-08-02-01-02-02.wav,03-01-08-02-01-02-02.wav,2,female,08,surprised,strong,1,2
data/raw/ravdess/Actor_02/03-01-08-02-02-01-02.wav,03-01-08-02-02-01-02.wav,2,female,08,surprised,strong,2,1
data/raw/ravdess/Actor_02/03-01-08-02-02-02-02.wav,03-01-08-02-02-02-02.wav,2,female,08,surprised,strong,2,2
data/raw/ravdess/Actor_03/03-01-01-01-01-01-03.wav,03-01-01-01-01-01-03.wav,3,male,01,neutral,normal,1,1
data/raw/ravdess/Actor_03/03-01-01-01-01-02-03.wav,03-01-01-01-01-02-03.wav,3,male,01,neutral,normal,1,2
data/raw/ravdess/Actor_03/03-01-01-01-02-01-03.wav,03-01-01-01-02-01-03.wav,3,male,01,neutral,normal,2,1
data/raw/ravdess/Actor_03/03-01-01-01-02-02-03.wav,03-01-01-01-02-02-03.wav,3,male,01,neutral,normal,2,2
data/raw/ravdess/Actor_03/03-01-02-01-01-01-03.wav,03-01-02-01-01-01-03.wav,3,male,02,calm,normal,1,1
data/raw/ravdess/Actor_03/03-01-02-01-01-02-03.wav,03-01-02-01-01-02-03.wav,3,male,02,calm,normal,1,2
data/raw/ravdess/Actor_03/03-01-02-01-02-01-03.wav,03-01-02-01-02-01-03.wav,3,male,02,calm,normal,2,1
data/raw/ravdess/Actor_03/03-01-02-01-02-02-03.wav,03-01-02-01-02-02-03.wav,3,male,02,calm,normal,2,2
data/raw/ravdess/Actor_03/03-01-02-02-01-01-03.wav,03-01-02-02-01-01-03.wav,3,male,02,calm,strong,1,1
data/raw/ravdess/Actor_03/03-01-02-02-01-02-03.wav,03-01-02-02-01-02-03.wav,3,male,02,calm,strong,1,2
data/raw/ravdess/Actor_03/03-01-02-02-02-01-03.wav,03-01-02-02-02-01-03.wav,3,male,02,calm,strong,2,1
data/raw/ravdess/Actor_03/03-01-02-02-02-02-03.wav,03-01-02-02-02-02-03.wav,3,male,02,calm,strong,2,2
data/raw/ravdess/Actor_03/03-01-03-01-01-01-03.wav,03-01-03-01-01-01-03.wav,3,male,03,happy,normal,1,1
data/raw/ravdess/Actor_03/03-01-03-01-01-02-03.wav,03-01-03-01-01-02-03.wav,3,male,03,happy,normal,1,2
data/raw/ravdess/Actor_03/03-01-03-01-02-01-03.wav,03-01-03-01-02-01-03.wav,3,male,03,happy,normal,2,1
data/raw/ravdess/Actor_03/03-01-03-01-02-02-03.wav,03-01-03-01-02-02-03.wav,3,male,03,happy,normal,2,2
data/raw/ravdess/Actor_03/03-01-03-02-01-01-03.wav,03-01-03-02-01-01-03.wav,3,male,03,happy,strong,1,1
data/raw/ravdess/Actor_03/03-01-03-02-01-02-03.wav,03-01-03-02-01-02-03.wav,3,male,03,happy,strong,1,2
data/raw/ravdess/Actor_03/03-01-03-02-02-01-03.wav,03-01-03-02-02-01-03.wav,3,male,03,happy,strong,2,1
data/raw/ravdess/Actor_03/03-01-03-02-02-02-03.wav,03-01-03-02-02-02-03.wav,3,male,03,happy,strong,2,2
data/raw/ravdess/Actor_03/03-01-04-01-01-01-03.wav,03-01-04-01-01-01-03.wav,3,male,04,sad,normal,1,1
data/raw/ravdess/Actor_03/03-01-04-01-01-02-03.wav,03-01-04-01-01-02-03.wav,3,male,04,sad,normal,1,2
data/raw/ravdess/Actor_03/03-01-04-01-02-01-03.wav,03-01-04-01-02-01-03.wav,3,male,04,sad,normal,2,1
data/raw/ravdess/Actor_03/03-01-04-01-02-02-03.wav,03-01-04-01-02-02-03.wav,3,male,04,sad,normal,2,2
data/raw/ravdess/Actor_03/03-01-04-02-01-01-03.wav,03-01-04-02-01-01-03.wav,3,male,04,sad,strong,1,1
data/raw/ravdess/Actor_03/03-01-04-02-01-02-03.wav,03-01-04-02-01-02-03.wav,3,male,04,sad,strong,1,2
data/raw/ravdess/Actor_03/03-01-04-02-02-01-03.wav,03-01-04-02-02-01-03.wav,3,male,04,sad,strong,2,1
data/raw/ravdess/Actor_03/03-01-04-02-02-02-03.wav,03-01-04-02-02-02-03.wav,3,male,04,sad,strong,2,2
data/raw/ravdess/Actor_03/03-01-05-01-01-01-03.wav,03-01-05-01-01-01-03.wav,3,male,05,angry,normal,1,1
data/raw/ravdess/Actor_03/03-01-05-01-01-02-03.wav,03-01-05-01-01-02-03.wav,3,male,05,angry,normal,1,2
data/raw/ravdess/Actor_03/03-01-05-01-02-01-03.wav,03-01-05-01-02-01-03.wav,3,male,05,angry,normal,2,1
data/raw/ravdess/Actor_03/03-01-05-01-02-02-03.wav,03-01-05-01-02-02-03.wav,3,male,05,angry,normal,2,2
data/raw/ravdess/Actor_03/03-01-05-02-01-01-03.wav,03-01-05-02-01-01-03.wav,3,male,05,angry,strong,1,1
data/raw/ravdess/Actor_03/03-01-05-02-01-02-03.wav,03-01-05-02-01-02-03.wav,3,male,05,angry,strong,1,2
data/raw/ravdess/Actor_03/03-01-05-02-02-01-03.wav,03-01-05-02-02-01-03.wav,3,male,05,angry,strong,2,1
data/raw/ravdess/Actor_03/03-01-05-02-02-02-03.wav,03-01-05-02-02-02-03.wav,3,male,05,angry,strong,2,2
data/raw/ravdess/Actor_03/03-01-06-01-01-01-03.wav,03-01-06-01-01-01-03.wav,3,male,06,fearful,normal,1,1
data/raw/ravdess/Actor_03/03-01-06-01-01-02-03.wav,03-01-06-01-01-02-03.wav,3,male,06,fearful,normal,1,2
data/raw/ravdess/Actor_03/03-01-06-01-02-01-03.wav,03-01-06-01-02-01-03.wav,3,male,06,fearful,normal,2,1
data/raw/ravdess/Actor_03/03-01-06-01-02-02-03.wav,03-01-06-01-02-02-03.wav,3,male,06,fearful,normal,2,2
data/raw/ravdess/Actor_03/03-01-06-02-01-01-03.wav,03-01-06-02-01-01-03.wav,3,male,06,fearful,strong,1,1
data/raw/ravdess/Actor_03/03-01-06-02-01-02-03.wav,03-01-06-02-01-02-03.wav,3,male,06,fearful,strong,1,2
data/raw/ravdess/Actor_03/03-01-06-02-02-01-03.wav,03-01-06-02-02-01-03.wav,3,male,06,fearful,strong,2,1
data/raw/ravdess/Actor_03/03-01-06-02-02-02-03.wav,03-01-06-02-02-02-03.wav,3,male,06,fearful,strong,2,2
data/raw/ravdess/Actor_03/03-01-07-01-01-01-03.wav,03-01-07-01-01-01-03.wav,3,male,07,disgust,normal,1,1
data/raw/ravdess/Actor_03/03-01-07-01-01-02-03.wav,03-01-07-01-01-02-03.wav,3,male,07,disgust,normal,1,2
data/raw/ravdess/Actor_03/03-01-07-01-02-01-03.wav,03-01-07-01-02-01-03.wav,3,male,07,disgust,normal,2,1
data/raw/ravdess/Actor_03/03-01-07-01-02-02-03.wav,03-01-07-01-02-02-03.wav,3,male,07,disgust,normal,2,2
data/raw/ravdess/Actor_03/03-01-07-02-01-01-03.wav,03-01-07-02-01-01-03.wav,3,male,07,disgust,strong,1,1
data/raw/ravdess/Actor_03/03-01-07-02-01-02-03.wav,03-01-07-02-01-02-03.wav,3,male,07,disgust,strong,1,2
data/raw/ravdess/Actor_03/03-01-07-02-02-01-03.wav,03-01-07-02-02-01-03.wav,3,male,07,disgust,strong,2,1
data/raw/ravdess/Actor_03/03-01-07-02-02-02-03.wav,03-01-07-02-02-02-03.wav,3,male,07,disgust,strong,2,2
data/raw/ravdess/Actor_03/03-01-08-01-01-01-03.wav,03-01-08-01-01-01-03.wav,3,male,08,surprised,normal,1,1
data/raw/ravdess/Actor_03/03-01-08-01-01-02-03.wav,03-01-08-01-01-02-03.wav,3,male,08,surprised,normal,1,2
data/raw/ravdess/Actor_03/03-01-08-01-02-01-03.wav,03-01-08-01-02-01-03.wav,3,male,08,surprised,normal,2,1
data/raw/ravdess/Actor_03/03-01-08-01-02-02-03.wav,03-01-08-01-02-02-03.wav,3,male,08,surprised,normal,2,2
data/raw/ravdess/Actor_03/03-01-08-02-01-01-03.wav,03-01-08-02-01-01-03.wav,3,male,08,surprised,strong,1,1
data/raw/ravdess/Actor_03/03-01-08-02-01-02-03.wav,03-01-08-02-01-02-03.wav,3,male,08,surprised,strong,1,2
data/raw/ravdess/Actor_03/03-01-08-02-02-01-03.wav,03-01-08-02-02-01-03.wav,3,male,08,surprised,strong,2,1
data/raw/ravdess/Actor_03/03-01-08-02-02-02-03.wav,03-01-08-02-02-02-03.wav,3,male,08,surprised,strong,2,2
data/raw/ravdess/Actor_04/03-01-01-01-01-01-04.wav,03-01-01-01-01-01-04.wav,4,female,01,neutral,normal,1,1
data/raw/ravdess/Actor_04/03-01-01-01-01-02-04.wav,03-01-01-01-01-02-04.wav,4,female,01,neutral,normal,1,2
data/raw/ravdess/Actor_04/03-01-01-01-02-01-04.wav,03-01-01-01-02-01-04.wav,4,female,01,neutral,normal,2,1
data/raw/ravdess/Actor_04/03-01-01-01-02-02-04.wav,03-01-01-01-02-02-04.wav,4,female,01,neutral,normal,2,2
data/raw/ravdess/Actor_04/03-01-02-01-01-01-04.wav,03-01-02-01-01-01-04.wav,4,female,02,calm,normal,1,1
data/raw/ravdess/Actor_04/03-01-02-01-01-02-04.wav,03-01-02-01-01-02-04.wav,4,female,02,calm,normal,1,2
data/raw/ravdess/Actor_04/03-01-02-01-02-01-04.wav,03-01-02-01-02-01-04.wav,4,female,02,calm,normal,2,1
data/raw/ravdess/Actor_04/03-01-02-01-02-02-04.wav,03-01-02-01-02-02-04.wav,4,female,02,calm,normal,2,2
data/raw/ravdess/Actor_04/03-01-02-02-01-01-04.wav,03-01-02-02-01-01-04.wav,4,female,02,calm,strong,1,1
data/raw/ravdess/Actor_04/03-01-02-02-01-02-04.wav,03-01-02-02-01-02-04.wav,4,female,02,calm,strong,1,2
data/raw/ravdess/Actor_04/03-01-02-02-02-01-04.wav,03-01-02-02-02-01-04.wav,4,female,02,calm,strong,2,1
data/raw/ravdess/Actor_04/03-01-02-02-02-02-04.wav,03-01-02-02-02-02-04.wav,4,female,02,calm,strong,2,2
data/raw/ravdess/Actor_04/03-01-03-01-01-01-04.wav,03-01-03-01-01-01-04.wav,4,female,03,happy,normal,1,1
data/raw/ravdess/Actor_04/03-01-03-01-01-02-04.wav,03-01-03-01-01-02-04.wav,4,female,03,happy,normal,1,2
data/raw/ravdess/Actor_04/03-01-03-01-02-01-04.wav,03-01-03-01-02-01-04.wav,4,female,03,happy,normal,2,1
data/raw/ravdess/Actor_04/03-01-03-01-02-02-04.wav,03-01-03-01-02-02-04.wav,4,female,03,happy,normal,2,2
data/raw/ravdess/Actor_04/03-01-03-02-01-01-04.wav,03-01-03-02-01-01-04.wav,4,female,03,happy,strong,1,1
data/raw/ravdess/Actor_04/03-01-03-02-01-02-04.wav,03-01-03-02-01-02-04.wav,4,female,03,happy,strong,1,2
data/raw/ravdess/Actor_04/03-01-03-02-02-01-04.wav,03-01-03-02-02-01-04.wav,4,female,03,happy,strong,2,1
data/raw/ravdess/Actor_04/03-01-03-02-02-02-04.wav,03-01-03-02-02-02-04.wav,4,female,03,happy,strong,2,2
data/raw/ravdess/Actor_04/03-01-04-01-01-01-04.wav,03-01-04-01-01-01-04.wav,4,female,04,sad,normal,1,1
data/raw/ravdess/Actor_04/03-01-04-01-01-02-04.wav,03-01-04-01-01-02-04.wav,4,female,04,sad,normal,1,2
data/raw/ravdess/Actor_04/03-01-04-01-02-01-04.wav,03-01-04-01-02-01-04.wav,4,female,04,sad,normal,2,1
data/raw/ravdess/Actor_04/03-01-04-01-02-02-04.wav,03-01-04-01-02-02-04.wav,4,female,04,sad,normal,2,2
data/raw/ravdess/Actor_04/03-01-04-02-01-01-04.wav,03-01-04-02-01-01-04.wav,4,female,04,sad,strong,1,1
data/raw/ravdess/Actor_04/03-01-04-02-01-02-04.wav,03-01-04-02-01-02-04.wav,4,female,04,sad,strong,1,2
data/raw/ravdess/Actor_04/03-01-04-02-02-01-04.wav,03-01-04-02-02-01-04.wav,4,female,04,sad,strong,2,1
data/raw/ravdess/Actor_04/03-01-04-02-02-02-04.wav,03-01-04-02-02-02-04.wav,4,female,04,sad,strong,2,2
data/raw/ravdess/Actor_04/03-01-05-01-01-01-04.wav,03-01-05-01-01-01-04.wav,4,female,05,angry,normal,1,1
data/raw/ravdess/Actor_04/03-01-05-01-01-02-04.wav,03-01-05-01-01-02-04.wav,4,female,05,angry,normal,1,2
data/raw/ravdess/Actor_04/03-01-05-01-02-01-04.wav,03-01-05-01-02-01-04.wav,4,female,05,angry,normal,2,1
data/raw/ravdess/Actor_04/03-01-05-01-02-02-04.wav,03-01-05-01-02-02-04.wav,4,female,05,angry,normal,2,2
data/raw/ravdess/Actor_04/03-01-05-02-01-01-04.wav,03-01-05-02-01-01-04.wav,4,female,05,angry,strong,1,1
data/raw/ravdess/Actor_04/03-01-05-02-01-02-04.wav,03-01-05-02-01-02-04.wav,4,female,05,angry,strong,1,2
data/raw/ravdess/Actor_04/03-01-05-02-02-01-04.wav,03-01-05-02-02-01-04.wav,4,female,05,angry,strong,2,1
data/raw/ravdess/Actor_04/03-01-05-02-02-02-04.wav,03-01-05-02-02-02-04.wav,4,female,05,angry,strong,2,2
data/raw/ravdess/Actor_04/03-01-06-01-01-01-04.wav,03-01-06-01-01-01-04.wav,4,female,06,fearful,normal,1,1
data/raw/ravdess/Actor_04/03-01-06-01-01-02-04.wav,03-01-06-01-01-02-04.wav,4,female,06,fearful,normal,1,2
data/raw/ravdess/Actor_04/03-01-06-01-02-01-04.wav,03-01-06-01-02-01-04.wav,4,female,06,fearful,normal,2,1
data/raw/ravdess/Actor_04/03-01-06-01-02-02-04.wav,03-01-06-01-02-02-04.wav,4,female,06,fearful,normal,2,2
data/raw/ravdess/Actor_04/03-01-06-02-01-01-04.wav,03-01-06-02-01-01-04.wav,4,female,06,fearful,strong,1,1
data/raw/ravdess/Actor_04/03-01-06-02-01-02-04.wav,03-01-06-02-01-02-04.wav,4,female,06,fearful,strong,1,2
data/raw/ravdess/Actor_04/03-01-06-02-02-01-04.wav,03-01-06-02-02-01-04.wav,4,female,06,fearful,strong,2,1
data/raw/ravdess/Actor_04/03-01-06-02-02-02-04.wav,03-01-06-02-02-02-04.wav,4,female,06,fearful,strong,2,2
data/raw/ravdess/Actor_04/03-01-07-01-01-01-04.wav,03-01-07-01-01-01-04.wav,4,female,07,disgust,normal,1,1
data/raw/ravdess/Actor_04/03-01-07-01-01-02-04.wav,03-01-07-01-01-02-04.wav,4,female,07,disgust,normal,1,2
data/raw/ravdess/Actor_04/03-01-07-01-02-01-04.wav,03-01-07-01-02-01-04.wav,4,female,07,disgust,normal,2,1
data/raw/ravdess/Actor_04/03-01-07-01-02-02-04.wav,03-01-07-01-02-02-04.wav,4,female,07,disgust,normal,2,2
data/raw/ravdess/Actor_04/03-01-07-02-01-01-04.wav,03-01-07-02-01-01-04.wav,4,female,07,disgust,strong,1,1
data/raw/ravdess/Actor_04/03-01-07-02-01-02-04.wav,03-01-07-02-01-02-04.wav,4,female,07,disgust,strong,1,2
data/raw/ravdess/Actor_04/03-01-07-02-02-01-04.wav,03-01-07-02-02-01-04.wav,4,female,07,disgust,strong,2,1
data/raw/ravdess/Actor_04/03-01-07-02-02-02-04.wav,03-01-07-02-02-02-04.wav,4,female,07,disgust,strong,2,2
data/raw/ravdess/Actor_04/03-01-08-01-01-01-04.wav,03-01-08-01-01-01-04.wav,4,female,08,surprised,normal,1,1
data/raw/ravdess/Actor_04/03-01-08-01-01-02-04.wav,03-01-08-01-01-02-04.wav,4,female,08,surprised,normal,1,2
data/raw/ravdess/Actor_04/03-01-08-01-02-01-04.wav,03-01-08-01-02-01-04.wav,4,female,08,surprised,normal,2,1
data/raw/ravdess/Actor_04/03-01-08-01-02-02-04.wav,03-01-08-01-02-02-04.wav,4,female,08,surprised,normal,2,2
data/raw/ravdess/Actor_04/03-01-08-02-01-01-04.wav,03-01-08-02-01-01-04.wav,4,female,08,surprised,strong,1,1
data/raw/ravdess/Actor_04/03-01-08-02-01-02-04.wav,03-01-08-02-01-02-04.wav,4,female,08,surprised,strong,1,2
data/raw/ravdess/Actor_04/03-01-08-02-02-01-04.wav,03-01-08-02-02-01-04.wav,4,female,08,surprised,strong,2,1
data/raw/ravdess/Actor_04/03-01-08-02-02-02-04.wav,03-01-08-02-02-02-04.wav,4,female,08,surprised,strong,2,2
data/raw/ravdess/Actor_05/03-01-01-01-01-01-05.wav,03-01-01-01-01-01-05.wav,5,male,01,neutral,normal,1,1
data/raw/ravdess/Actor_05/03-01-01-01-01-02-05.wav,03-01-01-01-01-02-05.wav,5,male,01,neutral,normal,1,2
data/raw/ravdess/Actor_05/03-01-01-01-02-01-05.wav,03-01-01-01-02-01-05.wav,5,male,01,neutral,normal,2,1
data/raw/ravdess/Actor_05/03-01-01-01-02-02-05.wav,03-01-01-01-02-02-05.wav,5,male,01,neutral,normal,2,2
data/raw/ravdess/Actor_05/03-01-02-01-01-01-05.wav,03-01-02-01-01-01-05.wav,5,male,02,calm,normal,1,1
data/raw/ravdess/Actor_05/03-01-02-01-01-02-05.wav,03-01-02-01-01-02-05.wav,5,male,02,calm,normal,1,2
data/raw/ravdess/Actor_05/03-01-02-01-02-01-05.wav,03-01-02-01-02-01-05.wav,5,male,02,calm,normal,2,1
data/raw/ravdess/Actor_05/03-01-02-01-02-02-05.wav,03-01-02-01-02-02-05.wav,5,male,02,calm,normal,2,2
data/raw/ravdess/Actor_05/03-01-02-02-01-01-05.wav,03-01-02-02-01-01-05.wav,5,male,02,calm,strong,1,1
data/raw/ravdess/Actor_05/03-01-02-02-01-02-05.wav,03-01-02-02-01-02-05.wav,5,male,02,calm,strong,1,2
data/raw/ravdess/Actor_05/03-01-02-02-02-01-05.wav,03-01-02-02-02-01-05.wav,5,male,02,calm,strong,2,1
data/raw/ravdess/Actor_05/03-01-02-02-02-02-05.wav,03-01-02-02-02-02-05.wav,5,male,02,calm,strong,2,2
data/raw/ravdess/Actor_05/03-01-03-01-01-01-05.wav,03-01-03-01-01-01-05.wav,5,male,03,happy,normal,1,1
data/raw/ravdess/Actor_05/03-01-03-01-01-02-05.wav,03-01-03-01-01-02-05.wav,5,male,03,happy,normal,1,2
data/raw/ravdess/Actor_05/03-01-03-01-02-01-05.wav,03-01-03-01-02-01-05.wav,5,male,03,happy,normal,2,1
data/raw/ravdess/Actor_05/03-01-03-01-02-02-05.wav,03-01-03-01-02-02-05.wav,5,male,03,happy,normal,2,2
data/raw/ravdess/Actor_05/03-01-03-02-01-01-05.wav,03-01-03-02-01-01-05.wav,5,male,03,happy,strong,1,1
data/raw/ravdess/Actor_05/03-01-03-02-01-02-05.wav,03-01-03-02-01-02-05.wav,5,male,03,happy,strong,1,2
data/raw/ravdess/Actor_05/03-01-03-02-02-01-05.wav,03-01-03-02-02-01-05.wav,5,male,03,happy,strong,2,1
data/raw/ravdess/Actor_05/03-01-03-02-02-02-05.wav,03-01-03-02-02-02-05.wav,5,male,03,happy,strong,2,2
data/raw/ravdess/Actor_05/03-01-04-01-01-01-05.wav,03-01-04-01-01-01-05.wav,5,male,04,sad,normal,1,1
data/raw/ravdess/Actor_05/03-01-04-01-01-02-05.wav,03-01-04-01-01-02-05.wav,5,male,04,sad,normal,1,2
data/raw/ravdess/Actor_05/03-01-04-01-02-01-05.wav,03-01-04-01-02-01-05.wav,5,male,04,sad,normal,2,1
data/raw/ravdess/Actor_05/03-01-04-01-02-02-05.wav,03-01-04-01-02-02-05.wav,5,male,04,sad,normal,2,2
data/raw/ravdess/Actor_05/03-01-04-02-01-01-05.wav,03-01-04-02-01-01-05.wav,5,male,04,sad,strong,1,1
data/raw/ravdess/Actor_05/03-01-04-02-01-02-05.wav,03-01-04-02-01-02-05.wav,5,male,04,sad,strong,1,2
data/raw/ravdess/Actor_05/03-01-04-02-02-01-05.wav,03-01-04-02-02-01-05.wav,5,male,04,sad,strong,2,1
data/raw/ravdess/Actor_05/03-01-04-02-02-02-05.wav,03-01-04-02-02-02-05.wav,5,male,04,sad,strong,2,2
data/raw/ravdess/Actor_05/03-01-05-01-01-01-05.wav,03-01-05-01-01-01-05.wav,5,male,05,angry,normal,1,1
data/raw/ravdess/Actor_05/03-01-05-01-01-02-05.wav,03-01-05-01-01-02-05.wav,5,male,05,angry,normal,1,2
data/raw/ravdess/Actor_05/03-01-05-01-02-01-05.wav,03-01-05-01-02-01-05.wav,5,male,05,angry,normal,2,1
data/raw/ravdess/Actor_05/03-01-05-01-02-02-05.wav,03-01-05-01-02-02-05.wav,5,male,05,angry,normal,2,2
data/raw/ravdess/Actor_05/03-01-05-02-01-01-05.wav,03-01-05-02-01-01-05.wav,5,male,05,angry,strong,1,1
data/raw/ravdess/Actor_05/03-01-05-02-01-02-05.wav,03-01-05-02-01-02-05.wav,5,male,05,angry,strong,1,2
data/raw/ravdess/Actor_05/03-01-05-02-02-01-05.wav,03-01-05-02-02-01-05.wav,5,male,05,angry,strong,2,1
data/raw/ravdess/Actor_05/03-01-05-02-02-02-05.wav,03-01-05-02-02-02-05.wav,5,male,05,angry,strong,2,2
data/raw/ravdess/Actor_05/03-01-06-01-01-01-05.wav,03-01-06-01-01-01-05.wav,5,male,06,fearful,normal,1,1
data/raw/ravdess/Actor_05/03-01-06-01-01-02-05.wav,03-01-06-01-01-02-05.wav,5,male,06,fearful,normal,1,2
data/raw/ravdess/Actor_05/03-01-06-01-02-01-05.wav,03-01-06-01-02-01-05.wav,5,male,06,fearful,normal,2,1
data/raw/ravdess/Actor_05/03-01-06-01-02-02-05.wav,03-01-06-01-02-02-05.wav,5,male,06,fearful,normal,2,2
data/raw/ravdess/Actor_05/03-01-06-02-01-01-05.wav,03-01-06-02-01-01-05.wav,5,male,06,fearful,strong,1,1
data/raw/ravdess/Actor_05/03-01-06-02-01-02-05.wav,03-01-06-02-01-02-05.wav,5,male,06,fearful,strong,1,2
data/raw/ravdess/Actor_05/03-01-06-02-02-01-05.wav,03-01-06-02-02-01-05.wav,5,male,06,fearful,strong,2,1
data/raw/ravdess/Actor_05/03-01-06-02-02-02-05.wav,03-01-06-02-02-02-05.wav,5,male,06,fearful,strong,2,2
data/raw/ravdess/Actor_05/03-01-07-01-01-01-05.wav,03-01-07-01-01-01-05.wav,5,male,07,disgust,normal,1,1
data/raw/ravdess/Actor_05/03-01-07-01-01-02-05.wav,03-01-07-01-01-02-05.wav,5,male,07,disgust,normal,1,2
data/raw/ravdess/Actor_05/03-01-07-01-02-01-05.wav,03-01-07-01-02-01-05.wav,5,male,07,disgust,normal,2,1
data/raw/ravdess/Actor_05/03-01-07-01-02-02-05.wav,03-01-07-01-02-02-05.wav,5,male,07,disgust,normal,2,2
data/raw/ravdess/Actor_05/03-01-07-02-01-01-05.wav,03-01-07-02-01-01-05.wav,5,male,07,disgust,strong,1,1
data/raw/ravdess/Actor_05/03-01-07-02-01-02-05.wav,03-01-07-02-01-02-05.wav,5,male,07,disgust,strong,1,2
data/raw/ravdess/Actor_05/03-01-07-02-02-01-05.wav,03-01-07-02-02-01-05.wav,5,male,07,disgust,strong,2,1
data/raw/ravdess/Actor_05/03-01-07-02-02-02-05.wav,03-01-07-02-02-02-05.wav,5,male,07,disgust,strong,2,2
data/raw/ravdess/Actor_05/03-01-08-01-01-01-05.wav,03-01-08-01-01-01-05.wav,5,male,08,surprised,normal,1,1
data/raw/ravdess/Actor_05/03-01-08-01-01-02-05.wav,03-01-08-01-01-02-05.wav,5,male,08,surprised,normal,1,2
data/raw/ravdess/Actor_05/03-01-08-01-02-01-05.wav,03-01-08-01-02-01-05.wav,5,male,08,surprised,normal,2,1
data/raw/ravdess/Actor_05/03-01-08-01-02-02-05.wav,03-01-08-01-02-02-05.wav,5,male,08,surprised,normal,2,2
data/raw/ravdess/Actor_05/03-01-08-02-01-01-05.wav,03-01-08-02-01-01-05.wav,5,male,08,surprised,strong,1,1
data/raw/ravdess/Actor_05/03-01-08-02-01-02-05.wav,03-01-08-02-01-02-05.wav,5,male,08,surprised,strong,1,2
data/raw/ravdess/Actor_05/03-01-08-02-02-01-05.wav,03-01-08-02-02-01-05.wav,5,male,08,surprised,strong,2,1
data/raw/ravdess/Actor_05/03-01-08-02-02-02-05.wav,03-01-08-02-02-02-05.wav,5,male,08,surprised,strong,2,2
data/raw/ravdess/Actor_06/03-01-01-01-01-01-06.wav,03-01-01-01-01-01-06.wav,6,female,01,neutral,normal,1,1
data/raw/ravdess/Actor_06/03-01-01-01-01-02-06.wav,03-01-01-01-01-02-06.wav,6,female,01,neutral,normal,1,2
data/raw/ravdess/Actor_06/03-01-01-01-02-01-06.wav,03-01-01-01-02-01-06.wav,6,female,01,neutral,normal,2,1
data/raw/ravdess/Actor_06/03-01-01-01-02-02-06.wav,03-01-01-01-02-02-06.wav,6,female,01,neutral,normal,2,2
data/raw/ravdess/Actor_06/03-01-02-01-01-01-06.wav,03-01-02-01-01-01-06.wav,6,female,02,calm,normal,1,1
data/raw/ravdess/Actor_06/03-01-02-01-01-02-06.wav,03-01-02-01-01-02-06.wav,6,female,02,calm,normal,1,2
data/raw/ravdess/Actor_06/03-01-02-01-02-01-06.wav,03-01-02-01-02-01-06.wav,6,female,02,calm,normal,2,1
data/raw/ravdess/Actor_06/03-01-02-01-02-02-06.wav,03-01-02-01-02-02-06.wav,6,female,02,calm,normal,2,2
data/raw/ravdess/Actor_06/03-01-02-02-01-01-06.wav,03-01-02-02-01-01-06.wav,6,female,02,calm,strong,1,1
data/raw/ravdess/Actor_06/03-01-02-02-01-02-06.wav,03-01-02-02-01-02-06.wav,6,female,02,calm,strong,1,2
data/raw/ravdess/Actor_06/03-01-02-02-02-01-06.wav,03-01-02-02-02-01-06.wav,6,female,02,calm,strong,2,1
data/raw/ravdess/Actor_06/03-01-02-02-02-02-06.wav,03-01-02-02-02-02-06.wav,6,female,02,calm,strong,2,2
data/raw/ravdess/Actor_06/03-01-03-01-01-01-06.wav,03-01-03-01-01-01-06.wav,6,female,03,happy,normal,1,1
data/raw/ravdess/Actor_06/03-01-03-01-01-02-06.wav,03-01-03-01-01-02-06.wav,6,female,03,happy,normal,1,2
data/raw/ravdess/Actor_06/03-01-03-01-02-01-06.wav,03-01-03-01-02-01-06.wav,6,female,03,happy,normal,2,1
data/raw/ravdess/Actor_06/03-01-03-01-02-02-06.wav,03-01-03-01-02-02-06.wav,6,female,03,happy,normal,2,2
data/raw/ravdess/Actor_06/03-01-03-02-01-01-06.wav,03-01-03-02-01-01-06.wav,6,female,03,happy,strong,1,1
data/raw/ravdess/Actor_06/03-01-03-02-01-02-06.wav,03-01-03-02-01-02-06.wav,6,female,03,happy,strong,1,2
data/raw/ravdess/Actor_06/03-01-03-02-02-01-06.wav,03-01-03-02-02-01-06.wav,6,female,03,happy,strong,2,1
data/raw/ravdess/Actor_06/03-01-03-02-02-02-06.wav,03-01-03-02-02-02-06.wav,6,female,03,happy,strong,2,2
data/raw/ravdess/Actor_06/03-01-04-01-01-01-06.wav,03-01-04-01-01-01-06.wav,6,female,04,sad,normal,1,1
data/raw/ravdess/Actor_06/03-01-04-01-01-02-06.wav,03-01-04-01-01-02-06.wav,6,female,04,sad,normal,1,2
data/raw/ravdess/Actor_06/03-01-04-01-02-01-06.wav,03-01-04-01-02-01-06.wav,6,female,04,sad,normal,2,1
data/raw/ravdess/Actor_06/03-01-04-01-02-02-06.wav,03-01-04-01-02-02-06.wav,6,female,04,sad,normal,2,2
data/raw/ravdess/Actor_06/03-01-04-02-01-01-06.wav,03-01-04-02-01-01-06.wav,6,female,04,sad,strong,1,1
data/raw/ravdess/Actor_06/03-01-04-02-01-02-06.wav,03-01-04-02-01-02-06.wav,6,female,04,sad,strong,1,2
data/raw/ravdess/Actor_06/03-01-04-02-02-01-06.wav,03-01-04-02-02-01-06.wav,6,female,04,sad,strong,2,1
data/raw/ravdess/Actor_06/03-01-04-02-02-02-06.wav,03-01-04-02-02-02-06.wav,6,female,04,sad,strong,2,2
data/raw/ravdess/Actor_06/03-01-05-01-01-01-06.wav,03-01-05-01-01-01-06.wav,6,female,05,angry,normal,1,1
data/raw/ravdess/Actor_06/03-01-05-01-01-02-06.wav,03-01-05-01-01-02-06.wav,6,female,05,angry,normal,1,2
data/raw/ravdess/Actor_06/03-01-05-01-02-01-06.wav,03-01-05-01-02-01-06.wav,6,female,05,angry,normal,2,1
data/raw/ravdess/Actor_06/03-01-05-01-02-02-06.wav,03-01-05-01-02-02-06.wav,6,female,05,angry,normal,2,2
data/raw/ravdess/Actor_06/03-01-05-02-01-01-06.wav,03-01-05-02-01-01-06.wav,6,female,05,angry,strong,1,1
data/raw/ravdess/Actor_06/03-01-05-02-01-02-06.wav,03-01-05-02-01-02-06.wav,6,female,05,angry,strong,1,2
data/raw/ravdess/Actor_06/03-01-05-02-02-01-06.wav,03-01-05-02-02-01-06.wav,6,female,05,angry,strong,2,1
data/raw/ravdess/Actor_06/03-01-05-02-02-02-06.wav,03-01-05-02-02-02-06.wav,6,female,05,angry,strong,2,2
data/raw/ravdess/Actor_06/03-01-06-01-01-01-06.wav,03-01-06-01-01-01-06.wav,6,female,06,fearful,normal,1,1
data/raw/ravdess/Actor_06/03-01-06-01-01-02-06.wav,03-01-06-01-01-02-06.wav,6,female,06,fearful,normal,1,2
data/raw/ravdess/Actor_06/03-01-06-01-02-01-06.wav,03-01-06-01-02-01-06.wav,6,female,06,fearful,normal,2,1
data/raw/ravdess/Actor_06/03-01-06-01-02-02-06.wav,03-01-06-01-02-02-06.wav,6,female,06,fearful,normal,2,2
data/raw/ravdess/Actor_06/03-01-06-02-01-01-06.wav,03-01-06-02-01-01-06.wav,6,female,06,fearful,strong,1,1
data/raw/ravdess/Actor_06/03-01-06-02-01-02-06.wav,03-01-06-02-01-02-06.wav,6,female,06,fearful,strong,1,2
data/raw/ravdess/Actor_06/03-01-06-02-02-01-06.wav,03-01-06-02-02-01-06.wav,6,female,06,fearful,strong,2,1
data/raw/ravdess/Actor_06/03-01-06-02-02-02-06.wav,03-01-06-02-02-02-06.wav,6,female,06,fearful,strong,2,2
data/raw/ravdess/Actor_06/03-01-07-01-01-01-06.wav,03-01-07-01-01-01-06.wav,6,female,07,disgust,normal,1,1
data/raw/ravdess/Actor_06/03-01-07-01-01-02-06.wav,03-01-07-01-01-02-06.wav,6,female,07,disgust,normal,1,2
data/raw/ravdess/Actor_06/03-01-07-01-02-01-06.wav,03-01-07-01-02-01-06.wav,6,female,07,disgust,normal,2,1
data/raw/ravdess/Actor_06/03-01-07-01-02-02-06.wav,03-01-07-01-02-02-06.wav,6,female,07,disgust,normal,2,2
data/raw/ravdess/Actor_06/03-01-07-02-01-01-06.wav,03-01-07-02-01-01-06.wav,6,female,07,disgust,strong,1,1
data/raw/ravdess/Actor_06/03-01-07-02-01-02-06.wav,03-01-07-02-01-02-06.wav,6,female,07,disgust,strong,1,2
data/raw/ravdess/Actor_06/03-01-07-02-02-01-06.wav,03-01-07-02-02-01-06.wav,6,female,07,disgust,strong,2,1
data/raw/ravdess/Actor_06/03-01-07-02-02-02-06.wav,03-01-07-02-02-02-06.wav,6,female,07,disgust,strong,2,2
data/raw/ravdess/Actor_06/03-01-08-01-01-01-06.wav,03-01-08-01-01-01-06.wav,6,female,08,surprised,normal,1,1
data/raw/ravdess/Actor_06/03-01-08-01-01-02-06.wav,03-01-08-01-01-02-06.wav,6,female,08,surprised,normal,1,2
data/raw/ravdess/Actor_06/03-01-08-01-02-01-06.wav,03-01-08-01-02-01-06.wav,6,female,08,surprised,normal,2,1
data/raw/ravdess/Actor_06/03-01-08-01-02-02-06.wav,03-01-08-01-02-02-06.wav,6,female,08,surprised,normal,2,2
data/raw/ravdess/Actor_06/03-01-08-02-01-01-06.wav,03-01-08-02-01-01-06.wav,6,female,08,surprised,strong,1,1
data/raw/ravdess/Actor_06/03-01-08-02-01-02-06.wav,03-01-08-02-01-02-06.wav,6,female,08,surprised,strong,1,2
data/raw/ravdess/Actor_06/03-01-08-02-02-01-06.wav,03-01-08-02-02-01-06.wav,6,female,08,surprised,strong,2,1
data/raw/ravdess/Actor_06/03-01-08-02-02-02-06.wav,03-01-08-02-02-02-06.wav,6,female,08,surprised,strong,2,2
data/raw/ravdess/Actor_07/03-01-01-01-01-01-07.wav,03-01-01-01-01-01-07.wav,7,male,01,neutral,normal,1,1
data/raw/ravdess/Actor_07/03-01-01-01-01-02-07.wav,03-01-01-01-01-02-07.wav,7,male,01,neutral,normal,1,2
data/raw/ravdess/Actor_07/03-01-01-01-02-01-07.wav,03-01-01-01-02-01-07.wav,7,male,01,neutral,normal,2,1
data/raw/ravdess/Actor_07/03-01-01-01-02-02-07.wav,03-01-01-01-02-02-07.wav,7,male,01,neutral,normal,2,2
data/raw/ravdess/Actor_07/03-01-02-01-01-01-07.wav,03-01-02-01-01-01-07.wav,7,male,02,calm,normal,1,1
data/raw/ravdess/Actor_07/03-01-02-01-01-02-07.wav,03-01-02-01-01-02-07.wav,7,male,02,calm,normal,1,2
data/raw/ravdess/Actor_07/03-01-02-01-02-01-07.wav,03-01-02-01-02-01-07.wav,7,male,02,calm,normal,2,1
data/raw/ravdess/Actor_07/03-01-02-01-02-02-07.wav,03-01-02-01-02-02-07.wav,7,male,02,calm,normal,2,2
data/raw/ravdess/Actor_07/03-01-02-02-01-01-07.wav,03-01-02-02-01-01-07.wav,7,male,02,calm,strong,1,1
data/raw/ravdess/Actor_07/03-01-02-02-01-02-07.wav,03-01-02-02-01-02-07.wav,7,male,02,calm,strong,1,2
data/raw/ravdess/Actor_07/03-01-02-02-02-01-07.wav,03-01-02-02-02-01-07.wav,7,male,02,calm,strong,2,1
data/raw/ravdess/Actor_07/03-01-02-02-02-02-07.wav,03-01-02-02-02-02-07.wav,7,male,02,calm,strong,2,2
data/raw/ravdess/Actor_07/03-01-03-01-01-01-07.wav,03-01-03-01-01-01-07.wav,7,male,03,happy,normal,1,1
data/raw/ravdess/Actor_07/03-01-03-01-01-02-07.wav,03-01-03-01-01-02-07.wav,7,male,03,happy,normal,1,2
data/raw/ravdess/Actor_07/03-01-03-01-02-01-07.wav,03-01-03-01-02-01-07.wav,7,male,03,happy,normal,2,1
data/raw/ravdess/Actor_07/03-01-03-01-02-02-07.wav,03-01-03-01-02-02-07.wav,7,male,03,happy,normal,2,2
data/raw/ravdess/Actor_07/03-01-03-02-01-01-07.wav,03-01-03-02-01-01-07.wav,7,male,03,happy,strong,1,1
data/raw/ravdess/Actor_07/03-01-03-02-01-02-07.wav,03-01-03-02-01-02-07.wav,7,male,03,happy,strong,1,2
data/raw/ravdess/Actor_07/03-01-03-02-02-01-07.wav,03-01-03-02-02-01-07.wav,7,male,03,happy,strong,2,1
data/raw/ravdess/Actor_07/03-01-03-02-02-02-07.wav,03-01-03-02-02-02-07.wav,7,male,03,happy,strong,2,2
data/raw/ravdess/Actor_07/03-01-04-01-01-01-07.wav,03-01-04-01-01-01-07.wav,7,male,04,sad,normal,1,1
data/raw/ravdess/Actor_07/03-01-04-01-01-02-07.wav,03-01-04-01-01-02-07.wav,7,male,04,sad,normal,1,2
data/raw/ravdess/Actor_07/03-01-04-01-02-01-07.wav,03-01-04-01-02-01-07.wav,7,male,04,sad,normal,2,1
data/raw/ravdess/Actor_07/03-01-04-01-02-02-07.wav,03-01-04-01-02-02-07.wav,7,male,04,sad,normal,2,2
data/raw/ravdess/Actor_07/03-01-04-02-01-01-07.wav,03-01-04-02-01-01-07.wav,7,male,04,sad,strong,1,1
data/raw/ravdess/Actor_07/03-01-04-02-01-02-07.wav,03-01-04-02-01-02-07.wav,7,male,04,sad,strong,1,2
data/raw/ravdess/Actor_07/03-01-04-02-02-01-07.wav,03-01-04-02-02-01-07.wav,7,male,04,sad,strong,2,1
data/raw/ravdess/Actor_07/03-01-04-02-02-02-07.wav,03-01-04-02-02-02-07.wav,7,male,04,sad,strong,2,2
data/raw/ravdess/Actor_07/03-01-05-01-01-01-07.wav,03-01-05-01-01-01-07.wav,7,male,05,angry,normal,1,1
data/raw/ravdess/Actor_07/03-01-05-01-01-02-07.wav,03-01-05-01-01-02-07.wav,7,male,05,angry,normal,1,2
data/raw/ravdess/Actor_07/03-01-05-01-02-01-07.wav,03-01-05-01-02-01-07.wav,7,male,05,angry,normal,2,1
data/raw/ravdess/Actor_07/03-01-05-01-02-02-07.wav,03-01-05-01-02-02-07.wav,7,male,05,angry,normal,2,2
data/raw/ravdess/Actor_07/03-01-05-02-01-01-07.wav,03-01-05-02-01-01-07.wav,7,male,05,angry,strong,1,1
data/raw/ravdess/Actor_07/03-01-05-02-01-02-07.wav,03-01-05-02-01-02-07.wav,7,male,05,angry,strong,1,2
data/raw/ravdess/Actor_07/03-01-05-02-02-01-07.wav,03-01-05-02-02-01-07.wav,7,male,05,angry,strong,2,1
data/raw/ravdess/Actor_07/03-01-05-02-02-02-07.wav,03-01-05-02-02-02-07.wav,7,male,05,angry,strong,2,2
data/raw/ravdess/Actor_07/03-01-06-01-01-01-07.wav,03-01-06-01-01-01-07.wav,7,male,06,fearful,normal,1,1
data/raw/ravdess/Actor_07/03-01-06-01-01-02-07.wav,03-01-06-01-01-02-07.wav,7,male,06,fearful,normal,1,2
data/raw/ravdess/Actor_07/03-01-06-01-02-01-07.wav,03-01-06-01-02-01-07.wav,7,male,06,fearful,normal,2,1
data/raw/ravdess/Actor_07/03-01-06-01-02-02-07.wav,03-01-06-01-02-02-07.wav,7,male,06,fearful,normal,2,2
data/raw/ravdess/Actor_07/03-01-06-02-01-01-07.wav,03-01-06-02-01-01-07.wav,7,male,06,fearful,strong,1,1
data/raw/ravdess/Actor_07/03-01-06-02-01-02-07.wav,03-01-06-02-01-02-07.wav,7,male,06,fearful,strong,1,2
data/raw/ravdess/Actor_07/03-01-06-02-02-01-07.wav,03-01-06-02-02-01-07.wav,7,male,06,fearful,strong,2,1
data/raw/ravdess/Actor_07/03-01-06-02-02-02-07.wav,03-01-06-02-02-02-07.wav,7,male,06,fearful,strong,2,2
data/raw/ravdess/Actor_07/03-01-07-01-01-01-07.wav,03-01-07-01-01-01-07.wav,7,male,07,disgust,normal,1,1
data/raw/ravdess/Actor_07/03-01-07-01-01-02-07.wav,03-01-07-01-01-02-07.wav,7,male,07,disgust,normal,1,2
data/raw/ravdess/Actor_07/03-01-07-01-02-01-07.wav,03-01-07-01-02-01-07.wav,7,male,07,disgust,normal,2,1
data/raw/ravdess/Actor_07/03-01-07-01-02-02-07.wav,03-01-07-01-02-02-07.wav,7,male,07,disgust,normal,2,2
data/raw/ravdess/Actor_07/03-01-07-02-01-01-07.wav,03-01-07-02-01-01-07.wav,7,male,07,disgust,strong,1,1
data/raw/ravdess/Actor_07/03-01-07-02-01-02-07.wav,03-01-07-02-01-02-07.wav,7,male,07,disgust,strong,1,2
data/raw/ravdess/Actor_07/03-01-07-02-02-01-07.wav,03-01-07-02-02-01-07.wav,7,male,07,disgust,strong,2,1
data/raw/ravdess/Actor_07/03-01-07-02-02-02-07.wav,03-01-07-02-02-02-07.wav,7,male,07,disgust,strong,2,2
data/raw/ravdess/Actor_07/03-01-08-01-01-01-07.wav,03-01-08-01-01-01-07.wav,7,male,08,surprised,normal,1,1
data/raw/ravdess/Actor_07/03-01-08-01-01-02-07.wav,03-01-08-01-01-02-07.wav,7,male,08,surprised,normal,1,2
data/raw/ravdess/Actor_07/03-01-08-01-02-01-07.wav,03-01-08-01-02-01-07.wav,7,male,08,surprised,normal,2,1
data/raw/ravdess/Actor_07/03-01-08-01-02-02-07.wav,03-01-08-01-02-02-07.wav,7,male,08,surprised,normal,2,2
data/raw/ravdess/Actor_07/03-01-08-02-01-01-07.wav,03-01-08-02-01-01-07.wav,7,male,08,surprised,strong,1,1
data/raw/ravdess/Actor_07/03-01-08-02-01-02-07.wav,03-01-08-02-01-02-07.wav,7,male,08,surprised,strong,1,2
data/raw/ravdess/Actor_07/03-01-08-02-02-01-07.wav,03-01-08-02-02-01-07.wav,7,male,08,surprised,strong,2,1
data/raw/ravdess/Actor_07/03-01-08-02-02-02-07.wav,03-01-08-02-02-02-07.wav,7,male,08,surprised,strong,2,2
data/raw/ravdess/Actor_08/03-01-01-01-01-01-08.wav,03-01-01-01-01-01-08.wav,8,female,01,neutral,normal,1,1
data/raw/ravdess/Actor_08/03-01-01-01-01-02-08.wav,03-01-01-01-01-02-08.wav,8,female,01,neutral,normal,1,2
data/raw/ravdess/Actor_08/03-01-01-01-02-01-08.wav,03-01-01-01-02-01-08.wav,8,female,01,neutral,normal,2,1
data/raw/ravdess/Actor_08/03-01-01-01-02-02-08.wav,03-01-01-01-02-02-08.wav,8,female,01,neutral,normal,2,2
data/raw/ravdess/Actor_08/03-01-02-01-01-01-08.wav,03-01-02-01-01-01-08.wav,8,female,02,calm,normal,1,1
data/raw/ravdess/Actor_08/03-01-02-01-01-02-08.wav,03-01-02-01-01-02-08.wav,8,female,02,calm,normal,1,2
data/raw/ravdess/Actor_08/03-01-02-01-02-01-08.wav,03-01-02-01-02-01-08.wav,8,female,02,calm,normal,2,1
data/raw/ravdess/Actor_08/03-01-02-01-02-02-08.wav,03-01-02-01-02-02-08.wav,8,female,02,calm,normal,2,2
data/raw/ravdess/Actor_08/03-01-02-02-01-01-08.wav,03-01-02-02-01-01-08.wav,8,female,02,calm,strong,1,1
data/raw/ravdess/Actor_08/03-01-02-02-01-02-08.wav,03-01-02-02-01-02-08.wav,8,female,02,calm,strong,1,2
data/raw/ravdess/Actor_08/03-01-02-02-02-01-08.wav,03-01-02-02-02-01-08.wav,8,female,02,calm,strong,2,1
data/raw/ravdess/Actor_08/03-01-02-02-02-02-08.wav,03-01-02-02-02-02-08.wav,8,female,02,calm,strong,2,2
data/raw/ravdess/Actor_08/03-01-03-01-01-01-08.wav,03-01-03-01-01-01-08.wav,8,female,03,happy,normal,1,1
data/raw/ravdess/Actor_08/03-01-03-01-01-02-08.wav,03-01-03-01-01-02-08.wav,8,female,03,happy,normal,1,2
data/raw/ravdess/Actor_08/03-01-03-01-02-01-08.wav,03-01-03-01-02-01-08.wav,8,female,03,happy,normal,2,1
data/raw/ravdess/Actor_08/03-01-03-01-02-02-08.wav,03-01-03-01-02-02-08.wav,8,female,03,happy,normal,2,2
data/raw/ravdess/Actor_08/03-01-03-02-01-01-08.wav,03-01-03-02-01-01-08.wav,8,female,03,happy,strong,1,1
data/raw/ravdess/Actor_08/03-01-03-02-01-02-08.wav,03-01-03-02-01-02-08.wav,8,female,03,happy,strong,1,2
data/raw/ravdess/Actor_08/03-01-03-02-02-01-08.wav,03-01-03-02-02-01-08.wav,8,female,03,happy,strong,2,1
data/raw/ravdess/Actor_08/03-01-03-02-02-02-08.wav,03-01-03-02-02-02-08.wav,8,female,03,happy,strong,2,2
data/raw/ravdess/Actor_08/03-01-04-01-01-01-08.wav,03-01-04-01-01-01-08.wav,8,female,04,sad,normal,1,1
data/raw/ravdess/Actor_08/03-01-04-01-01-02-08.wav,03-01-04-01-01-02-08.wav,8,female,04,sad,normal,1,2
data/raw/ravdess/Actor_08/03-01-04-01-02-01-08.wav,03-01-04-01-02-01-08.wav,8,female,04,sad,normal,2,1
data/raw/ravdess/Actor_08/03-01-04-01-02-02-08.wav,03-01-04-01-02-02-08.wav,8,female,04,sad,normal,2,2
data/raw/ravdess/Actor_08/03-01-04-02-01-01-08.wav,03-01-04-02-01-01-08.wav,8,female,04,sad,strong,1,1
data/raw/ravdess/Actor_08/03-01-04-02-01-02-08.wav,03-01-04-02-01-02-08.wav,8,female,04,sad,strong,1,2
data/raw/ravdess/Actor_08/03-01-04-02-02-01-08.wav,03-01-04-02-02-01-08.wav,8,female,04,sad,strong,2,1
data/raw/ravdess/Actor_08/03-01-04-02-02-02-08.wav,03-01-04-02-02-02-08.wav,8,female,04,sad,strong,2,2
data/raw/ravdess/Actor_08/03-01-05-01-01-01-08.wav,03-01-05-01-01-01-08.wav,8,female,05,angry,normal,1,1
data/raw/ravdess/Actor_08/03-01-05-01-01-02-08.wav,03-01-05-01-01-02-08.wav,8,female,05,angry,normal,1,2
data/raw/ravdess/Actor_08/03-01-05-01-02-01-08.wav,03-01-05-01-02-01-08.wav,8,female,05,angry,normal,2,1
data/raw/ravdess/Actor_08/03-01-05-01-02-02-08.wav,03-01-05-01-02-02-08.wav,8,female,05,angry,normal,2,2
data/raw/ravdess/Actor_08/03-01-05-02-01-01-08.wav,03-01-05-02-01-01-08.wav,8,female,05,angry,strong,1,1
data/raw/ravdess/Actor_08/03-01-05-02-01-02-08.wav,03-01-05-02-01-02-08.wav,8,female,05,angry,strong,1,2
data/raw/ravdess/Actor_08/03-01-05-02-02-01-08.wav,03-01-05-02-02-01-08.wav,8,female,05,angry,strong,2,1
data/raw/ravdess/Actor_08/03-01-05-02-02-02-08.wav,03-01-05-02-02-02-08.wav,8,female,05,angry,strong,2,2
data/raw/ravdess/Actor_08/03-01-06-01-01-01-08.wav,03-01-06-01-01-01-08.wav,8,female,06,fearful,normal,1,1
data/raw/ravdess/Actor_08/03-01-06-01-01-02-08.wav,03-01-06-01-01-02-08.wav,8,female,06,fearful,normal,1,2
data/raw/ravdess/Actor_08/03-01-06-01-02-01-08.wav,03-01-06-01-02-01-08.wav,8,female,06,fearful,normal,2,1
data/raw/ravdess/Actor_08/03-01-06-01-02-02-08.wav,03-01-06-01-02-02-08.wav,8,female,06,fearful,normal,2,2
data/raw/ravdess/Actor_08/03-01-06-02-01-01-08.wav,03-01-06-02-01-01-08.wav,8,female,06,fearful,strong,1,1
data/raw/ravdess/Actor_08/03-01-06-02-01-02-08.wav,03-01-06-02-01-02-08.wav,8,female,06,fearful,strong,1,2
data/raw/ravdess/Actor_08/03-01-06-02-02-01-08.wav,03-01-06-02-02-01-08.wav,8,female,06,fearful,strong,2,1
data/raw/ravdess/Actor_08/03-01-06-02-02-02-08.wav,03-01-06-02-02-02-08.wav,8,female,06,fearful,strong,2,2
data/raw/ravdess/Actor_08/03-01-07-01-01-01-08.wav,03-01-07-01-01-01-08.wav,8,female,07,disgust,normal,1,1
data/raw/ravdess/Actor_08/03-01-07-01-01-02-08.wav,03-01-07-01-01-02-08.wav,8,female,07,disgust,normal,1,2
data/raw/ravdess/Actor_08/03-01-07-01-02-01-08.wav,03-01-07-01-02-01-08.wav,8,female,07,disgust,normal,2,1
data/raw/ravdess/Actor_08/03-01-07-01-02-02-08.wav,03-01-07-01-02-02-08.wav,8,female,07,disgust,normal,2,2
data/raw/ravdess/Actor_08/03-01-07-02-01-01-08.wav,03-01-07-02-01-01-08.wav,8,female,07,disgust,strong,1,1
data/raw/ravdess/Actor_08/03-01-07-02-01-02-08.wav,03-01-07-02-01-02-08.wav,8,female,07,disgust,strong,1,2
data/raw/ravdess/Actor_08/03-01-07-02-02-01-08.wav,03-01-07-02-02-01-08.wav,8,female,07,disgust,strong,2,1
data/raw/ravdess/Actor_08/03-01-07-02-02-02-08.wav,03-01-07-02-02-02-08.wav,8,female,07,disgust,strong,2,2
data/raw/ravdess/Actor_08/03-01-08-01-01-01-08.wav,03-01-08-01-01-01-08.wav,8,female,08,surprised,normal,1,1
data/raw/ravdess/Actor_08/03-01-08-01-01-02-08.wav,03-01-08-01-01-02-08.wav,8,female,08,surprised,normal,1,2
data/raw/ravdess/Actor_08/03-01-08-01-02-01-08.wav,03-01-08-01-02-01-08.wav,8,female,08,surprised,normal,2,1
data/raw/ravdess/Actor_08/03-01-08-01-02-02-08.wav,03-01-08-01-02-02-08.wav,8,female,08,surprised,normal,2,2
data/raw/ravdess/Actor_08/03-01-08-02-01-01-08.wav,03-01-08-02-01-01-08.wav,8,female,08,surprised,strong,1,1
data/raw/ravdess/Actor_08/03-01-08-02-01-02-08.wav,03-01-08-02-01-02-08.wav,8,female,08,surprised,strong,1,2
data/raw/ravdess/Actor_08/03-01-08-02-02-01-08.wav,03-01-08-02-02-01-08.wav,8,female,08,surprised,strong,2,1
data/raw/ravdess/Actor_08/03-01-08-02-02-02-08.wav,03-01-08-02-02-02-08.wav,8,female,08,surprised,strong,2,2
data/raw/ravdess/Actor_09/03-01-01-01-01-01-09.wav,03-01-01-01-01-01-09.wav,9,male,01,neutral,normal,1,1
data/raw/ravdess/Actor_09/03-01-01-01-01-02-09.wav,03-01-01-01-01-02-09.wav,9,male,01,neutral,normal,1,2
data/raw/ravdess/Actor_09/03-01-01-01-02-01-09.wav,03-01-01-01-02-01-09.wav,9,male,01,neutral,normal,2,1
data/raw/ravdess/Actor_09/03-01-01-01-02-02-09.wav,03-01-01-01-02-02-09.wav,9,male,01,neutral,normal,2,2
data/raw/ravdess/Actor_09/03-01-02-01-01-01-09.wav,03-01-02-01-01-01-09.wav,9,male,02,calm,normal,1,1
data/raw/ravdess/Actor_09/03-01-02-01-01-02-09.wav,03-01-02-01-01-02-09.wav,9,male,02,calm,normal,1,2
data/raw/ravdess/Actor_09/03-01-02-01-02-01-09.wav,03-01-02-01-02-01-09.wav,9,male,02,calm,normal,2,1
data/raw/ravdess/Actor_09/03-01-02-01-02-02-09.wav,03-01-02-01-02-02-09.wav,9,male,02,calm,normal,2,2
data/raw/ravdess/Actor_09/03-01-02-02-01-01-09.wav,03-01-02-02-01-01-09.wav,9,male,02,calm,strong,1,1
data/raw/ravdess/Actor_09/03-01-02-02-01-02-09.wav,03-01-02-02-01-02-09.wav,9,male,02,calm,strong,1,2
data/raw/ravdess/Actor_09/03-01-02-02-02-01-09.wav,03-01-02-02-02-01-09.wav,9,male,02,calm,strong,2,1
data/raw/ravdess/Actor_09/03-01-02-02-02-02-09.wav,03-01-02-02-02-02-09.wav,9,male,02,calm,strong,2,2
data/raw/ravdess/Actor_09/03-01-03-01-01-01-09.wav,03-01-03-01-01-01-09.wav,9,male,03,happy,normal,1,1
data/raw/ravdess/Actor_09/03-01-03-01-01-02-09.wav,03-01-03-01-01-02-09.wav,9,male,03,happy,normal,1,2
data/raw/ravdess/Actor_09/03-01-03-01-02-01-09.wav,03-01-03-01-02-01-09.wav,9,male,03,happy,normal,2,1
data/raw/ravdess/Actor_09/03-01-03-01-02-02-09.wav,03-01-03-01-02-02-09.wav,9,male,03,happy,normal,2,2
data/raw/ravdess/Actor_09/03-01-03-02-01-01-09.wav,03-01-03-02-01-01-09.wav,9,male,03,happy,strong,1,1
data/raw/ravdess/Actor_09/03-01-03-02-01-02-09.wav,03-01-03-02-01-02-09.wav,9,male,03,happy,strong,1,2
data/raw/ravdess/Actor_09/03-01-03-02-02-01-09.wav,03-01-03-02-02-01-09.wav,9,male,03,happy,strong,2,1
data/raw/ravdess/Actor_09/03-01-03-02-02-02-09.wav,03-01-03-02-02-02-09.wav,9,male,03,happy,strong,2,2
data/raw/ravdess/Actor_09/03-01-04-01-01-01-09.wav,03-01-04-01-01-01-09.wav,9,male,04,sad,normal,1,1
data/raw/ravdess/Actor_09/03-01-04-01-01-02-09.wav,03-01-04-01-01-02-09.wav,9,male,04,sad,normal,1,2
data/raw/ravdess/Actor_09/03-01-04-01-02-01-09.wav,03-01-04-01-02-01-09.wav,9,male,04,sad,normal,2,1
data/raw/ravdess/Actor_09/03-01-04-01-02-02-09.wav,03-01-04-01-02-02-09.wav,9,male,04,sad,normal,2,2
data/raw/ravdess/Actor_09/03-01-04-02-01-01-09.wav,03-01-04-02-01-01-09.wav,9,male,04,sad,strong,1,1
data/raw/ravdess/Actor_09/03-01-04-02-01-02-09.wav,03-01-04-02-01-02-09.wav,9,male,04,sad,strong,1,2
data/raw/ravdess/Actor_09/03-01-04-02-02-01-09.wav,03-01-04-02-02-01-09.wav,9,male,04,sad,strong,2,1
data/raw/ravdess/Actor_09/03-01-04-02-02-02-09.wav,03-01-04-02-02-02-09.wav,9,male,04,sad,strong,2,2
data/raw/ravdess/Actor_09/03-01-05-01-01-01-09.wav,03-01-05-01-01-01-09.wav,9,male,05,angry,normal,1,1
data/raw/ravdess/Actor_09/03-01-05-01-01-02-09.wav,03-01-05-01-01-02-09.wav,9,male,05,angry,normal,1,2
data/raw/ravdess/Actor_09/03-01-05-01-02-01-09.wav,03-01-05-01-02-01-09.wav,9,male,05,angry,normal,2,1
data/raw/ravdess/Actor_09/03-01-05-01-02-02-09.wav,03-01-05-01-02-02-09.wav,9,male,05,angry,normal,2,2
data/raw/ravdess/Actor_09/03-01-05-02-01-01-09.wav,03-01-05-02-01-01-09.wav,9,male,05,angry,strong,1,1
data/raw/ravdess/Actor_09/03-01-05-02-01-02-09.wav,03-01-05-02-01-02-09.wav,9,male,05,angry,strong,1,2
data/raw/ravdess/Actor_09/03-01-05-02-02-01-09.wav,03-01-05-02-02-01-09.wav,9,male,05,angry,strong,2,1
data/raw/ravdess/Actor_09/03-01-05-02-02-02-09.wav,03-01-05-02-02-02-09.wav,9,male,05,angry,strong,2,2
data/raw/ravdess/Actor_09/03-01-06-01-01-01-09.wav,03-01-06-01-01-01-09.wav,9,male,06,fearful,normal,1,1
data/raw/ravdess/Actor_09/03-01-06-01-01-02-09.wav,03-01-06-01-01-02-09.wav,9,male,06,fearful,normal,1,2
data/raw/ravdess/Actor_09/03-01-06-01-02-01-09.wav,03-01-06-01-02-01-09.wav,9,male,06,fearful,normal,2,1
data/raw/ravdess/Actor_09/03-01-06-01-02-02-09.wav,03-01-06-01-02-02-09.wav,9,male,06,fearful,normal,2,2
data/raw/ravdess/Actor_09/03-01-06-02-01-01-09.wav,03-01-06-02-01-01-09.wav,9,male,06,fearful,strong,1,1
data/raw/ravdess/Actor_09/03-01-06-02-01-02-09.wav,03-01-06-02-01-02-09.wav,9,male,06,fearful,strong,1,2
data/raw/ravdess/Actor_09/03-01-06-02-02-01-09.wav,03-01-06-02-02-01-09.wav,9,male,06,fearful,strong,2,1
data/raw/ravdess/Actor_09/03-01-06-02-02-02-09.wav,03-01-06-02-02-02-09.wav,9,male,06,fearful,strong,2,2
data/raw/ravdess/Actor_09/03-01-07-01-01-01-09.wav,03-01-07-01-01-01-09.wav,9,male,07,disgust,normal,1,1
data/raw/ravdess/Actor_09/03-01-07-01-01-02-09.wav,03-01-07-01-01-02-09.wav,9,male,07,disgust,normal,1,2
data/raw/ravdess/Actor_09/03-01-07-01-02-01-09.wav,03-01-07-01-02-01-09.wav,9,male,07,disgust,normal,2,1
data/raw/ravdess/Actor_09/03-01-07-01-02-02-09.wav,03-01-07-01-02-02-09.wav,9,male,07,disgust,normal,2,2
data/raw/ravdess/Actor_09/03-01-07-02-01-01-09.wav,03-01-07-02-01-01-09.wav,9,male,07,disgust,strong,1,1
data/raw/ravdess/Actor_09/03-01-07-02-01-02-09.wav,03-01-07-02-01-02-09.wav,9,male,07,disgust,strong,1,2
data/raw/ravdess/Actor_09/03-01-07-02-02-01-09.wav,03-01-07-02-02-01-09.wav,9,male,07,disgust,strong,2,1
data/raw/ravdess/Actor_09/03-01-07-02-02-02-09.wav,03-01-07-02-02-02-09.wav,9,male,07,disgust,strong,2,2
data/raw/ravdess/Actor_09/03-01-08-01-01-01-09.wav,03-01-08-01-01-01-09.wav,9,male,08,surprised,normal,1,1
data/raw/ravdess/Actor_09/03-01-08-01-01-02-09.wav,03-01-08-01-01-02-09.wav,9,male,08,surprised,normal,1,2
data/raw/ravdess/Actor_09/03-01-08-01-02-01-09.wav,03-01-08-01-02-01-09.wav,9,male,08,surprised,normal,2,1
data/raw/ravdess/Actor_09/03-01-08-01-02-02-09.wav,03-01-08-01-02-02-09.wav,9,male,08,surprised,normal,2,2
data/raw/ravdess/Actor_09/03-01-08-02-01-01-09.wav,03-01-08-02-01-01-09.wav,9,male,08,surprised,strong,1,1
data/raw/ravdess/Actor_09/03-01-08-02-01-02-09.wav,03-01-08-02-01-02-09.wav,9,male,08,surprised,strong,1,2
data/raw/ravdess/Actor_09/03-01-08-02-02-01-09.wav,03-01-08-02-02-01-09.wav,9,male,08,surprised,strong,2,1
data/raw/ravdess/Actor_09/03-01-08-02-02-02-09.wav,03-01-08-02-02-02-09.wav,9,male,08,surprised,strong,2,2
data/raw/ravdess/Actor_10/03-01-01-01-01-01-10.wav,03-01-01-01-01-01-10.wav,10,female,01,neutral,normal,1,1
data/raw/ravdess/Actor_10/03-01-01-01-01-02-10.wav,03-01-01-01-01-02-10.wav,10,female,01,neutral,normal,1,2
data/raw/ravdess/Actor_10/03-01-01-01-02-01-10.wav,03-01-01-01-02-01-10.wav,10,female,01,neutral,normal,2,1
data/raw/ravdess/Actor_10/03-01-01-01-02-02-10.wav,03-01-01-01-02-02-10.wav,10,female,01,neutral,normal,2,2
data/raw/ravdess/Actor_10/03-01-02-01-01-01-10.wav,03-01-02-01-01-01-10.wav,10,female,02,calm,normal,1,1
data/raw/ravdess/Actor_10/03-01-02-01-01-02-10.wav,03-01-02-01-01-02-10.wav,10,female,02,calm,normal,1,2
data/raw/ravdess/Actor_10/03-01-02-01-02-01-10.wav,03-01-02-01-02-01-10.wav,10,female,02,calm,normal,2,1
data/raw/ravdess/Actor_10/03-01-02-01-02-02-10.wav,03-01-02-01-02-02-10.wav,10,female,02,calm,normal,2,2
data/raw/ravdess/Actor_10/03-01-02-02-01-01-10.wav,03-01-02-02-01-01-10.wav,10,female,02,calm,strong,1,1
data/raw/ravdess/Actor_10/03-01-02-02-01-02-10.wav,03-01-02-02-01-02-10.wav,10,female,02,calm,strong,1,2
data/raw/ravdess/Actor_10/03-01-02-02-02-01-10.wav,03-01-02-02-02-01-10.wav,10,female,02,calm,strong,2,1
data/raw/ravdess/Actor_10/03-01-02-02-02-02-10.wav,03-01-02-02-02-02-10.wav,10,female,02,calm,strong,2,2
data/raw/ravdess/Actor_10/03-01-03-01-01-01-10.wav,03-01-03-01-01-01-10.wav,10,female,03,happy,normal,1,1
data/raw/ravdess/Actor_10/03-01-03-01-01-02-10.wav,03-01-03-01-01-02-10.wav,10,female,03,happy,normal,1,2
data/raw/ravdess/Actor_10/03-01-03-01-02-01-10.wav,03-01-03-01-02-01-10.wav,10,female,03,happy,normal,2,1
data/raw/ravdess/Actor_10/03-01-03-01-02-02-10.wav,03-01-03-01-02-02-10.wav,10,female,03,happy,normal,2,2
data/raw/ravdess/Actor_10/03-01-03-02-01-01-10.wav,03-01-03-02-01-01-10.wav,10,female,03,happy,strong,1,1
data/raw/ravdess/Actor_10/03-01-03-02-01-02-10.wav,03-01-03-02-01-02-10.wav,10,female,03,happy,strong,1,2
data/raw/ravdess/Actor_10/03-01-03-02-02-01-10.wav,03-01-03-02-02-01-10.wav,10,female,03,happy,strong,2,1
data/raw/ravdess/Actor_10/03-01-03-02-02-02-10.wav,03-01-03-02-02-02-10.wav,10,female,03,happy,strong,2,2
data/raw/ravdess/Actor_10/03-01-04-01-01-01-10.wav,03-01-04-01-01-01-10.wav,10,female,04,sad,normal,1,1
data/raw/ravdess/Actor_10/03-01-04-01-01-02-10.wav,03-01-04-01-01-02-10.wav,10,female,04,sad,normal,1,2
data/raw/ravdess/Actor_10/03-01-04-01-02-01-10.wav,03-01-04-01-02-01-10.wav,10,female,04,sad,normal,2,1
data/raw/ravdess/Actor_10/03-01-04-01-02-02-10.wav,03-01-04-01-02-02-10.wav,10,female,04,sad,normal,2,2
data/raw/ravdess/Actor_10/03-01-04-02-01-01-10.wav,03-01-04-02-01-01-10.wav,10,female,04,sad,strong,1,1
data/raw/ravdess/Actor_10/03-01-04-02-01-02-10.wav,03-01-04-02-01-02-10.wav,10,female,04,sad,strong,1,2
data/raw/ravdess/Actor_10/03-01-04-02-02-01-10.wav,03-01-04-02-02-01-10.wav,10,female,04,sad,strong,2,1
data/raw/ravdess/Actor_10/03-01-04-02-02-02-10.wav,03-01-04-02-02-02-10.wav,10,female,04,sad,strong,2,2
data/raw/ravdess/Actor_10/03-01-05-01-01-01-10.wav,03-01-05-01-01-01-10.wav,10,female,05,angry,normal,1,1
data/raw/ravdess/Actor_10/03-01-05-01-01-02-10.wav,03-01-05-01-01-02-10.wav,10,female,05,angry,normal,1,2
data/raw/ravdess/Actor_10/03-01-05-01-02-01-10.wav,03-01-05-01-02-01-10.wav,10,female,05,angry,normal,2,1
data/raw/ravdess/Actor_10/03-01-05-01-02-02-10.wav,03-01-05-01-02-02-10.wav,10,female,05,angry,normal,2,2
data/raw/ravdess/Actor_10/03-01-05-02-01-01-10.wav,03-01-05-02-01-01-10.wav,10,female,05,angry,strong,1,1
data/raw/ravdess/Actor_10/03-01-05-02-01-02-10.wav,03-01-05-02-01-02-10.wav,10,female,05,angry,strong,1,2
data/raw/ravdess/Actor_10/03-01-05-02-02-01-10.wav,03-01-05-02-02-01-10.wav,10,female,05,angry,strong,2,1
data/raw/ravdess/Actor_10/03-01-05-02-02-02-10.wav,03-01-05-02-02-02-10.wav,10,female,05,angry,strong,2,2
data/raw/ravdess/Actor_10/03-01-06-01-01-01-10.wav,03-01-06-01-01-01-10.wav,10,female,06,fearful,normal,1,1
data/raw/ravdess/Actor_10/03-01-06-01-01-02-10.wav,03-01-06-01-01-02-10.wav,10,female,06,fearful,normal,1,2
data/raw/ravdess/Actor_10/03-01-06-01-02-01-10.wav,03-01-06-01-02-01-10.wav,10,female,06,fearful,normal,2,1
data/raw/ravdess/Actor_10/03-01-06-01-02-02-10.wav,03-01-06-01-02-02-10.wav,10,female,06,fearful,normal,2,2
data/raw/ravdess/Actor_10/03-01-06-02-01-01-10.wav,03-01-06-02-01-01-10.wav,10,female,06,fearful,strong,1,1
data/raw/ravdess/Actor_10/03-01-06-02-01-02-10.wav,03-01-06-02-01-02-10.wav,10,female,06,fearful,strong,1,2
data/raw/ravdess/Actor_10/03-01-06-02-02-01-10.wav,03-01-06-02-02-01-10.wav,10,female,06,fearful,strong,2,1
data/raw/ravdess/Actor_10/03-01-06-02-02-02-10.wav,03-01-06-02-02-02-10.wav,10,female,06,fearful,strong,2,2
data/raw/ravdess/Actor_10/03-01-07-01-01-01-10.wav,03-01-07-01-01-01-10.wav,10,female,07,disgust,normal,1,1
data/raw/ravdess/Actor_10/03-01-07-01-01-02-10.wav,03-01-07-01-01-02-10.wav,10,female,07,disgust,normal,1,2
data/raw/ravdess/Actor_10/03-01-07-01-02-01-10.wav,03-01-07-01-02-01-10.wav,10,female,07,disgust,normal,2,1
data/raw/ravdess/Actor_10/03-01-07-01-02-02-10.wav,03-01-07-01-02-02-10.wav,10,female,07,disgust,normal,2,2
data/raw/ravdess/Actor_10/03-01-07-02-01-01-10.wav,03-01-07-02-01-01-10.wav,10,female,07,disgust,strong,1,1
data/raw/ravdess/Actor_10/03-01-07-02-01-02-10.wav,03-01-07-02-01-02-10.wav,10,female,07,disgust,strong,1,2
data/raw/ravdess/Actor_10/03-01-07-02-02-01-10.wav,03-01-07-02-02-01-10.wav,10,female,07,disgust,strong,2,1
data/raw/ravdess/Actor_10/03-01-07-02-02-02-10.wav,03-01-07-02-02-02-10.wav,10,female,07,disgust,strong,2,2
data/raw/ravdess/Actor_10/03-01-08-01-01-01-10.wav,03-01-08-01-01-01-10.wav,10,female,08,surprised,normal,1,1
data/raw/ravdess/Actor_10/03-01-08-01-01-02-10.wav,03-01-08-01-01-02-10.wav,10,female,08,surprised,normal,1,2
data/raw/ravdess/Actor_10/03-01-08-01-02-01-10.wav,03-01-08-01-02-01-10.wav,10,female,08,surprised,normal,2,1
data/raw/ravdess/Actor_10/03-01-08-01-02-02-10.wav,03-01-08-01-02-02-10.wav,10,female,08,surprised,normal,2,2
data/raw/ravdess/Actor_10/03-01-08-02-01-01-10.wav,03-01-08-02-01-01-10.wav,10,female,08,surprised,strong,1,1
data/raw/ravdess/Actor_10/03-01-08-02-01-02-10.wav,03-01-08-02-01-02-10.wav,10,female,08,surprised,strong,1,2
data/raw/ravdess/Actor_10/03-01-08-02-02-01-10.wav,03-01-08-02-02-01-10.wav,10,female,08,surprised,strong,2,1
data/raw/ravdess/Actor_10/03-01-08-02-02-02-10.wav,03-01-08-02-02-02-10.wav,10,female,08,surprised,strong,2,2
data/raw/ravdess/Actor_11/03-01-01-01-01-01-11.wav,03-01-01-01-01-01-11.wav,11,male,01,neutral,normal,1,1
data/raw/ravdess/Actor_11/03-01-01-01-01-02-11.wav,03-01-01-01-01-02-11.wav,11,male,01,neutral,normal,1,2
data/raw/ravdess/Actor_11/03-01-01-01-02-01-11.wav,03-01-01-01-02-01-11.wav,11,male,01,neutral,normal,2,1
data/raw/ravdess/Actor_11/03-01-01-01-02-02-11.wav,03-01-01-01-02-02-11.wav,11,male,01,neutral,normal,2,2
data/raw/ravdess/Actor_11/03-01-02-01-01-01-11.wav,03-01-02-01-01-01-11.wav,11,male,02,calm,normal,1,1
data/raw/ravdess/Actor_11/03-01-02-01-01-02-11.wav,03-01-02-01-01-02-11.wav,11,male,02,calm,normal,1,2
data/raw/ravdess/Actor_11/03-01-02-01-02-01-11.wav,03-01-02-01-02-01-11.wav,11,male,02,calm,normal,2,1
data/raw/ravdess/Actor_11/03-01-02-01-02-02-11.wav,03-01-02-01-02-02-11.wav,11,male,02,calm,normal,2,2
data/raw/ravdess/Actor_11/03-01-02-02-01-01-11.wav,03-01-02-02-01-01-11.wav,11,male,02,calm,strong,1,1
data/raw/ravdess/Actor_11/03-01-02-02-01-02-11.wav,03-01-02-02-01-02-11.wav,11,male,02,calm,strong,1,2
data/raw/ravdess/Actor_11/03-01-02-02-02-01-11.wav,03-01-02-02-02-01-11.wav,11,male,02,calm,strong,2,1
data/raw/ravdess/Actor_11/03-01-02-02-02-02-11.wav,03-01-02-02-02-02-11.wav,11,male,02,calm,strong,2,2
data/raw/ravdess/Actor_11/03-01-03-01-01-01-11.wav,03-01-03-01-01-01-11.wav,11,male,03,happy,normal,1,1
data/raw/ravdess/Actor_11/03-01-03-01-01-02-11.wav,03-01-03-01-01-02-11.wav,11,male,03,happy,normal,1,2
data/raw/ravdess/Actor_11/03-01-03-01-02-01-11.wav,03-01-03-01-02-01-11.wav,11,male,03,happy,normal,2,1
data/raw/ravdess/Actor_11/03-01-03-01-02-02-11.wav,03-01-03-01-02-02-11.wav,11,male,03,happy,normal,2,2
data/raw/ravdess/Actor_11/03-01-03-02-01-01-11.wav,03-01-03-02-01-01-11.wav,11,male,03,happy,strong,1,1
data/raw/ravdess/Actor_11/03-01-03-02-01-02-11.wav,03-01-03-02-01-02-11.wav,11,male,03,happy,strong,1,2
data/raw/ravdess/Actor_11/03-01-03-02-02-01-11.wav,03-01-03-02-02-01-11.wav,11,male,03,happy,strong,2,1
data/raw/ravdess/Actor_11/03-01-03-02-02-02-11.wav,03-01-03-02-02-02-11.wav,11,male,03,happy,strong,2,2
data/raw/ravdess/Actor_11/03-01-04-01-01-01-11.wav,03-01-04-01-01-01-11.wav,11,male,04,sad,normal,1,1
data/raw/ravdess/Actor_11/03-01-04-01-01-02-11.wav,03-01-04-01-01-02-11.wav,11,male,04,sad,normal,1,2
data/raw/ravdess/Actor_11/03-01-04-01-02-01-11.wav,03-01-04-01-02-01-11.wav,11,male,04,sad,normal,2,1
data/raw/ravdess/Actor_11/03-01-04-01-02-02-11.wav,03-01-04-01-02-02-11.wav,11,male,04,sad,normal,2,2
data/raw/ravdess/Actor_11/03-01-04-02-01-01-11.wav,03-01-04-02-01-01-11.wav,11,male,04,sad,strong,1,1
data/raw/ravdess/Actor_11/03-01-04-02-01-02-11.wav,03-01-04-02-01-02-11.wav,11,male,04,sad,strong,1,2
data/raw/ravdess/Actor_11/03-01-04-02-02-01-11.wav,03-01-04-02-02-01-11.wav,11,male,04,sad,strong,2,1
data/raw/ravdess/Actor_11/03-01-04-02-02-02-11.wav,03-01-04-02-02-02-11.wav,11,male,04,sad,strong,2,2
data/raw/ravdess/Actor_11/03-01-05-01-01-01-11.wav,03-01-05-01-01-01-11.wav,11,male,05,angry,normal,1,1
data/raw/ravdess/Actor_11/03-01-05-01-01-02-11.wav,03-01-05-01-01-02-11.wav,11,male,05,angry,normal,1,2
data/raw/ravdess/Actor_11/03-01-05-01-02-01-11.wav,03-01-05-01-02-01-11.wav,11,male,05,angry,normal,2,1
data/raw/ravdess/Actor_11/03-01-05-01-02-02-11.wav,03-01-05-01-02-02-11.wav,11,male,05,angry,normal,2,2
data/raw/ravdess/Actor_11/03-01-05-02-01-01-11.wav,03-01-05-02-01-01-11.wav,11,male,05,angry,strong,1,1
data/raw/ravdess/Actor_11/03-01-05-02-01-02-11.wav,03-01-05-02-01-02-11.wav,11,male,05,angry,strong,1,2
data/raw/ravdess/Actor_11/03-01-05-02-02-01-11.wav,03-01-05-02-02-01-11.wav,11,male,05,angry,strong,2,1
data/raw/ravdess/Actor_11/03-01-05-02-02-02-11.wav,03-01-05-02-02-02-11.wav,11,male,05,angry,strong,2,2
data/raw/ravdess/Actor_11/03-01-06-01-01-01-11.wav,03-01-06-01-01-01-11.wav,11,male,06,fearful,normal,1,1
data/raw/ravdess/Actor_11/03-01-06-01-01-02-11.wav,03-01-06-01-01-02-11.wav,11,male,06,fearful,normal,1,2
data/raw/ravdess/Actor_11/03-01-06-01-02-01-11.wav,03-01-06-01-02-01-11.wav,11,male,06,fearful,normal,2,1
data/raw/ravdess/Actor_11/03-01-06-01-02-02-11.wav,03-01-06-01-02-02-11.wav,11,male,06,fearful,normal,2,2
data/raw/ravdess/Actor_11/03-01-06-02-01-01-11.wav,03-01-06-02-01-01-11.wav,11,male,06,fearful,strong,1,1
data/raw/ravdess/Actor_11/03-01-06-02-01-02-11.wav,03-01-06-02-01-02-11.wav,11,male,06,fearful,strong,1,2
data/raw/ravdess/Actor_11/03-01-06-02-02-01-11.wav,03-01-06-02-02-01-11.wav,11,male,06,fearful,strong,2,1
data/raw/ravdess/Actor_11/03-01-06-02-02-02-11.wav,03-01-06-02-02-02-11.wav,11,male,06,fearful,strong,2,2
data/raw/ravdess/Actor_11/03-01-07-01-01-01-11.wav,03-01-07-01-01-01-11.wav,11,male,07,disgust,normal,1,1
data/raw/ravdess/Actor_11/03-01-07-01-01-02-11.wav,03-01-07-01-01-02-11.wav,11,male,07,disgust,normal,1,2
data/raw/ravdess/Actor_11/03-01-07-01-02-01-11.wav,03-01-07-01-02-01-11.wav,11,male,07,disgust,normal,2,1
data/raw/ravdess/Actor_11/03-01-07-01-02-02-11.wav,03-01-07-01-02-02-11.wav,11,male,07,disgust,normal,2,2
data/raw/ravdess/Actor_11/03-01-07-02-01-01-11.wav,03-01-07-02-01-01-11.wav,11,male,07,disgust,strong,1,1
data/raw/ravdess/Actor_11/03-01-07-02-01-02-11.wav,03-01-07-02-01-02-11.wav,11,male,07,disgust,strong,1,2
data/raw/ravdess/Actor_11/03-01-07-02-02-01-11.wav,03-01-07-02-02-01-11.wav,11,male,07,disgust,strong,2,1
data/raw/ravdess/Actor_11/03-01-07-02-02-02-11.wav,03-01-07-02-02-02-11.wav,11,male,07,disgust,strong,2,2
data/raw/ravdess/Actor_11/03-01-08-01-01-01-11.wav,03-01-08-01-01-01-11.wav,11,male,08,surprised,normal,1,1
data/raw/ravdess/Actor_11/03-01-08-01-01-02-11.wav,03-01-08-01-01-02-11.wav,11,male,08,surprised,normal,1,2
data/raw/ravdess/Actor_11/03-01-08-01-02-01-11.wav,03-01-08-01-02-01-11.wav,11,male,08,surprised,normal,2,1
data/raw/ravdess/Actor_11/03-01-08-01-02-02-11.wav,03-01-08-01-02-02-11.wav,11,male,08,surprised,normal,2,2
data/raw/ravdess/Actor_11/03-01-08-02-01-01-11.wav,03-01-08-02-01-01-11.wav,11,male,08,surprised,strong,1,1
data/raw/ravdess/Actor_11/03-01-08-02-01-02-11.wav,03-01-08-02-01-02-11.wav,11,male,08,surprised,strong,1,2
data/raw/ravdess/Actor_11/03-01-08-02-02-01-11.wav,03-01-08-02-02-01-11.wav,11,male,08,surprised,strong,2,1
data/raw/ravdess/Actor_11/03-01-08-02-02-02-11.wav,03-01-08-02-02-02-11.wav,11,male,08,surprised,strong,2,2
data/raw/ravdess/Actor_12/03-01-01-01-01-01-12.wav,03-01-01-01-01-01-12.wav,12,female,01,neutral,normal,1,1
data/raw/ravdess/Actor_12/03-01-01-01-01-02-12.wav,03-01-01-01-01-02-12.wav,12,female,01,neutral,normal,1,2
data/raw/ravdess/Actor_12/03-01-01-01-02-01-12.wav,03-01-01-01-02-01-12.wav,12,female,01,neutral,normal,2,1
data/raw/ravdess/Actor_12/03-01-01-01-02-02-12.wav,03-01-01-01-02-02-12.wav,12,female,01,neutral,normal,2,2
data/raw/ravdess/Actor_12/03-01-02-01-01-01-12.wav,03-01-02-01-01-01-12.wav,12,female,02,calm,normal,1,1
data/raw/ravdess/Actor_12/03-01-02-01-01-02-12.wav,03-01-02-01-01-02-12.wav,12,female,02,calm,normal,1,2
data/raw/ravdess/Actor_12/03-01-02-01-02-01-12.wav,03-01-02-01-02-01-12.wav,12,female,02,calm,normal,2,1
data/raw/ravdess/Actor_12/03-01-02-01-02-02-12.wav,03-01-02-01-02-02-12.wav,12,female,02,calm,normal,2,2
data/raw/ravdess/Actor_12/03-01-02-02-01-01-12.wav,03-01-02-02-01-01-12.wav,12,female,02,calm,strong,1,1
data/raw/ravdess/Actor_12/03-01-02-02-01-02-12.wav,03-01-02-02-01-02-12.wav,12,female,02,calm,strong,1,2
data/raw/ravdess/Actor_12/03-01-02-02-02-01-12.wav,03-01-02-02-02-01-12.wav,12,female,02,calm,strong,2,1
data/raw/ravdess/Actor_12/03-01-02-02-02-02-12.wav,03-01-02-02-02-02-12.wav,12,female,02,calm,strong,2,2
data/raw/ravdess/Actor_12/03-01-03-01-01-01-12.wav,03-01-03-01-01-01-12.wav,12,female,03,happy,normal,1,1
data/raw/ravdess/Actor_12/03-01-03-01-01-02-12.wav,03-01-03-01-01-02-12.wav,12,female,03,happy,normal,1,2
data/raw/ravdess/Actor_12/03-01-03-01-02-01-12.wav,03-01-03-01-02-01-12.wav,12,female,03,happy,normal,2,1
data/raw/ravdess/Actor_12/03-01-03-01-02-02-12.wav,03-01-03-01-02-02-12.wav,12,female,03,happy,normal,2,2
data/raw/ravdess/Actor_12/03-01-03-02-01-01-12.wav,03-01-03-02-01-01-12.wav,12,female,03,happy,strong,1,1
data/raw/ravdess/Actor_12/03-01-03-02-01-02-12.wav,03-01-03-02-01-02-12.wav,12,female,03,happy,strong,1,2
data/raw/ravdess/Actor_12/03-01-03-02-02-01-12.wav,03-01-03-02-02-01-12.wav,12,female,03,happy,strong,2,1
data/raw/ravdess/Actor_12/03-01-03-02-02-02-12.wav,03-01-03-02-02-02-12.wav,12,female,03,happy,strong,2,2
data/raw/ravdess/Actor_12/03-01-04-01-01-01-12.wav,03-01-04-01-01-01-12.wav,12,female,04,sad,normal,1,1
data/raw/ravdess/Actor_12/03-01-04-01-01-02-12.wav,03-01-04-01-01-02-12.wav,12,female,04,sad,normal,1,2
data/raw/ravdess/Actor_12/03-01-04-01-02-01-12.wav,03-01-04-01-02-01-12.wav,12,female,04,sad,normal,2,1
data/raw/ravdess/Actor_12/03-01-04-01-02-02-12.wav,03-01-04-01-02-02-12.wav,12,female,04,sad,normal,2,2
data/raw/ravdess/Actor_12/03-01-04-02-01-01-12.wav,03-01-04-02-01-01-12.wav,12,female,04,sad,strong,1,1
data/raw/ravdess/Actor_12/03-01-04-02-01-02-12.wav,03-01-04-02-01-02-12.wav,12,female,04,sad,strong,1,2
data/raw/ravdess/Actor_12/03-01-04-02-02-01-12.wav,03-01-04-02-02-01-12.wav,12,female,04,sad,strong,2,1
data/raw/ravdess/Actor_12/03-01-04-02-02-02-12.wav,03-01-04-02-02-02-12.wav,12,female,04,sad,strong,2,2
data/raw/ravdess/Actor_12/03-01-05-01-01-01-12.wav,03-01-05-01-01-01-12.wav,12,female,05,angry,normal,1,1
data/raw/ravdess/Actor_12/03-01-05-01-01-02-12.wav,03-01-05-01-01-02-12.wav,12,female,05,angry,normal,1,2
data/raw/ravdess/Actor_12/03-01-05-01-02-01-12.wav,03-01-05-01-02-01-12.wav,12,female,05,angry,normal,2,1
data/raw/ravdess/Actor_12/03-01-05-01-02-02-12.wav,03-01-05-01-02-02-12.wav,12,female,05,angry,normal,2,2
data/raw/ravdess/Actor_12/03-01-05-02-01-01-12.wav,03-01-05-02-01-01-12.wav,12,female,05,angry,strong,1,1
data/raw/ravdess/Actor_12/03-01-05-02-01-02-12.wav,03-01-05-02-01-02-12.wav,12,female,05,angry,strong,1,2
data/raw/ravdess/Actor_12/03-01-05-02-02-01-12.wav,03-01-05-02-02-01-12.wav,12,female,05,angry,strong,2,1
data/raw/ravdess/Actor_12/03-01-05-02-02-02-12.wav,03-01-05-02-02-02-12.wav,12,female,05,angry,strong,2,2
data/raw/ravdess/Actor_12/03-01-06-01-01-01-12.wav,03-01-06-01-01-01-12.wav,12,female,06,fearful,normal,1,1
data/raw/ravdess/Actor_12/03-01-06-01-01-02-12.wav,03-01-06-01-01-02-12.wav,12,female,06,fearful,normal,1,2
data/raw/ravdess/Actor_12/03-01-06-01-02-01-12.wav,03-01-06-01-02-01-12.wav,12,female,06,fearful,normal,2,1
data/raw/ravdess/Actor_12/03-01-06-01-02-02-12.wav,03-01-06-01-02-02-12.wav,12,female,06,fearful,normal,2,2
data/raw/ravdess/Actor_12/03-01-06-02-01-01-12.wav,03-01-06-02-01-01-12.wav,12,female,06,fearful,strong,1,1
data/raw/ravdess/Actor_12/03-01-06-02-01-02-12.wav,03-01-06-02-01-02-12.wav,12,female,06,fearful,strong,1,2
data/raw/ravdess/Actor_12/03-01-06-02-02-01-12.wav,03-01-06-02-02-01-12.wav,12,female,06,fearful,strong,2,1
data/raw/ravdess/Actor_12/03-01-06-02-02-02-12.wav,03-01-06-02-02-02-12.wav,12,female,06,fearful,strong,2,2
data/raw/ravdess/Actor_12/03-01-07-01-01-01-12.wav,03-01-07-01-01-01-12.wav,12,female,07,disgust,normal,1,1
data/raw/ravdess/Actor_12/03-01-07-01-01-02-12.wav,03-01-07-01-01-02-12.wav,12,female,07,disgust,normal,1,2
data/raw/ravdess/Actor_12/03-01-07-01-02-01-12.wav,03-01-07-01-02-01-12.wav,12,female,07,disgust,normal,2,1
data/raw/ravdess/Actor_12/03-01-07-01-02-02-12.wav,03-01-07-01-02-02-12.wav,12,female,07,disgust,normal,2,2
data/raw/ravdess/Actor_12/03-01-07-02-01-01-12.wav,03-01-07-02-01-01-12.wav,12,female,07,disgust,strong,1,1
data/raw/ravdess/Actor_12/03-01-07-02-01-02-12.wav,03-01-07-02-01-02-12.wav,12,female,07,disgust,strong,1,2
data/raw/ravdess/Actor_12/03-01-07-02-02-01-12.wav,03-01-07-02-02-01-12.wav,12,female,07,disgust,strong,2,1
data/raw/ravdess/Actor_12/03-01-07-02-02-02-12.wav,03-01-07-02-02-02-12.wav,12,female,07,disgust,strong,2,2
data/raw/ravdess/Actor_12/03-01-08-01-01-01-12.wav,03-01-08-01-01-01-12.wav,12,female,08,surprised,normal,1,1
data/raw/ravdess/Actor_12/03-01-08-01-01-02-12.wav,03-01-08-01-01-02-12.wav,12,female,08,surprised,normal,1,2
data/raw/ravdess/Actor_12/03-01-08-01-02-01-12.wav,03-01-08-01-02-01-12.wav,12,female,08,surprised,normal,2,1
data/raw/ravdess/Actor_12/03-01-08-01-02-02-12.wav,03-01-08-01-02-02-12.wav,12,female,08,surprised,normal,2,2
data/raw/ravdess/Actor_12/03-01-08-02-01-01-12.wav,03-01-08-02-01-01-12.wav,12,female,08,surprised,strong,1,1
data/raw/ravdess/Actor_12/03-01-08-02-01-02-12.wav,03-01-08-02-01-02-12.wav,12,female,08,surprised,strong,1,2
data/raw/ravdess/Actor_12/03-01-08-02-02-01-12.wav,03-01-08-02-02-01-12.wav,12,female,08,surprised,strong,2,1
data/raw/ravdess/Actor_12/03-01-08-02-02-02-12.wav,03-01-08-02-02-02-12.wav,12,female,08,surprised,strong,2,2
data/raw/ravdess/Actor_13/03-01-01-01-01-01-13.wav,03-01-01-01-01-01-13.wav,13,male,01,neutral,normal,1,1
data/raw/ravdess/Actor_13/03-01-01-01-01-02-13.wav,03-01-01-01-01-02-13.wav,13,male,01,neutral,normal,1,2
data/raw/ravdess/Actor_13/03-01-01-01-02-01-13.wav,03-01-01-01-02-01-13.wav,13,male,01,neutral,normal,2,1
data/raw/ravdess/Actor_13/03-01-01-01-02-02-13.wav,03-01-01-01-02-02-13.wav,13,male,01,neutral,normal,2,2
data/raw/ravdess/Actor_13/03-01-02-01-01-01-13.wav,03-01-02-01-01-01-13.wav,13,male,02,calm,normal,1,1
data/raw/ravdess/Actor_13/03-01-02-01-01-02-13.wav,03-01-02-01-01-02-13.wav,13,male,02,calm,normal,1,2
data/raw/ravdess/Actor_13/03-01-02-01-02-01-13.wav,03-01-02-01-02-01-13.wav,13,male,02,calm,normal,2,1
data/raw/ravdess/Actor_13/03-01-02-01-02-02-13.wav,03-01-02-01-02-02-13.wav,13,male,02,calm,normal,2,2
data/raw/ravdess/Actor_13/03-01-02-02-01-01-13.wav,03-01-02-02-01-01-13.wav,13,male,02,calm,strong,1,1
data/raw/ravdess/Actor_13/03-01-02-02-01-02-13.wav,03-01-02-02-01-02-13.wav,13,male,02,calm,strong,1,2
data/raw/ravdess/Actor_13/03-01-02-02-02-01-13.wav,03-01-02-02-02-01-13.wav,13,male,02,calm,strong,2,1
data/raw/ravdess/Actor_13/03-01-02-02-02-02-13.wav,03-01-02-02-02-02-13.wav,13,male,02,calm,strong,2,2
data/raw/ravdess/Actor_13/03-01-03-01-01-01-13.wav,03-01-03-01-01-01-13.wav,13,male,03,happy,normal,1,1
data/raw/ravdess/Actor_13/03-01-03-01-01-02-13.wav,03-01-03-01-01-02-13.wav,13,male,03,happy,normal,1,2
data/raw/ravdess/Actor_13/03-01-03-01-02-01-13.wav,03-01-03-01-02-01-13.wav,13,male,03,happy,normal,2,1
data/raw/ravdess/Actor_13/03-01-03-01-02-02-13.wav,03-01-03-01-02-02-13.wav,13,male,03,happy,normal,2,2
data/raw/ravdess/Actor_13/03-01-03-02-01-01-13.wav,03-01-03-02-01-01-13.wav,13,male,03,happy,strong,1,1
data/raw/ravdess/Actor_13/03-01-03-02-01-02-13.wav,03-01-03-02-01-02-13.wav,13,male,03,happy,strong,1,2
data/raw/ravdess/Actor_13/03-01-03-02-02-01-13.wav,03-01-03-02-02-01-13.wav,13,male,03,happy,strong,2,1
data/raw/ravdess/Actor_13/03-01-03-02-02-02-13.wav,03-01-03-02-02-02-13.wav,13,male,03,happy,strong,2,2
data/raw/ravdess/Actor_13/03-01-04-01-01-01-13.wav,03-01-04-01-01-01-13.wav,13,male,04,sad,normal,1,1
data/raw/ravdess/Actor_13/03-01-04-01-01-02-13.wav,03-01-04-01-01-02-13.wav,13,male,04,sad,normal,1,2
data/raw/ravdess/Actor_13/03-01-04-01-02-01-13.wav,03-01-04-01-02-01-13.wav,13,male,04,sad,normal,2,1
data/raw/ravdess/Actor_13/03-01-04-01-02-02-13.wav,03-01-04-01-02-02-13.wav,13,male,04,sad,normal,2,2
data/raw/ravdess/Actor_13/03-01-04-02-01-01-13.wav,03-01-04-02-01-01-13.wav,13,male,04,sad,strong,1,1
data/raw/ravdess/Actor_13/03-01-04-02-01-02-13.wav,03-01-04-02-01-02-13.wav,13,male,04,sad,strong,1,2
data/raw/ravdess/Actor_13/03-01-04-02-02-01-13.wav,03-01-04-02-02-01-13.wav,13,male,04,sad,strong,2,1
data/raw/ravdess/Actor_13/03-01-04-02-02-02-13.wav,03-01-04-02-02-02-13.wav,13,male,04,sad,strong,2,2
data/raw/ravdess/Actor_13/03-01-05-01-01-01-13.wav,03-01-05-01-01-01-13.wav,13,male,05,angry,normal,1,1
data/raw/ravdess/Actor_13/03-01-05-01-01-02-13.wav,03-01-05-01-01-02-13.wav,13,male,05,angry,normal,1,2
data/raw/ravdess/Actor_13/03-01-05-01-02-01-13.wav,03-01-05-01-02-01-13.wav,13,male,05,angry,normal,2,1
data/raw/ravdess/Actor_13/03-01-05-01-02-02-13.wav,03-01-05-01-02-02-13.wav,13,male,05,angry,normal,2,2
data/raw/ravdess/Actor_13/03-01-05-02-01-01-13.wav,03-01-05-02-01-01-13.wav,13,male,05,angry,strong,1,1
data/raw/ravdess/Actor_13/03-01-05-02-01-02-13.wav,03-01-05-02-01-02-13.wav,13,male,05,angry,strong,1,2
data/raw/ravdess/Actor_13/03-01-05-02-02-01-13.wav,03-01-05-02-02-01-13.wav,13,male,05,angry,strong,2,1
data/raw/ravdess/Actor_13/03-01-05-02-02-02-13.wav,03-01-05-02-02-02-13.wav,13,male,05,angry,strong,2,2
data/raw/ravdess/Actor_13/03-01-06-01-01-01-13.wav,03-01-06-01-01-01-13.wav,13,male,06,fearful,normal,1,1
data/raw/ravdess/Actor_13/03-01-06-01-01-02-13.wav,03-01-06-01-01-02-13.wav,13,male,06,fearful,normal,1,2
data/raw/ravdess/Actor_13/03-01-06-01-02-01-13.wav,03-01-06-01-02-01-13.wav,13,male,06,fearful,normal,2,1
data/raw/ravdess/Actor_13/03-01-06-01-02-02-13.wav,03-01-06-01-02-02-13.wav,13,male,06,fearful,normal,2,2
data/raw/ravdess/Actor_13/03-01-06-02-01-01-13.wav,03-01-06-02-01-01-13.wav,13,male,06,fearful,strong,1,1
data/raw/ravdess/Actor_13/03-01-06-02-01-02-13.wav,03-01-06-02-01-02-13.wav,13,male,06,fearful,strong,1,2
data/raw/ravdess/Actor_13/03-01-06-02-02-01-13.wav,03-01-06-02-02-01-13.wav,13,male,06,fearful,strong,2,1
data/raw/ravdess/Actor_13/03-01-06-02-02-02-13.wav,03-01-06-02-02-02-13.wav,13,male,06,fearful,strong,2,2
data/raw/ravdess/Actor_13/03-01-07-01-01-01-13.wav,03-01-07-01-01-01-13.wav,13,male,07,disgust,normal,1,1
data/raw/ravdess/Actor_13/03-01-07-01-01-02-13.wav,03-01-07-01-01-02-13.wav,13,male,07,disgust,normal,1,2
data/raw/ravdess/Actor_13/03-01-07-01-02-01-13.wav,03-01-07-01-02-01-13.wav,13,male,07,disgust,normal,2,1
data/raw/ravdess/Actor_13/03-01-07-01-02-02-13.wav,03-01-07-01-02-02-13.wav,13,male,07,disgust,normal,2,2
data/raw/ravdess/Actor_13/03-01-07-02-01-01-13.wav,03-01-07-02-01-01-13.wav,13,male,07,disgust,strong,1,1
data/raw/ravdess/Actor_13/03-01-07-02-01-02-13.wav,03-01-07-02-01-02-13.wav,13,male,07,disgust,strong,1,2
data/raw/ravdess/Actor_13/03-01-07-02-02-01-13.wav,03-01-07-02-02-01-13.wav,13,male,07,disgust,strong,2,1
data/raw/ravdess/Actor_13/03-01-07-02-02-02-13.wav,03-01-07-02-02-02-13.wav,13,male,07,disgust,strong,2,2
data/raw/ravdess/Actor_13/03-01-08-01-01-01-13.wav,03-01-08-01-01-01-13.wav,13,male,08,surprised,normal,1,1
data/raw/ravdess/Actor_13/03-01-08-01-01-02-13.wav,03-01-08-01-01-02-13.wav,13,male,08,surprised,normal,1,2
data/raw/ravdess/Actor_13/03-01-08-01-02-01-13.wav,03-01-08-01-02-01-13.wav,13,male,08,surprised,normal,2,1
data/raw/ravdess/Actor_13/03-01-08-01-02-02-13.wav,03-01-08-01-02-02-13.wav,13,male,08,surprised,normal,2,2
data/raw/ravdess/Actor_13/03-01-08-02-01-01-13.wav,03-01-08-02-01-01-13.wav,13,male,08,surprised,strong,1,1
data/raw/ravdess/Actor_13/03-01-08-02-01-02-13.wav,03-01-08-02-01-02-13.wav,13,male,08,surprised,strong,1,2
data/raw/ravdess/Actor_13/03-01-08-02-02-01-13.wav,03-01-08-02-02-01-13.wav,13,male,08,surprised,strong,2,1
data/raw/ravdess/Actor_13/03-01-08-02-02-02-13.wav,03-01-08-02-02-02-13.wav,13,male,08,surprised,strong,2,2
data/raw/ravdess/Actor_14/03-01-01-01-01-01-14.wav,03-01-01-01-01-01-14.wav,14,female,01,neutral,normal,1,1
data/raw/ravdess/Actor_14/03-01-01-01-01-02-14.wav,03-01-01-01-01-02-14.wav,14,female,01,neutral,normal,1,2
data/raw/ravdess/Actor_14/03-01-01-01-02-01-14.wav,03-01-01-01-02-01-14.wav,14,female,01,neutral,normal,2,1
data/raw/ravdess/Actor_14/03-01-01-01-02-02-14.wav,03-01-01-01-02-02-14.wav,14,female,01,neutral,normal,2,2
data/raw/ravdess/Actor_14/03-01-02-01-01-01-14.wav,03-01-02-01-01-01-14.wav,14,female,02,calm,normal,1,1
data/raw/ravdess/Actor_14/03-01-02-01-01-02-14.wav,03-01-02-01-01-02-14.wav,14,female,02,calm,normal,1,2
data/raw/ravdess/Actor_14/03-01-02-01-02-01-14.wav,03-01-02-01-02-01-14.wav,14,female,02,calm,normal,2,1
data/raw/ravdess/Actor_14/03-01-02-01-02-02-14.wav,03-01-02-01-02-02-14.wav,14,female,02,calm,normal,2,2
data/raw/ravdess/Actor_14/03-01-02-02-01-01-14.wav,03-01-02-02-01-01-14.wav,14,female,02,calm,strong,1,1
data/raw/ravdess/Actor_14/03-01-02-02-01-02-14.wav,03-01-02-02-01-02-14.wav,14,female,02,calm,strong,1,2
data/raw/ravdess/Actor_14/03-01-02-02-02-01-14.wav,03-01-02-02-02-01-14.wav,14,female,02,calm,strong,2,1
data/raw/ravdess/Actor_14/03-01-02-02-02-02-14.wav,03-01-02-02-02-02-14.wav,14,female,02,calm,strong,2,2
data/raw/ravdess/Actor_14/03-01-03-01-01-01-14.wav,03-01-03-01-01-01-14.wav,14,female,03,happy,normal,1,1
data/raw/ravdess/Actor_14/03-01-03-01-01-02-14.wav,03-01-03-01-01-02-14.wav,14,female,03,happy,normal,1,2
data/raw/ravdess/Actor_14/03-01-03-01-02-01-14.wav,03-01-03-01-02-01-14.wav,14,female,03,happy,normal,2,1
data/raw/ravdess/Actor_14/03-01-03-01-02-02-14.wav,03-01-03-01-02-02-14.wav,14,female,03,happy,normal,2,2
data/raw/ravdess/Actor_14/03-01-03-02-01-01-14.wav,03-01-03-02-01-01-14.wav,14,female,03,happy,strong,1,1
data/raw/ravdess/Actor_14/03-01-03-02-01-02-14.wav,03-01-03-02-01-02-14.wav,14,female,03,happy,strong,1,2
data/raw/ravdess/Actor_14/03-01-03-02-02-01-14.wav,03-01-03-02-02-01-14.wav,14,female,03,happy,strong,2,1
data/raw/ravdess/Actor_14/03-01-03-02-02-02-14.wav,03-01-03-02-02-02-14.wav,14,female,03,happy,strong,2,2
data/raw/ravdess/Actor_14/03-01-04-01-01-01-14.wav,03-01-04-01-01-01-14.wav,14,female,04,sad,normal,1,1
data/raw/ravdess/Actor_14/03-01-04-01-01-02-14.wav,03-01-04-01-01-02-14.wav,14,female,04,sad,normal,1,2
data/raw/ravdess/Actor_14/03-01-04-01-02-01-14.wav,03-01-04-01-02-01-14.wav,14,female,04,sad,normal,2,1
data/raw/ravdess/Actor_14/03-01-04-01-02-02-14.wav,03-01-04-01-02-02-14.wav,14,female,04,sad,normal,2,2
data/raw/ravdess/Actor_14/03-01-04-02-01-01-14.wav,03-01-04-02-01-01-14.wav,14,female,04,sad,strong,1,1
data/raw/ravdess/Actor_14/03-01-04-02-01-02-14.wav,03-01-04-02-01-02-14.wav,14,female,04,sad,strong,1,2
data/raw/ravdess/Actor_14/03-01-04-02-02-01-14.wav,03-01-04-02-02-01-14.wav,14,female,04,sad,strong,2,1
data/raw/ravdess/Actor_14/03-01-04-02-02-02-14.wav,03-01-04-02-02-02-14.wav,14,female,04,sad,strong,2,2
data/raw/ravdess/Actor_14/03-01-05-01-01-01-14.wav,03-01-05-01-01-01-14.wav,14,female,05,angry,normal,1,1
data/raw/ravdess/Actor_14/03-01-05-01-01-02-14.wav,03-01-05-01-01-02-14.wav,14,female,05,angry,normal,1,2
data/raw/ravdess/Actor_14/03-01-05-01-02-01-14.wav,03-01-05-01-02-01-14.wav,14,female,05,angry,normal,2,1
data/raw/ravdess/Actor_14/03-01-05-01-02-02-14.wav,03-01-05-01-02-02-14.wav,14,female,05,angry,normal,2,2
data/raw/ravdess/Actor_14/03-01-05-02-01-01-14.wav,03-01-05-02-01-01-14.wav,14,female,05,angry,strong,1,1
data/raw/ravdess/Actor_14/03-01-05-02-01-02-14.wav,03-01-05-02-01-02-14.wav,14,female,05,angry,strong,1,2
data/raw/ravdess/Actor_14/03-01-05-02-02-01-14.wav,03-01-05-02-02-01-14.wav,14,female,05,angry,strong,2,1
data/raw/ravdess/Actor_14/03-01-05-02-02-02-14.wav,03-01-05-02-02-02-14.wav,14,female,05,angry,strong,2,2
data/raw/ravdess/Actor_14/03-01-06-01-01-01-14.wav,03-01-06-01-01-01-14.wav,14,female,06,fearful,normal,1,1
data/raw/ravdess/Actor_14/03-01-06-01-01-02-14.wav,03-01-06-01-01-02-14.wav,14,female,06,fearful,normal,1,2
data/raw/ravdess/Actor_14/03-01-06-01-02-01-14.wav,03-01-06-01-02-01-14.wav,14,female,06,fearful,normal,2,1
data/raw/ravdess/Actor_14/03-01-06-01-02-02-14.wav,03-01-06-01-02-02-14.wav,14,female,06,fearful,normal,2,2
data/raw/ravdess/Actor_14/03-01-06-02-01-01-14.wav,03-01-06-02-01-01-14.wav,14,female,06,fearful,strong,1,1
data/raw/ravdess/Actor_14/03-01-06-02-01-02-14.wav,03-01-06-02-01-02-14.wav,14,female,06,fearful,strong,1,2
data/raw/ravdess/Actor_14/03-01-06-02-02-01-14.wav,03-01-06-02-02-01-14.wav,14,female,06,fearful,strong,2,1
data/raw/ravdess/Actor_14/03-01-06-02-02-02-14.wav,03-01-06-02-02-02-14.wav,14,female,06,fearful,strong,2,2
data/raw/ravdess/Actor_14/03-01-07-01-01-01-14.wav,03-01-07-01-01-01-14.wav,14,female,07,disgust,normal,1,1
data/raw/ravdess/Actor_14/03-01-07-01-01-02-14.wav,03-01-07-01-01-02-14.wav,14,female,07,disgust,normal,1,2
data/raw/ravdess/Actor_14/03-01-07-01-02-01-14.wav,03-01-07-01-02-01-14.wav,14,female,07,disgust,normal,2,1
data/raw/ravdess/Actor_14/03-01-07-01-02-02-14.wav,03-01-07-01-02-02-14.wav,14,female,07,disgust,normal,2,2
data/raw/ravdess/Actor_14/03-01-07-02-01-01-14.wav,03-01-07-02-01-01-14.wav,14,female,07,disgust,strong,1,1
data/raw/ravdess/Actor_14/03-01-07-02-01-02-14.wav,03-01-07-02-01-02-14.wav,14,female,07,disgust,strong,1,2
data/raw/ravdess/Actor_14/03-01-07-02-02-01-14.wav,03-01-07-02-02-01-14.wav,14,female,07,disgust,strong,2,1
data/raw/ravdess/Actor_14/03-01-07-02-02-02-14.wav,03-01-07-02-02-02-14.wav,14,female,07,disgust,strong,2,2
data/raw/ravdess/Actor_14/03-01-08-01-01-01-14.wav,03-01-08-01-01-01-14.wav,14,female,08,surprised,normal,1,1
data/raw/ravdess/Actor_14/03-01-08-01-01-02-14.wav,03-01-08-01-01-02-14.wav,14,female,08,surprised,normal,1,2
data/raw/ravdess/Actor_14/03-01-08-01-02-01-14.wav,03-01-08-01-02-01-14.wav,14,female,08,surprised,normal,2,1
data/raw/ravdess/Actor_14/03-01-08-01-02-02-14.wav,03-01-08-01-02-02-14.wav,14,female,08,surprised,normal,2,2
data/raw/ravdess/Actor_14/03-01-08-02-01-01-14.wav,03-01-08-02-01-01-14.wav,14,female,08,surprised,strong,1,1
data/raw/ravdess/Actor_14/03-01-08-02-01-02-14.wav,03-01-08-02-01-02-14.wav,14,female,08,surprised,strong,1,2
data/raw/ravdess/Actor_14/03-01-08-02-02-01-14.wav,03-01-08-02-02-01-14.wav,14,female,08,surprised,strong,2,1
data/raw/ravdess/Actor_14/03-01-08-02-02-02-14.wav,03-01-08-02-02-02-14.wav,14,female,08,surprised,strong,2,2
data/raw/ravdess/Actor_15/03-01-01-01-01-01-15.wav,03-01-01-01-01-01-15.wav,15,male,01,neutral,normal,1,1
data/raw/ravdess/Actor_15/03-01-01-01-01-02-15.wav,03-01-01-01-01-02-15.wav,15,male,01,neutral,normal,1,2
data/raw/ravdess/Actor_15/03-01-01-01-02-01-15.wav,03-01-01-01-02-01-15.wav,15,male,01,neutral,normal,2,1
data/raw/ravdess/Actor_15/03-01-01-01-02-02-15.wav,03-01-01-01-02-02-15.wav,15,male,01,neutral,normal,2,2
data/raw/ravdess/Actor_15/03-01-02-01-01-01-15.wav,03-01-02-01-01-01-15.wav,15,male,02,calm,normal,1,1
data/raw/ravdess/Actor_15/03-01-02-01-01-02-15.wav,03-01-02-01-01-02-15.wav,15,male,02,calm,normal,1,2
data/raw/ravdess/Actor_15/03-01-02-01-02-01-15.wav,03-01-02-01-02-01-15.wav,15,male,02,calm,normal,2,1
data/raw/ravdess/Actor_15/03-01-02-01-02-02-15.wav,03-01-02-01-02-02-15.wav,15,male,02,calm,normal,2,2
data/raw/ravdess/Actor_15/03-01-02-02-01-01-15.wav,03-01-02-02-01-01-15.wav,15,male,02,calm,strong,1,1
data/raw/ravdess/Actor_15/03-01-02-02-01-02-15.wav,03-01-02-02-01-02-15.wav,15,male,02,calm,strong,1,2
data/raw/ravdess/Actor_15/03-01-02-02-02-01-15.wav,03-01-02-02-02-01-15.wav,15,male,02,calm,strong,2,1
data/raw/ravdess/Actor_15/03-01-02-02-02-02-15.wav,03-01-02-02-02-02-15.wav,15,male,02,calm,strong,2,2
data/raw/ravdess/Actor_15/03-01-03-01-01-01-15.wav,03-01-03-01-01-01-15.wav,15,male,03,happy,normal,1,1
data/raw/ravdess/Actor_15/03-01-03-01-01-02-15.wav,03-01-03-01-01-02-15.wav,15,male,03,happy,normal,1,2
data/raw/ravdess/Actor_15/03-01-03-01-02-01-15.wav,03-01-03-01-02-01-15.wav,15,male,03,happy,normal,2,1
data/raw/ravdess/Actor_15/03-01-03-01-02-02-15.wav,03-01-03-01-02-02-15.wav,15,male,03,happy,normal,2,2
data/raw/ravdess/Actor_15/03-01-03-02-01-01-15.wav,03-01-03-02-01-01-15.wav,15,male,03,happy,strong,1,1
data/raw/ravdess/Actor_15/03-01-03-02-01-02-15.wav,03-01-03-02-01-02-15.wav,15,male,03,happy,strong,1,2
data/raw/ravdess/Actor_15/03-01-03-02-02-01-15.wav,03-01-03-02-02-01-15.wav,15,male,03,happy,strong,2,1
data/raw/ravdess/Actor_15/03-01-03-02-02-02-15.wav,03-01-03-02-02-02-15.wav,15,male,03,happy,strong,2,2
data/raw/ravdess/Actor_15/03-01-04-01-01-01-15.wav,03-01-04-01-01-01-15.wav,15,male,04,sad,normal,1,1
data/raw/ravdess/Actor_15/03-01-04-01-01-02-15.wav,03-01-04-01-01-02-15.wav,15,male,04,sad,normal,1,2
data/raw/ravdess/Actor_15/03-01-04-01-02-01-15.wav,03-01-04-01-02-01-15.wav,15,male,04,sad,normal,2,1
data/raw/ravdess/Actor_15/03-01-04-01-02-02-15.wav,03-01-04-01-02-02-15.wav,15,male,04,sad,normal,2,2
data/raw/ravdess/Actor_15/03-01-04-02-01-01-15.wav,03-01-04-02-01-01-15.wav,15,male,04,sad,strong,1,1
data/raw/ravdess/Actor_15/03-01-04-02-01-02-15.wav,03-01-04-02-01-02-15.wav,15,male,04,sad,strong,1,2
data/raw/ravdess/Actor_15/03-01-04-02-02-01-15.wav,03-01-04-02-02-01-15.wav,15,male,04,sad,strong,2,1
data/raw/ravdess/Actor_15/03-01-04-02-02-02-15.wav,03-01-04-02-02-02-15.wav,15,male,04,sad,strong,2,2
data/raw/ravdess/Actor_15/03-01-05-01-01-01-15.wav,03-01-05-01-01-01-15.wav,15,male,05,angry,normal,1,1
data/raw/ravdess/Actor_15/03-01-05-01-01-02-15.wav,03-01-05-01-01-02-15.wav,15,male,05,angry,normal,1,2
data/raw/ravdess/Actor_15/03-01-05-01-02-01-15.wav,03-01-05-01-02-01-15.wav,15,male,05,angry,normal,2,1
data/raw/ravdess/Actor_15/03-01-05-01-02-02-15.wav,03-01-05-01-02-02-15.wav,15,male,05,angry,normal,2,2
data/raw/ravdess/Actor_15/03-01-05-02-01-01-15.wav,03-01-05-02-01-01-15.wav,15,male,05,angry,strong,1,1
data/raw/ravdess/Actor_15/03-01-05-02-01-02-15.wav,03-01-05-02-01-02-15.wav,15,male,05,angry,strong,1,2
data/raw/ravdess/Actor_15/03-01-05-02-02-01-15.wav,03-01-05-02-02-01-15.wav,15,male,05,angry,strong,2,1
data/raw/ravdess/Actor_15/03-01-05-02-02-02-15.wav,03-01-05-02-02-02-15.wav,15,male,05,angry,strong,2,2
data/raw/ravdess/Actor_15/03-01-06-01-01-01-15.wav,03-01-06-01-01-01-15.wav,15,male,06,fearful,normal,1,1
data/raw/ravdess/Actor_15/03-01-06-01-01-02-15.wav,03-01-06-01-01-02-15.wav,15,male,06,fearful,normal,1,2
data/raw/ravdess/Actor_15/03-01-06-01-02-01-15.wav,03-01-06-01-02-01-15.wav,15,male,06,fearful,normal,2,1
data/raw/ravdess/Actor_15/03-01-06-01-02-02-15.wav,03-01-06-01-02-02-15.wav,15,male,06,fearful,normal,2,2
data/raw/ravdess/Actor_15/03-01-06-02-01-01-15.wav,03-01-06-02-01-01-15.wav,15,male,06,fearful,strong,1,1
data/raw/ravdess/Actor_15/03-01-06-02-01-02-15.wav,03-01-06-02-01-02-15.wav,15,male,06,fearful,strong,1,2
data/raw/ravdess/Actor_15/03-01-06-02-02-01-15.wav,03-01-06-02-02-01-15.wav,15,male,06,fearful,strong,2,1
data/raw/ravdess/Actor_15/03-01-06-02-02-02-15.wav,03-01-06-02-02-02-15.wav,15,male,06,fearful,strong,2,2
data/raw/ravdess/Actor_15/03-01-07-01-01-01-15.wav,03-01-07-01-01-01-15.wav,15,male,07,disgust,normal,1,1
data/raw/ravdess/Actor_15/03-01-07-01-01-02-15.wav,03-01-07-01-01-02-15.wav,15,male,07,disgust,normal,1,2
data/raw/ravdess/Actor_15/03-01-07-01-02-01-15.wav,03-01-07-01-02-01-15.wav,15,male,07,disgust,normal,2,1
data/raw/ravdess/Actor_15/03-01-07-01-02-02-15.wav,03-01-07-01-02-02-15.wav,15,male,07,disgust,normal,2,2
data/raw/ravdess/Actor_15/03-01-07-02-01-01-15.wav,03-01-07-02-01-01-15.wav,15,male,07,disgust,strong,1,1
data/raw/ravdess/Actor_15/03-01-07-02-01-02-15.wav,03-01-07-02-01-02-15.wav,15,male,07,disgust,strong,1,2
data/raw/ravdess/Actor_15/03-01-07-02-02-01-15.wav,03-01-07-02-02-01-15.wav,15,male,07,disgust,strong,2,1
data/raw/ravdess/Actor_15/03-01-07-02-02-02-15.wav,03-01-07-02-02-02-15.wav,15,male,07,disgust,strong,2,2
data/raw/ravdess/Actor_15/03-01-08-01-01-01-15.wav,03-01-08-01-01-01-15.wav,15,male,08,surprised,normal,1,1
data/raw/ravdess/Actor_15/03-01-08-01-01-02-15.wav,03-01-08-01-01-02-15.wav,15,male,08,surprised,normal,1,2
data/raw/ravdess/Actor_15/03-01-08-01-02-01-15.wav,03-01-08-01-02-01-15.wav,15,male,08,surprised,normal,2,1
data/raw/ravdess/Actor_15/03-01-08-01-02-02-15.wav,03-01-08-01-02-02-15.wav,15,male,08,surprised,normal,2,2
data/raw/ravdess/Actor_15/03-01-08-02-01-01-15.wav,03-01-08-02-01-01-15.wav,15,male,08,surprised,strong,1,1
data/raw/ravdess/Actor_15/03-01-08-02-01-02-15.wav,03-01-08-02-01-02-15.wav,15,male,08,surprised,strong,1,2
data/raw/ravdess/Actor_15/03-01-08-02-02-01-15.wav,03-01-08-02-02-01-15.wav,15,male,08,surprised,strong,2,1
data/raw/ravdess/Actor_15/03-01-08-02-02-02-15.wav,03-01-08-02-02-02-15.wav,15,male,08,surprised,strong,2,2
data/raw/ravdess/Actor_16/03-01-01-01-01-01-16.wav,03-01-01-01-01-01-16.wav,16,female,01,neutral,normal,1,1
data/raw/ravdess/Actor_16/03-01-01-01-01-02-16.wav,03-01-01-01-01-02-16.wav,16,female,01,neutral,normal,1,2
data/raw/ravdess/Actor_16/03-01-01-01-02-01-16.wav,03-01-01-01-02-01-16.wav,16,female,01,neutral,normal,2,1
data/raw/ravdess/Actor_16/03-01-01-01-02-02-16.wav,03-01-01-01-02-02-16.wav,16,female,01,neutral,normal,2,2
data/raw/ravdess/Actor_16/03-01-02-01-01-01-16.wav,03-01-02-01-01-01-16.wav,16,female,02,calm,normal,1,1
data/raw/ravdess/Actor_16/03-01-02-01-01-02-16.wav,03-01-02-01-01-02-16.wav,16,female,02,calm,normal,1,2
data/raw/ravdess/Actor_16/03-01-02-01-02-01-16.wav,03-01-02-01-02-01-16.wav,16,female,02,calm,normal,2,1
data/raw/ravdess/Actor_16/03-01-02-01-02-02-16.wav,03-01-02-01-02-02-16.wav,16,female,02,calm,normal,2,2
data/raw/ravdess/Actor_16/03-01-02-02-01-01-16.wav,03-01-02-02-01-01-16.wav,16,female,02,calm,strong,1,1
data/raw/ravdess/Actor_16/03-01-02-02-01-02-16.wav,03-01-02-02-01-02-16.wav,16,female,02,calm,strong,1,2
data/raw/ravdess/Actor_16/03-01-02-02-02-01-16.wav,03-01-02-02-02-01-16.wav,16,female,02,calm,strong,2,1
data/raw/ravdess/Actor_16/03-01-02-02-02-02-16.wav,03-01-02-02-02-02-16.wav,16,female,02,calm,strong,2,2
data/raw/ravdess/Actor_16/03-01-03-01-01-01-16.wav,03-01-03-01-01-01-16.wav,16,female,03,happy,normal,1,1
data/raw/ravdess/Actor_16/03-01-03-01-01-02-16.wav,03-01-03-01-01-02-16.wav,16,female,03,happy,normal,1,2
data/raw/ravdess/Actor_16/03-01-03-01-02-01-16.wav,03-01-03-01-02-01-16.wav,16,female,03,happy,normal,2,1
data/raw/ravdess/Actor_16/03-01-03-01-02-02-16.wav,03-01-03-01-02-02-16.wav,16,female,03,happy,normal,2,2
data/raw/ravdess/Actor_16/03-01-03-02-01-01-16.wav,03-01-03-02-01-01-16.wav,16,female,03,happy,strong,1,1
data/raw/ravdess/Actor_16/03-01-03-02-01-02-16.wav,03-01-03-02-01-02-16.wav,16,female,03,happy,strong,1,2
data/raw/ravdess/Actor_16/03-01-03-02-02-01-16.wav,03-01-03-02-02-01-16.wav,16,female,03,happy,strong,2,1
data/raw/ravdess/Actor_16/03-01-03-02-02-02-16.wav,03-01-03-02-02-02-16.wav,16,female,03,happy,strong,2,2
data/raw/ravdess/Actor_16/03-01-04-01-01-01-16.wav,03-01-04-01-01-01-16.wav,16,female,04,sad,normal,1,1
data/raw/ravdess/Actor_16/03-01-04-01-01-02-16.wav,03-01-04-01-01-02-16.wav,16,female,04,sad,normal,1,2
data/raw/ravdess/Actor_16/03-01-04-01-02-01-16.wav,03-01-04-01-02-01-16.wav,16,female,04,sad,normal,2,1
data/raw/ravdess/Actor_16/03-01-04-01-02-02-16.wav,03-01-04-01-02-02-16.wav,16,female,04,sad,normal,2,2
data/raw/ravdess/Actor_16/03-01-04-02-01-01-16.wav,03-01-04-02-01-01-16.wav,16,female,04,sad,strong,1,1
data/raw/ravdess/Actor_16/03-01-04-02-01-02-16.wav,03-01-04-02-01-02-16.wav,16,female,04,sad,strong,1,2
data/raw/ravdess/Actor_16/03-01-04-02-02-01-16.wav,03-01-04-02-02-01-16.wav,16,female,04,sad,strong,2,1
data/raw/ravdess/Actor_16/03-01-04-02-02-02-16.wav,03-01-04-02-02-02-16.wav,16,female,04,sad,strong,2,2
data/raw/ravdess/Actor_16/03-01-05-01-01-01-16.wav,03-01-05-01-01-01-16.wav,16,female,05,angry,normal,1,1
data/raw/ravdess/Actor_16/03-01-05-01-01-02-16.wav,03-01-05-01-01-02-16.wav,16,female,05,angry,normal,1,2
data/raw/ravdess/Actor_16/03-01-05-01-02-01-16.wav,03-01-05-01-02-01-16.wav,16,female,05,angry,normal,2,1
data/raw/ravdess/Actor_16/03-01-05-01-02-02-16.wav,03-01-05-01-02-02-16.wav,16,female,05,angry,normal,2,2
data/raw/ravdess/Actor_16/03-01-05-02-01-01-16.wav,03-01-05-02-01-01-16.wav,16,female,05,angry,strong,1,1
data/raw/ravdess/Actor_16/03-01-05-02-01-02-16.wav,03-01-05-02-01-02-16.wav,16,female,05,angry,strong,1,2
data/raw/ravdess/Actor_16/03-01-05-02-02-01-16.wav,03-01-05-02-02-01-16.wav,16,female,05,angry,strong,2,1
data/raw/ravdess/Actor_16/03-01-05-02-02-02-16.wav,03-01-05-02-02-02-16.wav,16,female,05,angry,strong,2,2
data/raw/ravdess/Actor_16/03-01-06-01-01-01-16.wav,03-01-06-01-01-01-16.wav,16,female,06,fearful,normal,1,1
data/raw/ravdess/Actor_16/03-01-06-01-01-02-16.wav,03-01-06-01-01-02-16.wav,16,female,06,fearful,normal,1,2
data/raw/ravdess/Actor_16/03-01-06-01-02-01-16.wav,03-01-06-01-02-01-16.wav,16,female,06,fearful,normal,2,1
data/raw/ravdess/Actor_16/03-01-06-01-02-02-16.wav,03-01-06-01-02-02-16.wav,16,female,06,fearful,normal,2,2
data/raw/ravdess/Actor_16/03-01-06-02-01-01-16.wav,03-01-06-02-01-01-16.wav,16,female,06,fearful,strong,1,1
data/raw/ravdess/Actor_16/03-01-06-02-01-02-16.wav,03-01-06-02-01-02-16.wav,16,female,06,fearful,strong,1,2
data/raw/ravdess/Actor_16/03-01-06-02-02-01-16.wav,03-01-06-02-02-01-16.wav,16,female,06,fearful,strong,2,1
data/raw/ravdess/Actor_16/03-01-06-02-02-02-16.wav,03-01-06-02-02-02-16.wav,16,female,06,fearful,strong,2,2
data/raw/ravdess/Actor_16/03-01-07-01-01-01-16.wav,03-01-07-01-01-01-16.wav,16,female,07,disgust,normal,1,1
data/raw/ravdess/Actor_16/03-01-07-01-01-02-16.wav,03-01-07-01-01-02-16.wav,16,female,07,disgust,normal,1,2
data/raw/ravdess/Actor_16/03-01-07-01-02-01-16.wav,03-01-07-01-02-01-16.wav,16,female,07,disgust,normal,2,1
data/raw/ravdess/Actor_16/03-01-07-01-02-02-16.wav,03-01-07-01-02-02-16.wav,16,female,07,disgust,normal,2,2
data/raw/ravdess/Actor_16/03-01-07-02-01-01-16.wav,03-01-07-02-01-01-16.wav,16,female,07,disgust,strong,1,1
data/raw/ravdess/Actor_16/03-01-07-02-01-02-16.wav,03-01-07-02-01-02-16.wav,16,female,07,disgust,strong,1,2
data/raw/ravdess/Actor_16/03-01-07-02-02-01-16.wav,03-01-07-02-02-01-16.wav,16,female,07,disgust,strong,2,1
data/raw/ravdess/Actor_16/03-01-07-02-02-02-16.wav,03-01-07-02-02-02-16.wav,16,female,07,disgust,strong,2,2
data/raw/ravdess/Actor_16/03-01-08-01-01-01-16.wav,03-01-08-01-01-01-16.wav,16,female,08,surprised,normal,1,1
data/raw/ravdess/Actor_16/03-01-08-01-01-02-16.wav,03-01-08-01-01-02-16.wav,16,female,08,surprised,normal,1,2
data/raw/ravdess/Actor_16/03-01-08-01-02-01-16.wav,03-01-08-01-02-01-16.wav,16,female,08,surprised,normal,2,1
data/raw/ravdess/Actor_16/03-01-08-01-02-02-16.wav,03-01-08-01-02-02-16.wav,16,female,08,surprised,normal,2,2
data/raw/ravdess/Actor_16/03-01-08-02-01-01-16.wav,03-01-08-02-01-01-16.wav,16,female,08,surprised,strong,1,1
data/raw/ravdess/Actor_16/03-01-08-02-01-02-16.wav,03-01-08-02-01-02-16.wav,16,female,08,surprised,strong,1,2
data/raw/ravdess/Actor_16/03-01-08-02-02-01-16.wav,03-01-08-02-02-01-16.wav,16,female,08,surprised,strong,2,1
data/raw/ravdess/Actor_16/03-01-08-02-02-02-16.wav,03-01-08-02-02-02-16.wav,16,female,08,surprised,strong,2,2
data/raw/ravdess/Actor_17/03-01-01-01-01-01-17.wav,03-01-01-01-01-01-17.wav,17,male,01,neutral,normal,1,1
data/raw/ravdess/Actor_17/03-01-01-01-01-02-17.wav,03-01-01-01-01-02-17.wav,17,male,01,neutral,normal,1,2
data/raw/ravdess/Actor_17/03-01-01-01-02-01-17.wav,03-01-01-01-02-01-17.wav,17,male,01,neutral,normal,2,1
data/raw/ravdess/Actor_17/03-01-01-01-02-02-17.wav,03-01-01-01-02-02-17.wav,17,male,01,neutral,normal,2,2
data/raw/ravdess/Actor_17/03-01-02-01-01-01-17.wav,03-01-02-01-01-01-17.wav,17,male,02,calm,normal,1,1
data/raw/ravdess/Actor_17/03-01-02-01-01-02-17.wav,03-01-02-01-01-02-17.wav,17,male,02,calm,normal,1,2
data/raw/ravdess/Actor_17/03-01-02-01-02-01-17.wav,03-01-02-01-02-01-17.wav,17,male,02,calm,normal,2,1
data/raw/ravdess/Actor_17/03-01-02-01-02-02-17.wav,03-01-02-01-02-02-17.wav,17,male,02,calm,normal,2,2
data/raw/ravdess/Actor_17/03-01-02-02-01-01-17.wav,03-01-02-02-01-01-17.wav,17,male,02,calm,strong,1,1
data/raw/ravdess/Actor_17/03-01-02-02-01-02-17.wav,03-01-02-02-01-02-17.wav,17,male,02,calm,strong,1,2
data/raw/ravdess/Actor_17/03-01-02-02-02-01-17.wav,03-01-02-02-02-01-17.wav,17,male,02,calm,strong,2,1
data/raw/ravdess/Actor_17/03-01-02-02-02-02-17.wav,03-01-02-02-02-02-17.wav,17,male,02,calm,strong,2,2
data/raw/ravdess/Actor_17/03-01-03-01-01-01-17.wav,03-01-03-01-01-01-17.wav,17,male,03,happy,normal,1,1
data/raw/ravdess/Actor_17/03-01-03-01-01-02-17.wav,03-01-03-01-01-02-17.wav,17,male,03,happy,normal,1,2
data/raw/ravdess/Actor_17/03-01-03-01-02-01-17.wav,03-01-03-01-02-01-17.wav,17,male,03,happy,normal,2,1
data/raw/ravdess/Actor_17/03-01-03-01-02-02-17.wav,03-01-03-01-02-02-17.wav,17,male,03,happy,normal,2,2
data/raw/ravdess/Actor_17/03-01-03-02-01-01-17.wav,03-01-03-02-01-01-17.wav,17,male,03,happy,strong,1,1
data/raw/ravdess/Actor_17/03-01-03-02-01-02-17.wav,03-01-03-02-01-02-17.wav,17,male,03,happy,strong,1,2
data/raw/ravdess/Actor_17/03-01-03-02-02-01-17.wav,03-01-03-02-02-01-17.wav,17,male,03,happy,strong,2,1
data/raw/ravdess/Actor_17/03-01-03-02-02-02-17.wav,03-01-03-02-02-02-17.wav,17,male,03,happy,strong,2,2
data/raw/ravdess/Actor_17/03-01-04-01-01-01-17.wav,03-01-04-01-01-01-17.wav,17,male,04,sad,normal,1,1
data/raw/ravdess/Actor_17/03-01-04-01-01-02-17.wav,03-01-04-01-01-02-17.wav,17,male,04,sad,normal,1,2
data/raw/ravdess/Actor_17/03-01-04-01-02-01-17.wav,03-01-04-01-02-01-17.wav,17,male,04,sad,normal,2,1
data/raw/ravdess/Actor_17/03-01-04-01-02-02-17.wav,03-01-04-01-02-02-17.wav,17,male,04,sad,normal,2,2
data/raw/ravdess/Actor_17/03-01-04-02-01-01-17.wav,03-01-04-02-01-01-17.wav,17,male,04,sad,strong,1,1
data/raw/ravdess/Actor_17/03-01-04-02-01-02-17.wav,03-01-04-02-01-02-17.wav,17,male,04,sad,strong,1,2
data/raw/ravdess/Actor_17/03-01-04-02-02-01-17.wav,03-01-04-02-02-01-17.wav,17,male,04,sad,strong,2,1
data/raw/ravdess/Actor_17/03-01-04-02-02-02-17.wav,03-01-04-02-02-02-17.wav,17,male,04,sad,strong,2,2
data/raw/ravdess/Actor_17/03-01-05-01-01-01-17.wav,03-01-05-01-01-01-17.wav,17,male,05,angry,normal,1,1
data/raw/ravdess/Actor_17/03-01-05-01-01-02-17.wav,03-01-05-01-01-02-17.wav,17,male,05,angry,normal,1,2
data/raw/ravdess/Actor_17/03-01-05-01-02-01-17.wav,03-01-05-01-02-01-17.wav,17,male,05,angry,normal,2,1
data/raw/ravdess/Actor_17/03-01-05-01-02-02-17.wav,03-01-05-01-02-02-17.wav,17,male,05,angry,normal,2,2
data/raw/ravdess/Actor_17/03-01-05-02-01-01-17.wav,03-01-05-02-01-01-17.wav,17,male,05,angry,strong,1,1
data/raw/ravdess/Actor_17/03-01-05-02-01-02-17.wav,03-01-05-02-01-02-17.wav,17,male,05,angry,strong,1,2
data/raw/ravdess/Actor_17/03-01-05-02-02-01-17.wav,03-01-05-02-02-01-17.wav,17,male,05,angry,strong,2,1
data/raw/ravdess/Actor_17/03-01-05-02-02-02-17.wav,03-01-05-02-02-02-17.wav,17,male,05,angry,strong,2,2
data/raw/ravdess/Actor_17/03-01-06-01-01-01-17.wav,03-01-06-01-01-01-17.wav,17,male,06,fearful,normal,1,1
data/raw/ravdess/Actor_17/03-01-06-01-01-02-17.wav,03-01-06-01-01-02-17.wav,17,male,06,fearful,normal,1,2
data/raw/ravdess/Actor_17/03-01-06-01-02-01-17.wav,03-01-06-01-02-01-17.wav,17,male,06,fearful,normal,2,1
data/raw/ravdess/Actor_17/03-01-06-01-02-02-17.wav,03-01-06-01-02-02-17.wav,17,male,06,fearful,normal,2,2
data/raw/ravdess/Actor_17/03-01-06-02-01-01-17.wav,03-01-06-02-01-01-17.wav,17,male,06,fearful,strong,1,1
data/raw/ravdess/Actor_17/03-01-06-02-01-02-17.wav,03-01-06-02-01-02-17.wav,17,male,06,fearful,strong,1,2
data/raw/ravdess/Actor_17/03-01-06-02-02-01-17.wav,03-01-06-02-02-01-17.wav,17,male,06,fearful,strong,2,1
data/raw/ravdess/Actor_17/03-01-06-02-02-02-17.wav,03-01-06-02-02-02-17.wav,17,male,06,fearful,strong,2,2
data/raw/ravdess/Actor_17/03-01-07-01-01-01-17.wav,03-01-07-01-01-01-17.wav,17,male,07,disgust,normal,1,1
data/raw/ravdess/Actor_17/03-01-07-01-01-02-17.wav,03-01-07-01-01-02-17.wav,17,male,07,disgust,normal,1,2
data/raw/ravdess/Actor_17/03-01-07-01-02-01-17.wav,03-01-07-01-02-01-17.wav,17,male,07,disgust,normal,2,1
data/raw/ravdess/Actor_17/03-01-07-01-02-02-17.wav,03-01-07-01-02-02-17.wav,17,male,07,disgust,normal,2,2
data/raw/ravdess/Actor_17/03-01-07-02-01-01-17.wav,03-01-07-02-01-01-17.wav,17,male,07,disgust,strong,1,1
data/raw/ravdess/Actor_17/03-01-07-02-01-02-17.wav,03-01-07-02-01-02-17.wav,17,male,07,disgust,strong,1,2
data/raw/ravdess/Actor_17/03-01-07-02-02-01-17.wav,03-01-07-02-02-01-17.wav,17,male,07,disgust,strong,2,1
data/raw/ravdess/Actor_17/03-01-07-02-02-02-17.wav,03-01-07-02-02-02-17.wav,17,male,07,disgust,strong,2,2
data/raw/ravdess/Actor_17/03-01-08-01-01-01-17.wav,03-01-08-01-01-01-17.wav,17,male,08,surprised,normal,1,1
data/raw/ravdess/Actor_17/03-01-08-01-01-02-17.wav,03-01-08-01-01-02-17.wav,17,male,08,surprised,normal,1,2
data/raw/ravdess/Actor_17/03-01-08-01-02-01-17.wav,03-01-08-01-02-01-17.wav,17,male,08,surprised,normal,2,1
data/raw/ravdess/Actor_17/03-01-08-01-02-02-17.wav,03-01-08-01-02-02-17.wav,17,male,08,surprised,normal,2,2
data/raw/ravdess/Actor_17/03-01-08-02-01-01-17.wav,03-01-08-02-01-01-17.wav,17,male,08,surprised,strong,1,1
data/raw/ravdess/Actor_17/03-01-08-02-01-02-17.wav,03-01-08-02-01-02-17.wav,17,male,08,surprised,strong,1,2
data/raw/ravdess/Actor_17/03-01-08-02-02-01-17.wav,03-01-08-02-02-01-17.wav,17,male,08,surprised,strong,2,1
data/raw/ravdess/Actor_17/03-01-08-02-02-02-17.wav,03-01-08-02-02-02-17.wav,17,male,08,surprised,strong,2,2
data/raw/ravdess/Actor_18/03-01-01-01-01-01-18.wav,03-01-01-01-01-01-18.wav,18,female,01,neutral,normal,1,1
data/raw/ravdess/Actor_18/03-01-01-01-01-02-18.wav,03-01-01-01-01-02-18.wav,18,female,01,neutral,normal,1,2
data/raw/ravdess/Actor_18/03-01-01-01-02-01-18.wav,03-01-01-01-02-01-18.wav,18,female,01,neutral,normal,2,1
data/raw/ravdess/Actor_18/03-01-01-01-02-02-18.wav,03-01-01-01-02-02-18.wav,18,female,01,neutral,normal,2,2
data/raw/ravdess/Actor_18/03-01-02-01-01-01-18.wav,03-01-02-01-01-01-18.wav,18,female,02,calm,normal,1,1
data/raw/ravdess/Actor_18/03-01-02-01-01-02-18.wav,03-01-02-01-01-02-18.wav,18,female,02,calm,normal,1,2
data/raw/ravdess/Actor_18/03-01-02-01-02-01-18.wav,03-01-02-01-02-01-18.wav,18,female,02,calm,normal,2,1
data/raw/ravdess/Actor_18/03-01-02-01-02-02-18.wav,03-01-02-01-02-02-18.wav,18,female,02,calm,normal,2,2
data/raw/ravdess/Actor_18/03-01-02-02-01-01-18.wav,03-01-02-02-01-01-18.wav,18,female,02,calm,strong,1,1
data/raw/ravdess/Actor_18/03-01-02-02-01-02-18.wav,03-01-02-02-01-02-18.wav,18,female,02,calm,strong,1,2
data/raw/ravdess/Actor_18/03-01-02-02-02-01-18.wav,03-01-02-02-02-01-18.wav,18,female,02,calm,strong,2,1
data/raw/ravdess/Actor_18/03-01-02-02-02-02-18.wav,03-01-02-02-02-02-18.wav,18,female,02,calm,strong,2,2
data/raw/ravdess/Actor_18/03-01-03-01-01-01-18.wav,03-01-03-01-01-01-18.wav,18,female,03,happy,normal,1,1
data/raw/ravdess/Actor_18/03-01-03-01-01-02-18.wav,03-01-03-01-01-02-18.wav,18,female,03,happy,normal,1,2
data/raw/ravdess/Actor_18/03-01-03-01-02-01-18.wav,03-01-03-01-02-01-18.wav,18,female,03,happy,normal,2,1
data/raw/ravdess/Actor_18/03-01-03-01-02-02-18.wav,03-01-03-01-02-02-18.wav,18,female,03,happy,normal,2,2
data/raw/ravdess/Actor_18/03-01-03-02-01-01-18.wav,03-01-03-02-01-01-18.wav,18,female,03,happy,strong,1,1
data/raw/ravdess/Actor_18/03-01-03-02-01-02-18.wav,03-01-03-02-01-02-18.wav,18,female,03,happy,strong,1,2
data/raw/ravdess/Actor_18/03-01-03-02-02-01-18.wav,03-01-03-02-02-01-18.wav,18,female,03,happy,strong,2,1
data/raw/ravdess/Actor_18/03-01-03-02-02-02-18.wav,03-01-03-02-02-02-18.wav,18,female,03,happy,strong,2,2
data/raw/ravdess/Actor_18/03-01-04-01-01-01-18.wav,03-01-04-01-01-01-18.wav,18,female,04,sad,normal,1,1
data/raw/ravdess/Actor_18/03-01-04-01-01-02-18.wav,03-01-04-01-01-02-18.wav,18,female,04,sad,normal,1,2
data/raw/ravdess/Actor_18/03-01-04-01-02-01-18.wav,03-01-04-01-02-01-18.wav,18,female,04,sad,normal,2,1
data/raw/ravdess/Actor_18/03-01-04-01-02-02-18.wav,03-01-04-01-02-02-18.wav,18,female,04,sad,normal,2,2
data/raw/ravdess/Actor_18/03-01-04-02-01-01-18.wav,03-01-04-02-01-01-18.wav,18,female,04,sad,strong,1,1
data/raw/ravdess/Actor_18/03-01-04-02-01-02-18.wav,03-01-04-02-01-02-18.wav,18,female,04,sad,strong,1,2
data/raw/ravdess/Actor_18/03-01-04-02-02-01-18.wav,03-01-04-02-02-01-18.wav,18,female,04,sad,strong,2,1
data/raw/ravdess/Actor_18/03-01-04-02-02-02-18.wav,03-01-04-02-02-02-18.wav,18,female,04,sad,strong,2,2
data/raw/ravdess/Actor_18/03-01-05-01-01-01-18.wav,03-01-05-01-01-01-18.wav,18,female,05,angry,normal,1,1
data/raw/ravdess/Actor_18/03-01-05-01-01-02-18.wav,03-01-05-01-01-02-18.wav,18,female,05,angry,normal,1,2
data/raw/ravdess/Actor_18/03-01-05-01-02-01-18.wav,03-01-05-01-02-01-18.wav,18,female,05,angry,normal,2,1
data/raw/ravdess/Actor_18/03-01-05-01-02-02-18.wav,03-01-05-01-02-02-18.wav,18,female,05,angry,normal,2,2
data/raw/ravdess/Actor_18/03-01-05-02-01-01-18.wav,03-01-05-02-01-01-18.wav,18,female,05,angry,strong,1,1
data/raw/ravdess/Actor_18/03-01-05-02-01-02-18.wav,03-01-05-02-01-02-18.wav,18,female,05,angry,strong,1,2
data/raw/ravdess/Actor_18/03-01-05-02-02-01-18.wav,03-01-05-02-02-01-18.wav,18,female,05,angry,strong,2,1
data/raw/ravdess/Actor_18/03-01-05-02-02-02-18.wav,03-01-05-02-02-02-18.wav,18,female,05,angry,strong,2,2
data/raw/ravdess/Actor_18/03-01-06-01-01-01-18.wav,03-01-06-01-01-01-18.wav,18,female,06,fearful,normal,1,1
data/raw/ravdess/Actor_18/03-01-06-01-01-02-18.wav,03-01-06-01-01-02-18.wav,18,female,06,fearful,normal,1,2
data/raw/ravdess/Actor_18/03-01-06-01-02-01-18.wav,03-01-06-01-02-01-18.wav,18,female,06,fearful,normal,2,1
data/raw/ravdess/Actor_18/03-01-06-01-02-02-18.wav,03-01-06-01-02-02-18.wav,18,female,06,fearful,normal,2,2
data/raw/ravdess/Actor_18/03-01-06-02-01-01-18.wav,03-01-06-02-01-01-18.wav,18,female,06,fearful,strong,1,1
data/raw/ravdess/Actor_18/03-01-06-02-01-02-18.wav,03-01-06-02-01-02-18.wav,18,female,06,fearful,strong,1,2
data/raw/ravdess/Actor_18/03-01-06-02-02-01-18.wav,03-01-06-02-02-01-18.wav,18,female,06,fearful,strong,2,1
data/raw/ravdess/Actor_18/03-01-06-02-02-02-18.wav,03-01-06-02-02-02-18.wav,18,female,06,fearful,strong,2,2
data/raw/ravdess/Actor_18/03-01-07-01-01-01-18.wav,03-01-07-01-01-01-18.wav,18,female,07,disgust,normal,1,1
data/raw/ravdess/Actor_18/03-01-07-01-01-02-18.wav,03-01-07-01-01-02-18.wav,18,female,07,disgust,normal,1,2
data/raw/ravdess/Actor_18/03-01-07-01-02-01-18.wav,03-01-07-01-02-01-18.wav,18,female,07,disgust,normal,2,1
data/raw/ravdess/Actor_18/03-01-07-01-02-02-18.wav,03-01-07-01-02-02-18.wav,18,female,07,disgust,normal,2,2
data/raw/ravdess/Actor_18/03-01-07-02-01-01-18.wav,03-01-07-02-01-01-18.wav,18,female,07,disgust,strong,1,1
data/raw/ravdess/Actor_18/03-01-07-02-01-02-18.wav,03-01-07-02-01-02-18.wav,18,female,07,disgust,strong,1,2
data/raw/ravdess/Actor_18/03-01-07-02-02-01-18.wav,03-01-07-02-02-01-18.wav,18,female,07,disgust,strong,2,1
data/raw/ravdess/Actor_18/03-01-07-02-02-02-18.wav,03-01-07-02-02-02-18.wav,18,female,07,disgust,strong,2,2
data/raw/ravdess/Actor_18/03-01-08-01-01-01-18.wav,03-01-08-01-01-01-18.wav,18,female,08,surprised,normal,1,1
data/raw/ravdess/Actor_18/03-01-08-01-01-02-18.wav,03-01-08-01-01-02-18.wav,18,female,08,surprised,normal,1,2
data/raw/ravdess/Actor_18/03-01-08-01-02-01-18.wav,03-01-08-01-02-01-18.wav,18,female,08,surprised,normal,2,1
data/raw/ravdess/Actor_18/03-01-08-01-02-02-18.wav,03-01-08-01-02-02-18.wav,18,female,08,surprised,normal,2,2
data/raw/ravdess/Actor_18/03-01-08-02-01-01-18.wav,03-01-08-02-01-01-18.wav,18,female,08,surprised,strong,1,1
data/raw/ravdess/Actor_18/03-01-08-02-01-02-18.wav,03-01-08-02-01-02-18.wav,18,female,08,surprised,strong,1,2
data/raw/ravdess/Actor_18/03-01-08-02-02-01-18.wav,03-01-08-02-02-01-18.wav,18,female,08,surprised,strong,2,1
data/raw/ravdess/Actor_18/03-01-08-02-02-02-18.wav,03-01-08-02-02-02-18.wav,18,female,08,surprised,strong,2,2
data/raw/ravdess/Actor_19/03-01-01-01-01-01-19.wav,03-01-01-01-01-01-19.wav,19,male,01,neutral,normal,1,1
data/raw/ravdess/Actor_19/03-01-01-01-01-02-19.wav,03-01-01-01-01-02-19.wav,19,male,01,neutral,normal,1,2
data/raw/ravdess/Actor_19/03-01-01-01-02-01-19.wav,03-01-01-01-02-01-19.wav,19,male,01,neutral,normal,2,1
data/raw/ravdess/Actor_19/03-01-01-01-02-02-19.wav,03-01-01-01-02-02-19.wav,19,male,01,neutral,normal,2,2
data/raw/ravdess/Actor_19/03-01-02-01-01-01-19.wav,03-01-02-01-01-01-19.wav,19,male,02,calm,normal,1,1
data/raw/ravdess/Actor_19/03-01-02-01-01-02-19.wav,03-01-02-01-01-02-19.wav,19,male,02,calm,normal,1,2
data/raw/ravdess/Actor_19/03-01-02-01-02-01-19.wav,03-01-02-01-02-01-19.wav,19,male,02,calm,normal,2,1
data/raw/ravdess/Actor_19/03-01-02-01-02-02-19.wav,03-01-02-01-02-02-19.wav,19,male,02,calm,normal,2,2
data/raw/ravdess/Actor_19/03-01-02-02-01-01-19.wav,03-01-02-02-01-01-19.wav,19,male,02,calm,strong,1,1
data/raw/ravdess/Actor_19/03-01-02-02-01-02-19.wav,03-01-02-02-01-02-19.wav,19,male,02,calm,strong,1,2
data/raw/ravdess/Actor_19/03-01-02-02-02-01-19.wav,03-01-02-02-02-01-19.wav,19,male,02,calm,strong,2,1
data/raw/ravdess/Actor_19/03-01-02-02-02-02-19.wav,03-01-02-02-02-02-19.wav,19,male,02,calm,strong,2,2
data/raw/ravdess/Actor_19/03-01-03-01-01-01-19.wav,03-01-03-01-01-01-19.wav,19,male,03,happy,normal,1,1
data/raw/ravdess/Actor_19/03-01-03-01-01-02-19.wav,03-01-03-01-01-02-19.wav,19,male,03,happy,normal,1,2
data/raw/ravdess/Actor_19/03-01-03-01-02-01-19.wav,03-01-03-01-02-01-19.wav,19,male,03,happy,normal,2,1
data/raw/ravdess/Actor_19/03-01-03-01-02-02-19.wav,03-01-03-01-02-02-19.wav,19,male,03,happy,normal,2,2
data/raw/ravdess/Actor_19/03-01-03-02-01-01-19.wav,03-01-03-02-01-01-19.wav,19,male,03,happy,strong,1,1
data/raw/ravdess/Actor_19/03-01-03-02-01-02-19.wav,03-01-03-02-01-02-19.wav,19,male,03,happy,strong,1,2
data/raw/ravdess/Actor_19/03-01-03-02-02-01-19.wav,03-01-03-02-02-01-19.wav,19,male,03,happy,strong,2,1
data/raw/ravdess/Actor_19/03-01-03-02-02-02-19.wav,03-01-03-02-02-02-19.wav,19,male,03,happy,strong,2,2
data/raw/ravdess/Actor_19/03-01-04-01-01-01-19.wav,03-01-04-01-01-01-19.wav,19,male,04,sad,normal,1,1
data/raw/ravdess/Actor_19/03-01-04-01-01-02-19.wav,03-01-04-01-01-02-19.wav,19,male,04,sad,normal,1,2
data/raw/ravdess/Actor_19/03-01-04-01-02-01-19.wav,03-01-04-01-02-01-19.wav,19,male,04,sad,normal,2,1
data/raw/ravdess/Actor_19/03-01-04-01-02-02-19.wav,03-01-04-01-02-02-19.wav,19,male,04,sad,normal,2,2
data/raw/ravdess/Actor_19/03-01-04-02-01-01-19.wav,03-01-04-02-01-01-19.wav,19,male,04,sad,strong,1,1
data/raw/ravdess/Actor_19/03-01-04-02-01-02-19.wav,03-01-04-02-01-02-19.wav,19,male,04,sad,strong,1,2
data/raw/ravdess/Actor_19/03-01-04-02-02-01-19.wav,03-01-04-02-02-01-19.wav,19,male,04,sad,strong,2,1
data/raw/ravdess/Actor_19/03-01-04-02-02-02-19.wav,03-01-04-02-02-02-19.wav,19,male,04,sad,strong,2,2
data/raw/ravdess/Actor_19/03-01-05-01-01-01-19.wav,03-01-05-01-01-01-19.wav,19,male,05,angry,normal,1,1
data/raw/ravdess/Actor_19/03-01-05-01-01-02-19.wav,03-01-05-01-01-02-19.wav,19,male,05,angry,normal,1,2
data/raw/ravdess/Actor_19/03-01-05-01-02-01-19.wav,03-01-05-01-02-01-19.wav,19,male,05,angry,normal,2,1
data/raw/ravdess/Actor_19/03-01-05-01-02-02-19.wav,03-01-05-01-02-02-19.wav,19,male,05,angry,normal,2,2
data/raw/ravdess/Actor_19/03-01-05-02-01-01-19.wav,03-01-05-02-01-01-19.wav,19,male,05,angry,strong,1,1
data/raw/ravdess/Actor_19/03-01-05-02-01-02-19.wav,03-01-05-02-01-02-19.wav,19,male,05,angry,strong,1,2
data/raw/ravdess/Actor_19/03-01-05-02-02-01-19.wav,03-01-05-02-02-01-19.wav,19,male,05,angry,strong,2,1
data/raw/ravdess/Actor_19/03-01-05-02-02-02-19.wav,03-01-05-02-02-02-19.wav,19,male,05,angry,strong,2,2
data/raw/ravdess/Actor_19/03-01-06-01-01-01-19.wav,03-01-06-01-01-01-19.wav,19,male,06,fearful,normal,1,1
data/raw/ravdess/Actor_19/03-01-06-01-01-02-19.wav,03-01-06-01-01-02-19.wav,19,male,06,fearful,normal,1,2
data/raw/ravdess/Actor_19/03-01-06-01-02-01-19.wav,03-01-06-01-02-01-19.wav,19,male,06,fearful,normal,2,1
data/raw/ravdess/Actor_19/03-01-06-01-02-02-19.wav,03-01-06-01-02-02-19.wav,19,male,06,fearful,normal,2,2
data/raw/ravdess/Actor_19/03-01-06-02-01-01-19.wav,03-01-06-02-01-01-19.wav,19,male,06,fearful,strong,1,1
data/raw/ravdess/Actor_19/03-01-06-02-01-02-19.wav,03-01-06-02-01-02-19.wav,19,male,06,fearful,strong,1,2
data/raw/ravdess/Actor_19/03-01-06-02-02-01-19.wav,03-01-06-02-02-01-19.wav,19,male,06,fearful,strong,2,1
data/raw/ravdess/Actor_19/03-01-06-02-02-02-19.wav,03-01-06-02-02-02-19.wav,19,male,06,fearful,strong,2,2
data/raw/ravdess/Actor_19/03-01-07-01-01-01-19.wav,03-01-07-01-01-01-19.wav,19,male,07,disgust,normal,1,1
data/raw/ravdess/Actor_19/03-01-07-01-01-02-19.wav,03-01-07-01-01-02-19.wav,19,male,07,disgust,normal,1,2
data/raw/ravdess/Actor_19/03-01-07-01-02-01-19.wav,03-01-07-01-02-01-19.wav,19,male,07,disgust,normal,2,1
data/raw/ravdess/Actor_19/03-01-07-01-02-02-19.wav,03-01-07-01-02-02-19.wav,19,male,07,disgust,normal,2,2
data/raw/ravdess/Actor_19/03-01-07-02-01-01-19.wav,03-01-07-02-01-01-19.wav,19,male,07,disgust,strong,1,1
data/raw/ravdess/Actor_19/03-01-07-02-01-02-19.wav,03-01-07-02-01-02-19.wav,19,male,07,disgust,strong,1,2
data/raw/ravdess/Actor_19/03-01-07-02-02-01-19.wav,03-01-07-02-02-01-19.wav,19,male,07,disgust,strong,2,1
data/raw/ravdess/Actor_19/03-01-07-02-02-02-19.wav,03-01-07-02-02-02-19.wav,19,male,07,disgust,strong,2,2
data/raw/ravdess/Actor_19/03-01-08-01-01-01-19.wav,03-01-08-01-01-01-19.wav,19,male,08,surprised,normal,1,1
data/raw/ravdess/Actor_19/03-01-08-01-01-02-19.wav,03-01-08-01-01-02-19.wav,19,male,08,surprised,normal,1,2
data/raw/ravdess/Actor_19/03-01-08-01-02-01-19.wav,03-01-08-01-02-01-19.wav,19,male,08,surprised,normal,2,1
data/raw/ravdess/Actor_19/03-01-08-01-02-02-19.wav,03-01-08-01-02-02-19.wav,19,male,08,surprised,normal,2,2
data/raw/ravdess/Actor_19/03-01-08-02-01-01-19.wav,03-01-08-02-01-01-19.wav,19,male,08,surprised,strong,1,1
data/raw/ravdess/Actor_19/03-01-08-02-01-02-19.wav,03-01-08-02-01-02-19.wav,19,male,08,surprised,strong,1,2
data/raw/ravdess/Actor_19/03-01-08-02-02-01-19.wav,03-01-08-02-02-01-19.wav,19,male,08,surprised,strong,2,1
data/raw/ravdess/Actor_19/03-01-08-02-02-02-19.wav,03-01-08-02-02-02-19.wav,19,male,08,surprised,strong,2,2
data/raw/ravdess/Actor_20/03-01-01-01-01-01-20.wav,03-01-01-01-01-01-20.wav,20,female,01,neutral,normal,1,1
data/raw/ravdess/Actor_20/03-01-01-01-01-02-20.wav,03-01-01-01-01-02-20.wav,20,female,01,neutral,normal,1,2
data/raw/ravdess/Actor_20/03-01-01-01-02-01-20.wav,03-01-01-01-02-01-20.wav,20,female,01,neutral,normal,2,1
data/raw/ravdess/Actor_20/03-01-01-01-02-02-20.wav,03-01-01-01-02-02-20.wav,20,female,01,neutral,normal,2,2
data/raw/ravdess/Actor_20/03-01-02-01-01-01-20.wav,03-01-02-01-01-01-20.wav,20,female,02,calm,normal,1,1
data/raw/ravdess/Actor_20/03-01-02-01-01-02-20.wav,03-01-02-01-01-02-20.wav,20,female,02,calm,normal,1,2
data/raw/ravdess/Actor_20/03-01-02-01-02-01-20.wav,03-01-02-01-02-01-20.wav,20,female,02,calm,normal,2,1
data/raw/ravdess/Actor_20/03-01-02-01-02-02-20.wav,03-01-02-01-02-02-20.wav,20,female,02,calm,normal,2,2
data/raw/ravdess/Actor_20/03-01-02-02-01-01-20.wav,03-01-02-02-01-01-20.wav,20,female,02,calm,strong,1,1
data/raw/ravdess/Actor_20/03-01-02-02-01-02-20.wav,03-01-02-02-01-02-20.wav,20,female,02,calm,strong,1,2
data/raw/ravdess/Actor_20/03-01-02-02-02-01-20.wav,03-01-02-02-02-01-20.wav,20,female,02,calm,strong,2,1
data/raw/ravdess/Actor_20/03-01-02-02-02-02-20.wav,03-01-02-02-02-02-20.wav,20,female,02,calm,strong,2,2
data/raw/ravdess/Actor_20/03-01-03-01-01-01-20.wav,03-01-03-01-01-01-20.wav,20,female,03,happy,normal,1,1
data/raw/ravdess/Actor_20/03-01-03-01-01-02-20.wav,03-01-03-01-01-02-20.wav,20,female,03,happy,normal,1,2
data/raw/ravdess/Actor_20/03-01-03-01-02-01-20.wav,03-01-03-01-02-01-20.wav,20,female,03,happy,normal,2,1
data/raw/ravdess/Actor_20/03-01-03-01-02-02-20.wav,03-01-03-01-02-02-20.wav,20,female,03,happy,normal,2,2
data/raw/ravdess/Actor_20/03-01-03-02-01-01-20.wav,03-01-03-02-01-01-20.wav,20,female,03,happy,strong,1,1
data/raw/ravdess/Actor_20/03-01-03-02-01-02-20.wav,03-01-03-02-01-02-20.wav,20,female,03,happy,strong,1,2
data/raw/ravdess/Actor_20/03-01-03-02-02-01-20.wav,03-01-03-02-02-01-20.wav,20,female,03,happy,strong,2,1
data/raw/ravdess/Actor_20/03-01-03-02-02-02-20.wav,03-01-03-02-02-02-20.wav,20,female,03,happy,strong,2,2
data/raw/ravdess/Actor_20/03-01-04-01-01-01-20.wav,03-01-04-01-01-01-20.wav,20,female,04,sad,normal,1,1
data/raw/ravdess/Actor_20/03-01-04-01-01-02-20.wav,03-01-04-01-01-02-20.wav,20,female,04,sad,normal,1,2
data/raw/ravdess/Actor_20/03-01-04-01-02-01-20.wav,03-01-04-01-02-01-20.wav,20,female,04,sad,normal,2,1
data/raw/ravdess/Actor_20/03-01-04-01-02-02-20.wav,03-01-04-01-02-02-20.wav,20,female,04,sad,normal,2,2
data/raw/ravdess/Actor_20/03-01-04-02-01-01-20.wav,03-01-04-02-01-01-20.wav,20,female,04,sad,strong,1,1
data/raw/ravdess/Actor_20/03-01-04-02-01-02-20.wav,03-01-04-02-01-02-20.wav,20,female,04,sad,strong,1,2
data/raw/ravdess/Actor_20/03-01-04-02-02-01-20.wav,03-01-04-02-02-01-20.wav,20,female,04,sad,strong,2,1
data/raw/ravdess/Actor_20/03-01-04-02-02-02-20.wav,03-01-04-02-02-02-20.wav,20,female,04,sad,strong,2,2
data/raw/ravdess/Actor_20/03-01-05-01-01-01-20.wav,03-01-05-01-01-01-20.wav,20,female,05,angry,normal,1,1
data/raw/ravdess/Actor_20/03-01-05-01-01-02-20.wav,03-01-05-01-01-02-20.wav,20,female,05,angry,normal,1,2
data/raw/ravdess/Actor_20/03-01-05-01-02-01-20.wav,03-01-05-01-02-01-20.wav,20,female,05,angry,normal,2,1
data/raw/ravdess/Actor_20/03-01-05-01-02-02-20.wav,03-01-05-01-02-02-20.wav,20,female,05,angry,normal,2,2
data/raw/ravdess/Actor_20/03-01-05-02-01-01-20.wav,03-01-05-02-01-01-20.wav,20,female,05,angry,strong,1,1
data/raw/ravdess/Actor_20/03-01-05-02-01-02-20.wav,03-01-05-02-01-02-20.wav,20,female,05,angry,strong,1,2
data/raw/ravdess/Actor_20/03-01-05-02-02-01-20.wav,03-01-05-02-02-01-20.wav,20,female,05,angry,strong,2,1
data/raw/ravdess/Actor_20/03-01-05-02-02-02-20.wav,03-01-05-02-02-02-20.wav,20,female,05,angry,strong,2,2
data/raw/ravdess/Actor_20/03-01-06-01-01-01-20.wav,03-01-06-01-01-01-20.wav,20,female,06,fearful,normal,1,1
data/raw/ravdess/Actor_20/03-01-06-01-01-02-20.wav,03-01-06-01-01-02-20.wav,20,female,06,fearful,normal,1,2
data/raw/ravdess/Actor_20/03-01-06-01-02-01-20.wav,03-01-06-01-02-01-20.wav,20,female,06,fearful,normal,2,1
data/raw/ravdess/Actor_20/03-01-06-01-02-02-20.wav,03-01-06-01-02-02-20.wav,20,female,06,fearful,normal,2,2
data/raw/ravdess/Actor_20/03-01-06-02-01-01-20.wav,03-01-06-02-01-01-20.wav,20,female,06,fearful,strong,1,1
data/raw/ravdess/Actor_20/03-01-06-02-01-02-20.wav,03-01-06-02-01-02-20.wav,20,female,06,fearful,strong,1,2
data/raw/ravdess/Actor_20/03-01-06-02-02-01-20.wav,03-01-06-02-02-01-20.wav,20,female,06,fearful,strong,2,1
data/raw/ravdess/Actor_20/03-01-06-02-02-02-20.wav,03-01-06-02-02-02-20.wav,20,female,06,fearful,strong,2,2
data/raw/ravdess/Actor_20/03-01-07-01-01-01-20.wav,03-01-07-01-01-01-20.wav,20,female,07,disgust,normal,1,1
data/raw/ravdess/Actor_20/03-01-07-01-01-02-20.wav,03-01-07-01-01-02-20.wav,20,female,07,disgust,normal,1,2
data/raw/ravdess/Actor_20/03-01-07-01-02-01-20.wav,03-01-07-01-02-01-20.wav,20,female,07,disgust,normal,2,1
data/raw/ravdess/Actor_20/03-01-07-01-02-02-20.wav,03-01-07-01-02-02-20.wav,20,female,07,disgust,normal,2,2
data/raw/ravdess/Actor_20/03-01-07-02-01-01-20.wav,03-01-07-02-01-01-20.wav,20,female,07,disgust,strong,1,1
data/raw/ravdess/Actor_20/03-01-07-02-01-02-20.wav,03-01-07-02-01-02-20.wav,20,female,07,disgust,strong,1,2
data/raw/ravdess/Actor_20/03-01-07-02-02-01-20.wav,03-01-07-02-02-01-20.wav,20,female,07,disgust,strong,2,1
data/raw/ravdess/Actor_20/03-01-07-02-02-02-20.wav,03-01-07-02-02-02-20.wav,20,female,07,disgust,strong,2,2
data/raw/ravdess/Actor_20/03-01-08-01-01-01-20.wav,03-01-08-01-01-01-20.wav,20,female,08,surprised,normal,1,1
data/raw/ravdess/Actor_20/03-01-08-01-01-02-20.wav,03-01-08-01-01-02-20.wav,20,female,08,surprised,normal,1,2
data/raw/ravdess/Actor_20/03-01-08-01-02-01-20.wav,03-01-08-01-02-01-20.wav,20,female,08,surprised,normal,2,1
data/raw/ravdess/Actor_20/03-01-08-01-02-02-20.wav,03-01-08-01-02-02-20.wav,20,female,08,surprised,normal,2,2
data/raw/ravdess/Actor_20/03-01-08-02-01-01-20.wav,03-01-08-02-01-01-20.wav,20,female,08,surprised,strong,1,1
data/raw/ravdess/Actor_20/03-01-08-02-01-02-20.wav,03-01-08-02-01-02-20.wav,20,female,08,surprised,strong,1,2
data/raw/ravdess/Actor_20/03-01-08-02-02-01-20.wav,03-01-08-02-02-01-20.wav,20,female,08,surprised,strong,2,1
data/raw/ravdess/Actor_20/03-01-08-02-02-02-20.wav,03-01-08-02-02-02-20.wav,20,female,08,surprised,strong,2,2
data/raw/ravdess/Actor_21/03-01-01-01-01-01-21.wav,03-01-01-01-01-01-21.wav,21,male,01,neutral,normal,1,1
data/raw/ravdess/Actor_21/03-01-01-01-01-02-21.wav,03-01-01-01-01-02-21.wav,21,male,01,neutral,normal,1,2
data/raw/ravdess/Actor_21/03-01-01-01-02-01-21.wav,03-01-01-01-02-01-21.wav,21,male,01,neutral,normal,2,1
data/raw/ravdess/Actor_21/03-01-01-01-02-02-21.wav,03-01-01-01-02-02-21.wav,21,male,01,neutral,normal,2,2
data/raw/ravdess/Actor_21/03-01-02-01-01-01-21.wav,03-01-02-01-01-01-21.wav,21,male,02,calm,normal,1,1
data/raw/ravdess/Actor_21/03-01-02-01-01-02-21.wav,03-01-02-01-01-02-21.wav,21,male,02,calm,normal,1,2
data/raw/ravdess/Actor_21/03-01-02-01-02-01-21.wav,03-01-02-01-02-01-21.wav,21,male,02,calm,normal,2,1
data/raw/ravdess/Actor_21/03-01-02-01-02-02-21.wav,03-01-02-01-02-02-21.wav,21,male,02,calm,normal,2,2
data/raw/ravdess/Actor_21/03-01-02-02-01-01-21.wav,03-01-02-02-01-01-21.wav,21,male,02,calm,strong,1,1
data/raw/ravdess/Actor_21/03-01-02-02-01-02-21.wav,03-01-02-02-01-02-21.wav,21,male,02,calm,strong,1,2
data/raw/ravdess/Actor_21/03-01-02-02-02-01-21.wav,03-01-02-02-02-01-21.wav,21,male,02,calm,strong,2,1
data/raw/ravdess/Actor_21/03-01-02-02-02-02-21.wav,03-01-02-02-02-02-21.wav,21,male,02,calm,strong,2,2
data/raw/ravdess/Actor_21/03-01-03-01-01-01-21.wav,03-01-03-01-01-01-21.wav,21,male,03,happy,normal,1,1
data/raw/ravdess/Actor_21/03-01-03-01-01-02-21.wav,03-01-03-01-01-02-21.wav,21,male,03,happy,normal,1,2
data/raw/ravdess/Actor_21/03-01-03-01-02-01-21.wav,03-01-03-01-02-01-21.wav,21,male,03,happy,normal,2,1
data/raw/ravdess/Actor_21/03-01-03-01-02-02-21.wav,03-01-03-01-02-02-21.wav,21,male,03,happy,normal,2,2
data/raw/ravdess/Actor_21/03-01-03-02-01-01-21.wav,03-01-03-02-01-01-21.wav,21,male,03,happy,strong,1,1
data/raw/ravdess/Actor_21/03-01-03-02-01-02-21.wav,03-01-03-02-01-02-21.wav,21,male,03,happy,strong,1,2
data/raw/ravdess/Actor_21/03-01-03-02-02-01-21.wav,03-01-03-02-02-01-21.wav,21,male,03,happy,strong,2,1
data/raw/ravdess/Actor_21/03-01-03-02-02-02-21.wav,03-01-03-02-02-02-21.wav,21,male,03,happy,strong,2,2
data/raw/ravdess/Actor_21/03-01-04-01-01-01-21.wav,03-01-04-01-01-01-21.wav,21,male,04,sad,normal,1,1
data/raw/ravdess/Actor_21/03-01-04-01-01-02-21.wav,03-01-04-01-01-02-21.wav,21,male,04,sad,normal,1,2
data/raw/ravdess/Actor_21/03-01-04-01-02-01-21.wav,03-01-04-01-02-01-21.wav,21,male,04,sad,normal,2,1
data/raw/ravdess/Actor_21/03-01-04-01-02-02-21.wav,03-01-04-01-02-02-21.wav,21,male,04,sad,normal,2,2
data/raw/ravdess/Actor_21/03-01-04-02-01-01-21.wav,03-01-04-02-01-01-21.wav,21,male,04,sad,strong,1,1
data/raw/ravdess/Actor_21/03-01-04-02-01-02-21.wav,03-01-04-02-01-02-21.wav,21,male,04,sad,strong,1,2
data/raw/ravdess/Actor_21/03-01-04-02-02-01-21.wav,03-01-04-02-02-01-21.wav,21,male,04,sad,strong,2,1
data/raw/ravdess/Actor_21/03-01-04-02-02-02-21.wav,03-01-04-02-02-02-21.wav,21,male,04,sad,strong,2,2
data/raw/ravdess/Actor_21/03-01-05-01-01-01-21.wav,03-01-05-01-01-01-21.wav,21,male,05,angry,normal,1,1
data/raw/ravdess/Actor_21/03-01-05-01-01-02-21.wav,03-01-05-01-01-02-21.wav,21,male,05,angry,normal,1,2
data/raw/ravdess/Actor_21/03-01-05-01-02-01-21.wav,03-01-05-01-02-01-21.wav,21,male,05,angry,normal,2,1
data/raw/ravdess/Actor_21/03-01-05-01-02-02-21.wav,03-01-05-01-02-02-21.wav,21,male,05,angry,normal,2,2
data/raw/ravdess/Actor_21/03-01-05-02-01-01-21.wav,03-01-05-02-01-01-21.wav,21,male,05,angry,strong,1,1
data/raw/ravdess/Actor_21/03-01-05-02-01-02-21.wav,03-01-05-02-01-02-21.wav,21,male,05,angry,strong,1,2
data/raw/ravdess/Actor_21/03-01-05-02-02-01-21.wav,03-01-05-02-02-01-21.wav,21,male,05,angry,strong,2,1
data/raw/ravdess/Actor_21/03-01-05-02-02-02-21.wav,03-01-05-02-02-02-21.wav,21,male,05,angry,strong,2,2
data/raw/ravdess/Actor_21/03-01-06-01-01-01-21.wav,03-01-06-01-01-01-21.wav,21,male,06,fearful,normal,1,1
data/raw/ravdess/Actor_21/03-01-06-01-01-02-21.wav,03-01-06-01-01-02-21.wav,21,male,06,fearful,normal,1,2
data/raw/ravdess/Actor_21/03-01-06-01-02-01-21.wav,03-01-06-01-02-01-21.wav,21,male,06,fearful,normal,2,1
data/raw/ravdess/Actor_21/03-01-06-01-02-02-21.wav,03-01-06-01-02-02-21.wav,21,male,06,fearful,normal,2,2
data/raw/ravdess/Actor_21/03-01-06-02-01-01-21.wav,03-01-06-02-01-01-21.wav,21,male,06,fearful,strong,1,1
data/raw/ravdess/Actor_21/03-01-06-02-01-02-21.wav,03-01-06-02-01-02-21.wav,21,male,06,fearful,strong,1,2
data/raw/ravdess/Actor_21/03-01-06-02-02-01-21.wav,03-01-06-02-02-01-21.wav,21,male,06,fearful,strong,2,1
data/raw/ravdess/Actor_21/03-01-06-02-02-02-21.wav,03-01-06-02-02-02-21.wav,21,male,06,fearful,strong,2,2
data/raw/ravdess/Actor_21/03-01-07-01-01-01-21.wav,03-01-07-01-01-01-21.wav,21,male,07,disgust,normal,1,1
data/raw/ravdess/Actor_21/03-01-07-01-01-02-21.wav,03-01-07-01-01-02-21.wav,21,male,07,disgust,normal,1,2
data/raw/ravdess/Actor_21/03-01-07-01-02-01-21.wav,03-01-07-01-02-01-21.wav,21,male,07,disgust,normal,2,1
data/raw/ravdess/Actor_21/03-01-07-01-02-02-21.wav,03-01-07-01-02-02-21.wav,21,male,07,disgust,normal,2,2
data/raw/ravdess/Actor_21/03-01-07-02-01-01-21.wav,03-01-07-02-01-01-21.wav,21,male,07,disgust,strong,1,1
data/raw/ravdess/Actor_21/03-01-07-02-01-02-21.wav,03-01-07-02-01-02-21.wav,21,male,07,disgust,strong,1,2
data/raw/ravdess/Actor_21/03-01-07-02-02-01-21.wav,03-01-07-02-02-01-21.wav,21,male,07,disgust,strong,2,1
data/raw/ravdess/Actor_21/03-01-07-02-02-02-21.wav,03-01-07-02-02-02-21.wav,21,male,07,disgust,strong,2,2
data/raw/ravdess/Actor_21/03-01-08-01-01-01-21.wav,03-01-08-01-01-01-21.wav,21,male,08,surprised,normal,1,1
data/raw/ravdess/Actor_21/03-01-08-01-01-02-21.wav,03-01-08-01-01-02-21.wav,21,male,08,surprised,normal,1,2
data/raw/ravdess/Actor_21/03-01-08-01-02-01-21.wav,03-01-08-01-02-01-21.wav,21,male,08,surprised,normal,2,1
data/raw/ravdess/Actor_21/03-01-08-01-02-02-21.wav,03-01-08-01-02-02-21.wav,21,male,08,surprised,normal,2,2
data/raw/ravdess/Actor_21/03-01-08-02-01-01-21.wav,03-01-08-02-01-01-21.wav,21,male,08,surprised,strong,1,1
data/raw/ravdess/Actor_21/03-01-08-02-01-02-21.wav,03-01-08-02-01-02-21.wav,21,male,08,surprised,strong,1,2
data/raw/ravdess/Actor_21/03-01-08-02-02-01-21.wav,03-01-08-02-02-01-21.wav,21,male,08,surprised,strong,2,1
data/raw/ravdess/Actor_21/03-01-08-02-02-02-21.wav,03-01-08-02-02-02-21.wav,21,male,08,surprised,strong,2,2
data/raw/ravdess/Actor_22/03-01-01-01-01-01-22.wav,03-01-01-01-01-01-22.wav,22,female,01,neutral,normal,1,1
data/raw/ravdess/Actor_22/03-01-01-01-01-02-22.wav,03-01-01-01-01-02-22.wav,22,female,01,neutral,normal,1,2
data/raw/ravdess/Actor_22/03-01-01-01-02-01-22.wav,03-01-01-01-02-01-22.wav,22,female,01,neutral,normal,2,1
data/raw/ravdess/Actor_22/03-01-01-01-02-02-22.wav,03-01-01-01-02-02-22.wav,22,female,01,neutral,normal,2,2
data/raw/ravdess/Actor_22/03-01-02-01-01-01-22.wav,03-01-02-01-01-01-22.wav,22,female,02,calm,normal,1,1
data/raw/ravdess/Actor_22/03-01-02-01-01-02-22.wav,03-01-02-01-01-02-22.wav,22,female,02,calm,normal,1,2
data/raw/ravdess/Actor_22/03-01-02-01-02-01-22.wav,03-01-02-01-02-01-22.wav,22,female,02,calm,normal,2,1
data/raw/ravdess/Actor_22/03-01-02-01-02-02-22.wav,03-01-02-01-02-02-22.wav,22,female,02,calm,normal,2,2
data/raw/ravdess/Actor_22/03-01-02-02-01-01-22.wav,03-01-02-02-01-01-22.wav,22,female,02,calm,strong,1,1
data/raw/ravdess/Actor_22/03-01-02-02-01-02-22.wav,03-01-02-02-01-02-22.wav,22,female,02,calm,strong,1,2
data/raw/ravdess/Actor_22/03-01-02-02-02-01-22.wav,03-01-02-02-02-01-22.wav,22,female,02,calm,strong,2,1
data/raw/ravdess/Actor_22/03-01-02-02-02-02-22.wav,03-01-02-02-02-02-22.wav,22,female,02,calm,strong,2,2
data/raw/ravdess/Actor_22/03-01-03-01-01-01-22.wav,03-01-03-01-01-01-22.wav,22,female,03,happy,normal,1,1
data/raw/ravdess/Actor_22/03-01-03-01-01-02-22.wav,03-01-03-01-01-02-22.wav,22,female,03,happy,normal,1,2
data/raw/ravdess/Actor_22/03-01-03-01-02-01-22.wav,03-01-03-01-02-01-22.wav,22,female,03,happy,normal,2,1
data/raw/ravdess/Actor_22/03-01-03-01-02-02-22.wav,03-01-03-01-02-02-22.wav,22,female,03,happy,normal,2,2
data/raw/ravdess/Actor_22/03-01-03-02-01-01-22.wav,03-01-03-02-01-01-22.wav,22,female,03,happy,strong,1,1
data/raw/ravdess/Actor_22/03-01-03-02-01-02-22.wav,03-01-03-02-01-02-22.wav,22,female,03,happy,strong,1,2
data/raw/ravdess/Actor_22/03-01-03-02-02-01-22.wav,03-01-03-02-02-01-22.wav,22,female,03,happy,strong,2,1
data/raw/ravdess/Actor_22/03-01-03-02-02-02-22.wav,03-01-03-02-02-02-22.wav,22,female,03,happy,strong,2,2
data/raw/ravdess/Actor_22/03-01-04-01-01-01-22.wav,03-01-04-01-01-01-22.wav,22,female,04,sad,normal,1,1
data/raw/ravdess/Actor_22/03-01-04-01-01-02-22.wav,03-01-04-01-01-02-22.wav,22,female,04,sad,normal,1,2
data/raw/ravdess/Actor_22/03-01-04-01-02-01-22.wav,03-01-04-01-02-01-22.wav,22,female,04,sad,normal,2,1
data/raw/ravdess/Actor_22/03-01-04-01-02-02-22.wav,03-01-04-01-02-02-22.wav,22,female,04,sad,normal,2,2
data/raw/ravdess/Actor_22/03-01-04-02-01-01-22.wav,03-01-04-02-01-01-22.wav,22,female,04,sad,strong,1,1
data/raw/ravdess/Actor_22/03-01-04-02-01-02-22.wav,03-01-04-02-01-02-22.wav,22,female,04,sad,strong,1,2
data/raw/ravdess/Actor_22/03-01-04-02-02-01-22.wav,03-01-04-02-02-01-22.wav,22,female,04,sad,strong,2,1
data/raw/ravdess/Actor_22/03-01-04-02-02-02-22.wav,03-01-04-02-02-02-22.wav,22,female,04,sad,strong,2,2
data/raw/ravdess/Actor_22/03-01-05-01-01-01-22.wav,03-01-05-01-01-01-22.wav,22,female,05,angry,normal,1,1
data/raw/ravdess/Actor_22/03-01-05-01-01-02-22.wav,03-01-05-01-01-02-22.wav,22,female,05,angry,normal,1,2
data/raw/ravdess/Actor_22/03-01-05-01-02-01-22.wav,03-01-05-01-02-01-22.wav,22,female,05,angry,normal,2,1
data/raw/ravdess/Actor_22/03-01-05-01-02-02-22.wav,03-01-05-01-02-02-22.wav,22,female,05,angry,normal,2,2
data/raw/ravdess/Actor_22/03-01-05-02-01-01-22.wav,03-01-05-02-01-01-22.wav,22,female,05,angry,strong,1,1
data/raw/ravdess/Actor_22/03-01-05-02-01-02-22.wav,03-01-05-02-01-02-22.wav,22,female,05,angry,strong,1,2
data/raw/ravdess/Actor_22/03-01-05-02-02-01-22.wav,03-01-05-02-02-01-22.wav,22,female,05,angry,strong,2,1
data/raw/ravdess/Actor_22/03-01-05-02-02-02-22.wav,03-01-05-02-02-02-22.wav,22,female,05,angry,strong,2,2
data/raw/ravdess/Actor_22/03-01-06-01-01-01-22.wav,03-01-06-01-01-01-22.wav,22,female,06,fearful,normal,1,1
data/raw/ravdess/Actor_22/03-01-06-01-01-02-22.wav,03-01-06-01-01-02-22.wav,22,female,06,fearful,normal,1,2
data/raw/ravdess/Actor_22/03-01-06-01-02-01-22.wav,03-01-06-01-02-01-22.wav,22,female,06,fearful,normal,2,1
data/raw/ravdess/Actor_22/03-01-06-01-02-02-22.wav,03-01-06-01-02-02-22.wav,22,female,06,fearful,normal,2,2
data/raw/ravdess/Actor_22/03-01-06-02-01-01-22.wav,03-01-06-02-01-01-22.wav,22,female,06,fearful,strong,1,1
data/raw/ravdess/Actor_22/03-01-06-02-01-02-22.wav,03-01-06-02-01-02-22.wav,22,female,06,fearful,strong,1,2
data/raw/ravdess/Actor_22/03-01-06-02-02-01-22.wav,03-01-06-02-02-01-22.wav,22,female,06,fearful,strong,2,1
data/raw/ravdess/Actor_22/03-01-06-02-02-02-22.wav,03-01-06-02-02-02-22.wav,22,female,06,fearful,strong,2,2
data/raw/ravdess/Actor_22/03-01-07-01-01-01-22.wav,03-01-07-01-01-01-22.wav,22,female,07,disgust,normal,1,1
data/raw/ravdess/Actor_22/03-01-07-01-01-02-22.wav,03-01-07-01-01-02-22.wav,22,female,07,disgust,normal,1,2
data/raw/ravdess/Actor_22/03-01-07-01-02-01-22.wav,03-01-07-01-02-01-22.wav,22,female,07,disgust,normal,2,1
data/raw/ravdess/Actor_22/03-01-07-01-02-02-22.wav,03-01-07-01-02-02-22.wav,22,female,07,disgust,normal,2,2
data/raw/ravdess/Actor_22/03-01-07-02-01-01-22.wav,03-01-07-02-01-01-22.wav,22,female,07,disgust,strong,1,1
data/raw/ravdess/Actor_22/03-01-07-02-01-02-22.wav,03-01-07-02-01-02-22.wav,22,female,07,disgust,strong,1,2
data/raw/ravdess/Actor_22/03-01-07-02-02-01-22.wav,03-01-07-02-02-01-22.wav,22,female,07,disgust,strong,2,1
data/raw/ravdess/Actor_22/03-01-07-02-02-02-22.wav,03-01-07-02-02-02-22.wav,22,female,07,disgust,strong,2,2
data/raw/ravdess/Actor_22/03-01-08-01-01-01-22.wav,03-01-08-01-01-01-22.wav,22,female,08,surprised,normal,1,1
data/raw/ravdess/Actor_22/03-01-08-01-01-02-22.wav,03-01-08-01-01-02-22.wav,22,female,08,surprised,normal,1,2
data/raw/ravdess/Actor_22/03-01-08-01-02-01-22.wav,03-01-08-01-02-01-22.wav,22,female,08,surprised,normal,2,1
data/raw/ravdess/Actor_22/03-01-08-01-02-02-22.wav,03-01-08-01-02-02-22.wav,22,female,08,surprised,normal,2,2
data/raw/ravdess/Actor_22/03-01-08-02-01-01-22.wav,03-01-08-02-01-01-22.wav,22,female,08,surprised,strong,1,1
data/raw/ravdess/Actor_22/03-01-08-02-01-02-22.wav,03-01-08-02-01-02-22.wav,22,female,08,surprised,strong,1,2
data/raw/ravdess/Actor_22/03-01-08-02-02-01-22.wav,03-01-08-02-02-01-22.wav,22,female,08,surprised,strong,2,1
data/raw/ravdess/Actor_22/03-01-08-02-02-02-22.wav,03-01-08-02-02-02-22.wav,22,female,08,surprised,strong,2,2
data/raw/ravdess/Actor_23/03-01-01-01-01-01-23.wav,03-01-01-01-01-01-23.wav,23,male,01,neutral,normal,1,1
data/raw/ravdess/Actor_23/03-01-01-01-01-02-23.wav,03-01-01-01-01-02-23.wav,23,male,01,neutral,normal,1,2
data/raw/ravdess/Actor_23/03-01-01-01-02-01-23.wav,03-01-01-01-02-01-23.wav,23,male,01,neutral,normal,2,1
data/raw/ravdess/Actor_23/03-01-01-01-02-02-23.wav,03-01-01-01-02-02-23.wav,23,male,01,neutral,normal,2,2
data/raw/ravdess/Actor_23/03-01-02-01-01-01-23.wav,03-01-02-01-01-01-23.wav,23,male,02,calm,normal,1,1
data/raw/ravdess/Actor_23/03-01-02-01-01-02-23.wav,03-01-02-01-01-02-23.wav,23,male,02,calm,normal,1,2
data/raw/ravdess/Actor_23/03-01-02-01-02-01-23.wav,03-01-02-01-02-01-23.wav,23,male,02,calm,normal,2,1
data/raw/ravdess/Actor_23/03-01-02-01-02-02-23.wav,03-01-02-01-02-02-23.wav,23,male,02,calm,normal,2,2
data/raw/ravdess/Actor_23/03-01-02-02-01-01-23.wav,03-01-02-02-01-01-23.wav,23,male,02,calm,strong,1,1
data/raw/ravdess/Actor_23/03-01-02-02-01-02-23.wav,03-01-02-02-01-02-23.wav,23,male,02,calm,strong,1,2
data/raw/ravdess/Actor_23/03-01-02-02-02-01-23.wav,03-01-02-02-02-01-23.wav,23,male,02,calm,strong,2,1
data/raw/ravdess/Actor_23/03-01-02-02-02-02-23.wav,03-01-02-02-02-02-23.wav,23,male,02,calm,strong,2,2
data/raw/ravdess/Actor_23/03-01-03-01-01-01-23.wav,03-01-03-01-01-01-23.wav,23,male,03,happy,normal,1,1
data/raw/ravdess/Actor_23/03-01-03-01-01-02-23.wav,03-01-03-01-01-02-23.wav,23,male,03,happy,normal,1,2
data/raw/ravdess/Actor_23/03-01-03-01-02-01-23.wav,03-01-03-01-02-01-23.wav,23,male,03,happy,normal,2,1
data/raw/ravdess/Actor_23/03-01-03-01-02-02-23.wav,03-01-03-01-02-02-23.wav,23,male,03,happy,normal,2,2
data/raw/ravdess/Actor_23/03-01-03-02-01-01-23.wav,03-01-03-02-01-01-23.wav,23,male,03,happy,strong,1,1
data/raw/ravdess/Actor_23/03-01-03-02-01-02-23.wav,03-01-03-02-01-02-23.wav,23,male,03,happy,strong,1,2
data/raw/ravdess/Actor_23/03-01-03-02-02-01-23.wav,03-01-03-02-02-01-23.wav,23,male,03,happy,strong,2,1
data/raw/ravdess/Actor_23/03-01-03-02-02-02-23.wav,03-01-03-02-02-02-23.wav,23,male,03,happy,strong,2,2
data/raw/ravdess/Actor_23/03-01-04-01-01-01-23.wav,03-01-04-01-01-01-23.wav,23,male,04,sad,normal,1,1
data/raw/ravdess/Actor_23/03-01-04-01-01-02-23.wav,03-01-04-01-01-02-23.wav,23,male,04,sad,normal,1,2
data/raw/ravdess/Actor_23/03-01-04-01-02-01-23.wav,03-01-04-01-02-01-23.wav,23,male,04,sad,normal,2,1
data/raw/ravdess/Actor_23/03-01-04-01-02-02-23.wav,03-01-04-01-02-02-23.wav,23,male,04,sad,normal,2,2
data/raw/ravdess/Actor_23/03-01-04-02-01-01-23.wav,03-01-04-02-01-01-23.wav,23,male,04,sad,strong,1,1
data/raw/ravdess/Actor_23/03-01-04-02-01-02-23.wav,03-01-04-02-01-02-23.wav,23,male,04,sad,strong,1,2
data/raw/ravdess/Actor_23/03-01-04-02-02-01-23.wav,03-01-04-02-02-01-23.wav,23,male,04,sad,strong,2,1
data/raw/ravdess/Actor_23/03-01-04-02-02-02-23.wav,03-01-04-02-02-02-23.wav,23,male,04,sad,strong,2,2
data/raw/ravdess/Actor_23/03-01-05-01-01-01-23.wav,03-01-05-01-01-01-23.wav,23,male,05,angry,normal,1,1
data/raw/ravdess/Actor_23/03-01-05-01-01-02-23.wav,03-01-05-01-01-02-23.wav,23,male,05,angry,normal,1,2
data/raw/ravdess/Actor_23/03-01-05-01-02-01-23.wav,03-01-05-01-02-01-23.wav,23,male,05,angry,normal,2,1
data/raw/ravdess/Actor_23/03-01-05-01-02-02-23.wav,03-01-05-01-02-02-23.wav,23,male,05,angry,normal,2,2
data/raw/ravdess/Actor_23/03-01-05-02-01-01-23.wav,03-01-05-02-01-01-23.wav,23,male,05,angry,strong,1,1
data/raw/ravdess/Actor_23/03-01-05-02-01-02-23.wav,03-01-05-02-01-02-23.wav,23,male,05,angry,strong,1,2
data/raw/ravdess/Actor_23/03-01-05-02-02-01-23.wav,03-01-05-02-02-01-23.wav,23,male,05,angry,strong,2,1
data/raw/ravdess/Actor_23/03-01-05-02-02-02-23.wav,03-01-05-02-02-02-23.wav,23,male,05,angry,strong,2,2
data/raw/ravdess/Actor_23/03-01-06-01-01-01-23.wav,03-01-06-01-01-01-23.wav,23,male,06,fearful,normal,1,1
data/raw/ravdess/Actor_23/03-01-06-01-01-02-23.wav,03-01-06-01-01-02-23.wav,23,male,06,fearful,normal,1,2
data/raw/ravdess/Actor_23/03-01-06-01-02-01-23.wav,03-01-06-01-02-01-23.wav,23,male,06,fearful,normal,2,1
data/raw/ravdess/Actor_23/03-01-06-01-02-02-23.wav,03-01-06-01-02-02-23.wav,23,male,06,fearful,normal,2,2
data/raw/ravdess/Actor_23/03-01-06-02-01-01-23.wav,03-01-06-02-01-01-23.wav,23,male,06,fearful,strong,1,1
data/raw/ravdess/Actor_23/03-01-06-02-01-02-23.wav,03-01-06-02-01-02-23.wav,23,male,06,fearful,strong,1,2
data/raw/ravdess/Actor_23/03-01-06-02-02-01-23.wav,03-01-06-02-02-01-23.wav,23,male,06,fearful,strong,2,1
data/raw/ravdess/Actor_23/03-01-06-02-02-02-23.wav,03-01-06-02-02-02-23.wav,23,male,06,fearful,strong,2,2
data/raw/ravdess/Actor_23/03-01-07-01-01-01-23.wav,03-01-07-01-01-01-23.wav,23,male,07,disgust,normal,1,1
data/raw/ravdess/Actor_23/03-01-07-01-01-02-23.wav,03-01-07-01-01-02-23.wav,23,male,07,disgust,normal,1,2
data/raw/ravdess/Actor_23/03-01-07-01-02-01-23.wav,03-01-07-01-02-01-23.wav,23,male,07,disgust,normal,2,1
data/raw/ravdess/Actor_23/03-01-07-01-02-02-23.wav,03-01-07-01-02-02-23.wav,23,male,07,disgust,normal,2,2
data/raw/ravdess/Actor_23/03-01-07-02-01-01-23.wav,03-01-07-02-01-01-23.wav,23,male,07,disgust,strong,1,1
data/raw/ravdess/Actor_23/03-01-07-02-01-02-23.wav,03-01-07-02-01-02-23.wav,23,male,07,disgust,strong,1,2
data/raw/ravdess/Actor_23/03-01-07-02-02-01-23.wav,03-01-07-02-02-01-23.wav,23,male,07,disgust,strong,2,1
data/raw/ravdess/Actor_23/03-01-07-02-02-02-23.wav,03-01-07-02-02-02-23.wav,23,male,07,disgust,strong,2,2
data/raw/ravdess/Actor_23/03-01-08-01-01-01-23.wav,03-01-08-01-01-01-23.wav,23,male,08,surprised,normal,1,1
data/raw/ravdess/Actor_23/03-01-08-01-01-02-23.wav,03-01-08-01-01-02-23.wav,23,male,08,surprised,normal,1,2
data/raw/ravdess/Actor_23/03-01-08-01-02-01-23.wav,03-01-08-01-02-01-23.wav,23,male,08,surprised,normal,2,1
data/raw/ravdess/Actor_23/03-01-08-01-02-02-23.wav,03-01-08-01-02-02-23.wav,23,male,08,surprised,normal,2,2
data/raw/ravdess/Actor_23/03-01-08-02-01-01-23.wav,03-01-08-02-01-01-23.wav,23,male,08,surprised,strong,1,1
data/raw/ravdess/Actor_23/03-01-08-02-01-02-23.wav,03-01-08-02-01-02-23.wav,23,male,08,surprised,strong,1,2
data/raw/ravdess/Actor_23/03-01-08-02-02-01-23.wav,03-01-08-02-02-01-23.wav,23,male,08,surprised,strong,2,1
data/raw/ravdess/Actor_23/03-01-08-02-02-02-23.wav,03-01-08-02-02-02-23.wav,23,male,08,surprised,strong,2,2
data/raw/ravdess/Actor_24/03-01-01-01-01-01-24.wav,03-01-01-01-01-01-24.wav,24,female,01,neutral,normal,1,1
data/raw/ravdess/Actor_24/03-01-01-01-01-02-24.wav,03-01-01-01-01-02-24.wav,24,female,01,neutral,normal,1,2
data/raw/ravdess/Actor_24/03-01-01-01-02-01-24.wav,03-01-01-01-02-01-24.wav,24,female,01,neutral,normal,2,1
data/raw/ravdess/Actor_24/03-01-01-01-02-02-24.wav,03-01-01-01-02-02-24.wav,24,female,01,neutral,normal,2,2
data/raw/ravdess/Actor_24/03-01-02-01-01-01-24.wav,03-01-02-01-01-01-24.wav,24,female,02,calm,normal,1,1
data/raw/ravdess/Actor_24/03-01-02-01-01-02-24.wav,03-01-02-01-01-02-24.wav,24,female,02,calm,normal,1,2
data/raw/ravdess/Actor_24/03-01-02-01-02-01-24.wav,03-01-02-01-02-01-24.wav,24,female,02,calm,normal,2,1
data/raw/ravdess/Actor_24/03-01-02-01-02-02-24.wav,03-01-02-01-02-02-24.wav,24,female,02,calm,normal,2,2
data/raw/ravdess/Actor_24/03-01-02-02-01-01-24.wav,03-01-02-02-01-01-24.wav,24,female,02,calm,strong,1,1
data/raw/ravdess/Actor_24/03-01-02-02-01-02-24.wav,03-01-02-02-01-02-24.wav,24,female,02,calm,strong,1,2
data/raw/ravdess/Actor_24/03-01-02-02-02-01-24.wav,03-01-02-02-02-01-24.wav,24,female,02,calm,strong,2,1
data/raw/ravdess/Actor_24/03-01-02-02-02-02-24.wav,03-01-02-02-02-02-24.wav,24,female,02,calm,strong,2,2
data/raw/ravdess/Actor_24/03-01-03-01-01-01-24.wav,03-01-03-01-01-01-24.wav,24,female,03,happy,normal,1,1
data/raw/ravdess/Actor_24/03-01-03-01-01-02-24.wav,03-01-03-01-01-02-24.wav,24,female,03,happy,normal,1,2
data/raw/ravdess/Actor_24/03-01-03-01-02-01-24.wav,03-01-03-01-02-01-24.wav,24,female,03,happy,normal,2,1
data/raw/ravdess/Actor_24/03-01-03-01-02-02-24.wav,03-01-03-01-02-02-24.wav,24,female,03,happy,normal,2,2
data/raw/ravdess/Actor_24/03-01-03-02-01-01-24.wav,03-01-03-02-01-01-24.wav,24,female,03,happy,strong,1,1
data/raw/ravdess/Actor_24/03-01-03-02-01-02-24.wav,03-01-03-02-01-02-24.wav,24,female,03,happy,strong,1,2
data/raw/ravdess/Actor_24/03-01-03-02-02-01-24.wav,03-01-03-02-02-01-24.wav,24,female,03,happy,strong,2,1
data/raw/ravdess/Actor_24/03-01-03-02-02-02-24.wav,03-01-03-02-02-02-24.wav,24,female,03,happy,strong,2,2
data/raw/ravdess/Actor_24/03-01-04-01-01-01-24.wav,03-01-04-01-01-01-24.wav,24,female,04,sad,normal,1,1
data/raw/ravdess/Actor_24/03-01-04-01-01-02-24.wav,03-01-04-01-01-02-24.wav,24,female,04,sad,normal,1,2
data/raw/ravdess/Actor_24/03-01-04-01-02-01-24.wav,03-01-04-01-02-01-24.wav,24,female,04,sad,normal,2,1
data/raw/ravdess/Actor_24/03-01-04-01-02-02-24.wav,03-01-04-01-02-02-24.wav,24,female,04,sad,normal,2,2
data/raw/ravdess/Actor_24/03-01-04-02-01-01-24.wav,03-01-04-02-01-01-24.wav,24,female,04,sad,strong,1,1
data/raw/ravdess/Actor_24/03-01-04-02-01-02-24.wav,03-01-04-02-01-02-24.wav,24,female,04,sad,strong,1,2
data/raw/ravdess/Actor_24/03-01-04-02-02-01-24.wav,03-01-04-02-02-01-24.wav,24,female,04,sad,strong,2,1
data/raw/ravdess/Actor_24/03-01-04-02-02-02-24.wav,03-01-04-02-02-02-24.wav,24,female,04,sad,strong,2,2
data/raw/ravdess/Actor_24/03-01-05-01-01-01-24.wav,03-01-05-01-01-01-24.wav,24,female,05,angry,normal,1,1
data/raw/ravdess/Actor_24/03-01-05-01-01-02-24.wav,03-01-05-01-01-02-24.wav,24,female,05,angry,normal,1,2
data/raw/ravdess/Actor_24/03-01-05-01-02-01-24.wav,03-01-05-01-02-01-24.wav,24,female,05,angry,normal,2,1
data/raw/ravdess/Actor_24/03-01-05-01-02-02-24.wav,03-01-05-01-02-02-24.wav,24,female,05,angry,normal,2,2
data/raw/ravdess/Actor_24/03-01-05-02-01-01-24.wav,03-01-05-02-01-01-24.wav,24,female,05,angry,strong,1,1
data/raw/ravdess/Actor_24/03-01-05-02-01-02-24.wav,03-01-05-02-01-02-24.wav,24,female,05,angry,strong,1,2
data/raw/ravdess/Actor_24/03-01-05-02-02-01-24.wav,03-01-05-02-02-01-24.wav,24,female,05,angry,strong,2,1
data/raw/ravdess/Actor_24/03-01-05-02-02-02-24.wav,03-01-05-02-02-02-24.wav,24,female,05,angry,strong,2,2
data/raw/ravdess/Actor_24/03-01-06-01-01-01-24.wav,03-01-06-01-01-01-24.wav,24,female,06,fearful,normal,1,1
data/raw/ravdess/Actor_24/03-01-06-01-01-02-24.wav,03-01-06-01-01-02-24.wav,24,female,06,fearful,normal,1,2
data/raw/ravdess/Actor_24/03-01-06-01-02-01-24.wav,03-01-06-01-02-01-24.wav,24,female,06,fearful,normal,2,1
data/raw/ravdess/Actor_24/03-01-06-01-02-02-24.wav,03-01-06-01-02-02-24.wav,24,female,06,fearful,normal,2,2
data/raw/ravdess/Actor_24/03-01-06-02-01-01-24.wav,03-01-06-02-01-01-24.wav,24,female,06,fearful,strong,1,1
data/raw/ravdess/Actor_24/03-01-06-02-01-02-24.wav,03-01-06-02-01-02-24.wav,24,female,06,fearful,strong,1,2
data/raw/ravdess/Actor_24/03-01-06-02-02-01-24.wav,03-01-06-02-02-01-24.wav,24,female,06,fearful,strong,2,1
data/raw/ravdess/Actor_24/03-01-06-02-02-02-24.wav,03-01-06-02-02-02-24.wav,24,female,06,fearful,strong,2,2
data/raw/ravdess/Actor_24/03-01-07-01-01-01-24.wav,03-01-07-01-01-01-24.wav,24,female,07,disgust,normal,1,1
data/raw/ravdess/Actor_24/03-01-07-01-01-02-24.wav,03-01-07-01-01-02-24.wav,24,female,07,disgust,normal,1,2
data/raw/ravdess/Actor_24/03-01-07-01-02-01-24.wav,03-01-07-01-02-01-24.wav,24,female,07,disgust,normal,2,1
data/raw/ravdess/Actor_24/03-01-07-01-02-02-24.wav,03-01-07-01-02-02-24.wav,24,female,07,disgust,normal,2,2
data/raw/ravdess/Actor_24/03-01-07-02-01-01-24.wav,03-01-07-02-01-01-24.wav,24,female,07,disgust,strong,1,1
data/raw/ravdess/Actor_24/03-01-07-02-01-02-24.wav,03-01-07-02-01-02-24.wav,24,female,07,disgust,strong,1,2
data/raw/ravdess/Actor_24/03-01-07-02-02-01-24.wav,03-01-07-02-02-01-24.wav,24,female,07,disgust,strong,2,1
data/raw/ravdess/Actor_24/03-01-07-02-02-02-24.wav,03-01-07-02-02-02-24.wav,24,female,07,disgust,strong,2,2
data/raw/ravdess/Actor_24/03-01-08-01-01-01-24.wav,03-01-08-01-01-01-24.wav,24,female,08,surprised,normal,1,1
data/raw/ravdess/Actor_24/03-01-08-01-01-02-24.wav,03-01-08-01-01-02-24.wav,24,female,08,surprised,normal,1,2
data/raw/ravdess/Actor_24/03-01-08-01-02-01-24.wav,03-01-08-01-02-01-24.wav,24,female,08,surprised,normal,2,1
data/raw/ravdess/Actor_24/03-01-08-01-02-02-24.wav,03-01-08-01-02-02-24.wav,24,female,08,surprised,normal,2,2
data/raw/ravdess/Actor_24/03-01-08-02-01-01-24.wav,03-01-08-02-01-01-24.wav,24,female,08,surprised,strong,1,1
data/raw/ravdess/Actor_24/03-01-08-02-01-02-24.wav,03-01-08-02-01-02-24.wav,24,female,08,surprised,strong,1,2
data/raw/ravdess/Actor_24/03-01-08-02-02-01-24.wav,03-01-08-02-02-01-24.wav,24,female,08,surprised,strong,2,1
data/raw/ravdess/Actor_24/03-01-08-02-02-02-24.wav,03-01-08-02-02-02-24.wav,24,female,08,surprised,strong,2,2
